author,flair,brand,frag_name,size,price,fill_percent,status
Calm-Durian-6553,Legacy:0/Buys:1/Sales:22,,Queening,100.0,190.0,,LISTED
Calm-Durian-6553,Legacy:0/Buys:1/Sales:22,,Lionara (engraved),,170.0,,LISTED
Calm-Durian-6553,Legacy:0/Buys:1/Sales:22,Maison Francis Kurkdjian,Amyris Extrait,,240.0,,LISTED
Calm-Durian-6553,Legacy:0/Buys:1/Sales:22,Maison Francis Kurkdjian,A la Rose,,150.0,,LISTED
Calm-Durian-6553,Legacy:0/Buys:1/Sales:22,Maison Francis Kurkdjian,Beach Walk,,65.0,,LISTED
Calm-Durian-6553,Legacy:0/Buys:1/Sales:22,,Nitro Noir,,40.0,50.0,LISTED
Calm-Durian-6553,Legacy:0/Buys:1/Sales:22,,Wulong Cha,50.0,95.0,,LISTED
Calm-Durian-6553,Legacy:0/Buys:1/Sales:22,Creed,Aventus (sought batch),,180.0,,LISTED
Calm-Durian-6553,Legacy:0/Buys:1/Sales:22,Creed,Aventus for Her,,90.0,,LISTED
Calm-Durian-6553,Legacy:0/Buys:1/Sales:22,,Matcha 26,,160.0,,LISTED
Calm-Durian-6553,Legacy:0/Buys:1/Sales:22,,One Umbrella for Two,50.0,180.0,,AVAILABLE
Calm-Durian-6553,Legacy:0/Buys:1/Sales:22,Dior,Sauvage Parfum,,105.0,,AVAILABLE
Calm-Durian-6553,Legacy:0/Buys:1/Sales:22,Dior,Sauvage Parfum,,105.0,,AVAILABLE
Calm-Durian-6553,Legacy:0/Buys:1/Sales:22,,Contralto,,145.0,,AVAILABLE
Calm-Durian-6553,Legacy:0/Buys:1/Sales:22,,Acento,,90.0,,AVAILABLE
Calm-Durian-6553,Legacy:0/Buys:1/Sales:22,Initio,INITO,90.0,,,AVAILABLE
Calm-Durian-6553,Legacy:0/Buys:1/Sales:22,Initio,Oud For Greatness Neo,,145.0,,AVAILABLE
Calm-Durian-6553,Legacy:0/Buys:1/Sales:22,Initio,High Frequency,,135.0,,AVAILABLE
Calm-Durian-6553,Legacy:0/Buys:1/Sales:22,,Narcotic Delight,,160.0,,AVAILABLE
Boring_Elevator3817,Legacy:0/Buys:1/Sales:0,Louis Vuitton,,,400.0,95.0,LISTED
leewulonghike16,Legacy:0/Buys:5/Sales:6,Xerjoff,Alexandria 3,15.0,55.0,93.33333333333333,AVAILABLE
leewulonghike16,Legacy:0/Buys:5/Sales:6,Xerjoff,Monkey Special,50.0,125.0,98.0,AVAILABLE
Baykes408,Legacy:0/Buys:0/Sales:2,Creed,Aventus,100.0,180.0,,SOLD
Baykes408,Legacy:0/Buys:0/Sales:2,Chanel,Bleu de Chanel EDP,150.0,135.0,97.0,SOLD
Baykes408,Legacy:0/Buys:0/Sales:2,Tom Ford,Oud Wood,100.0,160.0,98.0,AVAILABLE
Yessahblessah37,Legacy:0/Buys:1/Sales:27,,Rare vintage juice,,760.0,,AVAILABLE
Hot-Response-6452,Legacy:0/Buys:15/Sales:15,,Unknown,89.0,185.0,95.0,LISTED
Hot-Response-6452,Legacy:0/Buys:15/Sales:15,Creed,Aventus Cologne,50.0,105.0,,LISTED
parfumpapi,nan,,Invictus Aqua,100.0,35.0,50.0,AVAILABLE
parfumpapi,nan,Salvatore Ferragamo,Subtil,100.0,20.0,40.0,AVAILABLE
parfumpapi,nan,,Pasha Noire,100.0,40.0,75.0,AVAILABLE
parfumpapi,nan,Givenchy,Gentleman EDP,100.0,50.0,99.0,AVAILABLE
parfumpapi,nan,Burberry,Weekend,100.0,20.0,60.0,AVAILABLE
parfumpapi,nan,Bvlgari,Man Wood Essence,100.0,35.0,85.0,AVAILABLE
parfumpapi,nan,Chanel,Bleu de Chanel EDP,100.0,55.0,40.0,AVAILABLE
parfumpapi,nan,Armani,Stronger with you,100.0,35.0,90.0,AVAILABLE
parfumpapi,nan,Afnan,9am Dive,100.0,20.0,95.0,AVAILABLE
parfumpapi,nan,Armani,Code Profumo,60.0,80.0,90.0,LISTED
parfumpapi,nan,Tom Ford,Noir Extreme,100.0,100.0,98.0,LISTED
parfumpapi,nan,Tom Ford,Tobacco Vanille w/box,30.0,100.0,90.0,LISTED
parfumpapi,nan,Dior,Sauvage EDT,60.0,35.0,50.0,LISTED
parfumpapi,nan,Zara,Spell caramel,100.0,25.0,97.0,LISTED
parfumpapi,nan,,Raees Noire,100.0,35.0,98.0,LISTED
parfumpapi,nan,Initio,Oud for Greatness,100.0,35.0,98.0,LISTED
parfumpapi,nan,Afnan,Rare Reef,100.0,25.0,98.0,LISTED
parfumpapi,nan,,LV Pacific Chill,100.0,25.0,98.0,LISTED
parfumpapi,nan,,Where sun never sets,34.0,35.0,99.0,LISTED
parfumpapi,nan,Tom Ford,soleil blanc,34.0,35.0,99.0,LISTED
parfumpapi,nan,,Le Prestige Royal,100.0,20.0,98.0,LISTED
parfumpapi,nan,,Hibiscus Mahajad,100.0,20.0,98.0,LISTED
r_u_afraid,Legacy:0/Buys:3/Sales:1,Hermès,Terre d’Hermès EDT,50.0,110.0,96.0,LISTED
r_u_afraid,Legacy:0/Buys:3/Sales:1,Mancera,Cedrat Boise,120.0,110.0,98.0,LISTED
r_u_afraid,Legacy:0/Buys:3/Sales:1,Jean Paul Gaultier,Scandal Homme Le Parfum Intense Refill (EDP),200.0,110.0,83.0,LISTED
asam11,Legacy:0/Buys:8/Sales:50,Amouage,Bracken Man,,,,AVAILABLE
asam11,Legacy:0/Buys:8/Sales:50,Amouage,Imitation Man (Pre 2020),,,,AVAILABLE
asam11,Legacy:0/Buys:8/Sales:50,Xerjoff,Duran Duran Black Moonlight,,,,AVAILABLE
DangerousKing1041,Legacy:0/Buys:1/Sales:6,,SDV,100.0,165.0,,SOLD
DangerousKing1041,Legacy:0/Buys:1/Sales:6,Byredo,Bal D’Afrique Absolu,50.0,255.0,,SOLD
DangerousKing1041,Legacy:0/Buys:1/Sales:6,,Riviera Maya,50.0,185.0,,AVAILABLE
DangerousKing1041,Legacy:0/Buys:1/Sales:6,Yves Saint Laurent,Y EDP,60.0,85.0,,AVAILABLE
DangerousKing1041,Legacy:0/Buys:1/Sales:6,Jean Paul Gaultier,Le Beau EDT,125.0,85.0,,AVAILABLE
hburt1313,Legacy:0/Buys:0/Sales:11,Byredo,Alto Astral,50.0,150.0,100.0,LISTED
kiwington,nan,,Widian London,50.0,212.5,75.0,AVAILABLE
kiwington,nan,,Widian Sahara,50.0,212.5,75.0,AVAILABLE
kiwington,nan,Louis Vuitton,California Dream,200.0,375.0,75.0,AVAILABLE
photographer2001,Legacy:0/Buys:9/Sales:19,,,,150.0,,LISTED
r_u_afraid,Legacy:0/Buys:3/Sales:1,Afnan,Afnan Supremacy Collector’s Edition,100.0,75.0,96.0,LISTED
r_u_afraid,Legacy:0/Buys:3/Sales:1,,Zimaya Reverie Aqua,100.0,75.0,99.0,LISTED
r_u_afraid,Legacy:0/Buys:3/Sales:1,,Maison Alhambra Ebene,90.0,75.0,98.0,LISTED
r_u_afraid,Legacy:0/Buys:3/Sales:1,,Maison Alhambra Opulence Leather,100.0,75.0,97.0,LISTED
r_u_afraid,Legacy:0/Buys:3/Sales:1,,Blue Seduction,,75.0,99.0,LISTED
Kanyeburner,Legacy:0/Buys:0/Sales:9,Yves Saint Laurent,Myslf L’Absolu,60.0,150.0,100.0,AVAILABLE
tutman00,Legacy:5/Buys:1/Sales:41,,Ambre Chromatique,50.0,160.0,,AVAILABLE
tutman00,Legacy:5/Buys:1/Sales:41,Jean Paul Gaultier,Scandal Absolu,100.0,70.0,,SOLD
Mineiac,Legacy:0/Buys:11/Sales:62,Dolce & Gabbana,Light Blue Italian Love,100.0,45.0,,SOLD
Mineiac,Legacy:0/Buys:11/Sales:62,Dolce & Gabbana,Light Blue Eau Intense,100.0,45.0,,SOLD
Mineiac,Legacy:0/Buys:11/Sales:62,Yves Saint Laurent,Eau de Parfum Intense,100.0,75.0,,AVAILABLE
Mineiac,Legacy:0/Buys:11/Sales:62,Bvlgari,Pour Homme,100.0,70.0,,AVAILABLE
Mineiac,Legacy:0/Buys:11/Sales:62,Gucci,Guilty Black Pour Homme,50.0,60.0,,AVAILABLE
Mineiac,Legacy:0/Buys:11/Sales:62,,Le Sel D'issey,100.0,40.0,,AVAILABLE
Mineiac,Legacy:0/Buys:11/Sales:62,Ralph Lauren,Polo 67,75.0,30.0,,SOLD
Mineiac,Legacy:0/Buys:11/Sales:62,Ralph Lauren,Polo 67,125.0,95.0,,SOLD
Mineiac,Legacy:0/Buys:11/Sales:62,Bvlgari,Aqva Pour Homme,100.0,85.0,,SOLD
Mineiac,Legacy:0/Buys:11/Sales:62,,Pour Homme,125.0,30.0,,SOLD
Mineiac,Legacy:0/Buys:11/Sales:62,,Issey Miyake Pour Homme Intense EDT,125.0,20.0,,SOLD
Mineiac,Legacy:0/Buys:11/Sales:62,Chanel,Allure Homme Sport Superleggera,100.0,150.0,,SOLD
Mineiac,Legacy:0/Buys:11/Sales:62,Yves Saint Laurent,Y Le Parfum Yves (2021),100.0,110.0,,LISTED
buttflap69420,Legacy:0/Buys:8/Sales:8,Parfums de Marly,Herod,125.0,120.0,,SOLD
buttflap69420,Legacy:0/Buys:8/Sales:8,Chanel,BDC Parfum,100.0,50.0,,SOLD
buttflap69420,Legacy:0/Buys:8/Sales:8,,Guess Iconic EDP 2025,100.0,45.0,,SOLD
buttflap69420,Legacy:0/Buys:8/Sales:8,Yves Saint Laurent,Y EDP (2019 batch),100.0,95.0,,AVAILABLE
buttflap69420,Legacy:0/Buys:8/Sales:8,Giorgio Armani,Acqua di Gio,100.0,30.0,,AVAILABLE
buttflap69420,Legacy:0/Buys:8/Sales:8,,Ahmed Maghribi Kaaf,100.0,30.0,,AVAILABLE
buttflap69420,Legacy:0/Buys:8/Sales:8,,Vince Camuto Homme,100.0,20.0,,AVAILABLE
buttflap69420,Legacy:0/Buys:8/Sales:8,Givenchy,Pi,50.0,20.0,,AVAILABLE
Big_Estate9575,Legacy:0/Buys:17/Sales:51,Creed,Viking,100.0,215.0,85.0,LISTED
Budder_Pad,Legacy:0/Buys:16/Sales:31,,Matsukita no pres,50.0,150.0,80.0,AVAILABLE
muffinman3666,Legacy:0/Buys:7/Sales:1,Acqua di Parma,Fico Di Amalfi,177.44,100.0,99.0,AVAILABLE
muffinman3666,Legacy:0/Buys:7/Sales:1,,Green Envy (Greenly),30.0,30.0,99.0,AVAILABLE
muffinman3666,Legacy:0/Buys:7/Sales:1,,Visionary (Imagination),30.0,30.0,99.0,AVAILABLE
muffinman3666,Legacy:0/Buys:7/Sales:1,Al Haramain Perfumes,Aqua Dubai,73.93,20.0,95.0,SOLD
muffinman3666,Legacy:0/Buys:7/Sales:1,Giorgio Armani,Code Parfum,73.93,40.0,99.0,SOLD
muffinman3666,Legacy:0/Buys:7/Sales:1,,Albert Einstein Quantum,97.59,25.0,99.0,SOLD
muffinman3666,Legacy:0/Buys:7/Sales:1,Afnan,Supremacy Not Only Intense,99.96,20.0,99.0,SOLD
muffinman3666,Legacy:0/Buys:7/Sales:1,Armaf,Club De Nuit Intense Man Limited Edition,105.0,40.0,99.0,SOLD
muffinman3666,Legacy:0/Buys:7/Sales:1,Hugo Boss,Boss Bottled No. 6 Tester,100.55,25.0,95.0,AVAILABLE
muffinman3666,Legacy:0/Buys:7/Sales:1,Coach,For Men EDP,100.5,60.0,99.0,AVAILABLE
muffinman3666,Legacy:0/Buys:7/Sales:1,Dior,Homme Sport 2017 (decant),100.5,100.0,99.0,SOLD
muffinman3666,Legacy:0/Buys:7/Sales:1,Dior,Sauvage EDP,59.1,40.0,60.0,SOLD
muffinman3666,Legacy:0/Buys:7/Sales:1,Dolce & Gabbana,The One EDT Tester,97.5,25.0,99.0,AVAILABLE
muffinman3666,Legacy:0/Buys:7/Sales:1,,Dumont Celerio Oros,100.5,30.0,99.0,AVAILABLE
muffinman3666,Legacy:0/Buys:7/Sales:1,,French Avenue Spectre Wraith,79.8,15.0,99.0,AVAILABLE
muffinman3666,Legacy:0/Buys:7/Sales:1,,Issey Miyake L'eau D'issey Pour Homme,124.2,25.0,95.0,SOLD
muffinman3666,Legacy:0/Buys:7/Sales:1,Lattafa,Emeer,100.5,15.0,99.0,AVAILABLE
muffinman3666,Legacy:0/Buys:7/Sales:1,Lattafa,His Confession,100.5,30.0,99.0,AVAILABLE
muffinman3666,Legacy:0/Buys:7/Sales:1,Loewe,Esencia EDT,100.5,40.0,99.0,SOLD
muffinman3666,Legacy:0/Buys:7/Sales:1,,Hiccup Body Spray,198.0,40.0,99.0,AVAILABLE
muffinman3666,Legacy:0/Buys:7/Sales:1,,Glacier Bold,100.0,15.0,90.0,AVAILABLE
muffinman3666,Legacy:0/Buys:7/Sales:1,,Jazz Club,100.0,50.0,95.0,SOLD
muffinman3666,Legacy:0/Buys:7/Sales:1,,Afternoon Dive,50.0,30.0,95.0,SOLD
muffinman3666,Legacy:0/Buys:7/Sales:1,,Alcantra Supreme,50.0,40.0,99.0,SOLD
muffinman3666,Legacy:0/Buys:7/Sales:1,,Buko Intense,50.0,30.0,95.0,SOLD
muffinman3666,Legacy:0/Buys:7/Sales:1,,Eau Vanille,50.0,30.0,99.0,SOLD
muffinman3666,Legacy:0/Buys:7/Sales:1,,Harmony,50.0,30.0,95.0,SOLD
muffinman3666,Legacy:0/Buys:7/Sales:1,,Pineapple Musk,50.0,35.0,95.0,SOLD
muffinman3666,Legacy:0/Buys:7/Sales:1,,Explorer (Tester),60.0,20.0,90.0,SOLD
muffinman3666,Legacy:0/Buys:7/Sales:1,,11ml pressurized bottles (bundle only),11.0,50.0,,AVAILABLE
muffinman3666,Legacy:0/Buys:7/Sales:1,,Khair Pistachio,100.55,15.0,99.0,AVAILABLE
muffinman3666,Legacy:0/Buys:7/Sales:1,,Rifaaqat,82.81,20.0,99.0,SOLD
muffinman3666,Legacy:0/Buys:7/Sales:1,,Aries EDP (Aventus clone),30.0,20.0,99.0,AVAILABLE
katanahibana,Legacy:0/Buys:8/Sales:1,,Pur Oud,100.0,975.0,97.0,LISTED
Acrobatic_Force7954,Legacy:0/Buys:1/Sales:4,Dior,Eau Sauvage Parfum 2017,100.0,100.0,,AVAILABLE
Acrobatic_Force7954,Legacy:0/Buys:1/Sales:4,Dior,Sauvage Parfum,100.0,95.0,99.0,AVAILABLE
Acrobatic_Force7954,Legacy:0/Buys:1/Sales:4,,Acqua Neroli,100.0,35.0,,AVAILABLE
Acrobatic_Force7954,Legacy:0/Buys:1/Sales:4,Dolce & Gabbana,Light Blue Forever,,70.0,,AVAILABLE
Acrobatic_Force7954,Legacy:0/Buys:1/Sales:4,,Carved Oud,100.0,135.0,,AVAILABLE
Acrobatic_Force7954,Legacy:0/Buys:1/Sales:4,Hugo Boss,Boss Bottled (travel sample kit),,30.0,,AVAILABLE
Acrobatic_Force7954,Legacy:0/Buys:1/Sales:4,Hugo Boss,Boss Infinite (travel sample kit),,30.0,,AVAILABLE
Acrobatic_Force7954,Legacy:0/Buys:1/Sales:4,Hugo Boss,Boss Tonic (travel sample kit),,30.0,,AVAILABLE
joimaiveer,Legacy:0/Buys:4/Sales:7,Valentino,Coral Fantasy,100.0,75.0,92.5,SOLD
Impossible_Smile6527,Legacy:0/Buys:7/Sales:20,Creed,Aventus Absolu,100.0,300.0,,LISTED
MasterHeavyD,Legacy:0/Buys:2/Sales:1,Al Haramain Perfumes,Amber Oud Aqua Dubai,75.0,50.0,93.0,AVAILABLE
MasterHeavyD,Legacy:0/Buys:2/Sales:1,Dolce & Gabbana,Light Blue,125.0,65.0,96.0,AVAILABLE
MasterHeavyD,Legacy:0/Buys:2/Sales:1,,Himeros,50.0,180.0,100.0,AVAILABLE
MasterHeavyD,Legacy:0/Buys:2/Sales:1,,Infinity,50.0,180.0,100.0,AVAILABLE
MasterHeavyD,Legacy:0/Buys:2/Sales:1,,Insurrection Collector - Dominant,100.0,75.0,,AVAILABLE
MasterHeavyD,Legacy:0/Buys:2/Sales:1,,Patek Maison Rouge,90.0,115.0,94.0,AVAILABLE
MasterHeavyD,Legacy:0/Buys:2/Sales:1,,Shuhrah Pour Homme,90.0,35.0,94.0,AVAILABLE
MasterHeavyD,Legacy:0/Buys:2/Sales:1,Tom Ford,Oud Minerale,50.0,65.0,,AVAILABLE
MasterHeavyD,Legacy:0/Buys:2/Sales:1,Yves Saint Laurent,Myself EDP,40.0,55.0,63.0,AVAILABLE
Yessahblessah37,Legacy:0/Buys:1/Sales:27,Le Labo,Another 13,250.0,580.0,,AVAILABLE
Yessahblessah37,Legacy:0/Buys:1/Sales:27,,Prodigy,120.0,330.0,,AVAILABLE
krithik_s,nan,Xerjoff,Erba Gold,50.0,,95.0,LISTED
krithik_s,nan,,Ocean EDP,100.0,,95.0,LISTED
krithik_s,nan,Azzaro,Wanted by Night,100.0,,97.0,LISTED
krithik_s,nan,Parfums de Marly,Sedley,,,,
krithik_s,nan,,AMG Reflection,,,,
krithik_s,nan,Creed,40 knots,,,,
krithik_s,nan,,Moonlight in Heaven,,,,
krithik_s,nan,,MG Blockade,,,,
krithik_s,nan,,Queening,,,,
krithik_s,nan,,Opera Mate,,,,
krithik_s,nan,,Blue Talisman,,,,
krithik_s,nan,,Imagination,,,,
aaprules,Legacy:6/Buys:6/Sales:130,Le Labo,Santal 33,50.0,130.0,98.0,SOLD
aaprules,Legacy:6/Buys:6/Sales:130,Le Labo,The Matcha 26,50.0,120.0,90.0,AVAILABLE
aaprules,Legacy:6/Buys:6/Sales:130,Kilian,Love by Kilian Special Blend 2023,50.0,170.0,98.0,SOLD
aaprules,Legacy:6/Buys:6/Sales:130,Kilian,Apple Brandy,50.0,140.0,97.0,AVAILABLE
aaprules,Legacy:6/Buys:6/Sales:130,Giorgio Armani,Armani Blanc Kogane,98.0,130.0,100.0,AVAILABLE
aaprules,Legacy:6/Buys:6/Sales:130,Giorgio Armani,Pivoine Suzhou,101.0,105.0,96.0,SOLD
aaprules,Legacy:6/Buys:6/Sales:130,Maison Francis Kurkdjian,Baccarat Rouge 540 Extrait,71.0,240.0,99.0,AVAILABLE
aaprules,Legacy:6/Buys:6/Sales:130,Maison Francis Kurkdjian,Baccarat Rouge 540 Extrait,71.0,180.0,80.0,AVAILABLE
aaprules,Legacy:6/Buys:6/Sales:130,Maison Francis Kurkdjian,Baccarat Rouge 540 Extrait,71.0,230.0,98.0,AVAILABLE
aaprules,Legacy:6/Buys:6/Sales:130,Maison Francis Kurkdjian,Baccarat Rouge 540 Extrait,,240.0,,AVAILABLE
aaprules,Legacy:6/Buys:6/Sales:130,Maison Francis Kurkdjian,Baccarat Rouge 540 Extrait,71.0,120.0,50.0,AVAILABLE
aaprules,Legacy:6/Buys:6/Sales:130,Maison Francis Kurkdjian,Baccarat Rouge 540 Extrait,71.0,105.0,45.0,AVAILABLE
aaprules,Legacy:6/Buys:6/Sales:130,Maison Francis Kurkdjian,Baccarat Rouge 540 Extrait,71.0,140.0,65.0,SOLD
aaprules,Legacy:6/Buys:6/Sales:130,Maison Francis Kurkdjian,Baccarat Rouge 540 Extrait,71.0,120.0,50.0,SOLD
aaprules,Legacy:6/Buys:6/Sales:130,Maison Francis Kurkdjian,Grand Soir,71.0,145.0,99.0,SOLD
aaprules,Legacy:6/Buys:6/Sales:130,Maison Francis Kurkdjian,Oud silk mood extrait de parfum,71.0,175.0,99.0,LISTED
aaprules,Legacy:6/Buys:6/Sales:130,Maison Francis Kurkdjian,Gentle fluidity gold,71.0,140.0,96.0,LISTED
aaprules,Legacy:6/Buys:6/Sales:130,Maison Francis Kurkdjian,Gentle fluidity gold,,130.0,88.0,LISTED
aaprules,Legacy:6/Buys:6/Sales:130,Maison Francis Kurkdjian,Br540 edp,71.0,170.0,98.0,LISTED
aaprules,Legacy:6/Buys:6/Sales:130,Maison Francis Kurkdjian,Br540 edp,198.0,390.0,97.0,LISTED
aaprules,Legacy:6/Buys:6/Sales:130,Maison Francis Kurkdjian,Aqua universalis cologne forte,198.0,260.0,98.0,LISTED
aaprules,Legacy:6/Buys:6/Sales:130,Maison Francis Kurkdjian,Gentle fluidity gold,198.0,280.0,96.5,LISTED
aaprules,Legacy:6/Buys:6/Sales:130,,Oud,198.0,305.0,90.0,LISTED
aaprules,Legacy:6/Buys:6/Sales:130,Maison Francis Kurkdjian,Aqua celestia cologne forte,71.0,140.0,98.0,LISTED
aaprules,Legacy:6/Buys:6/Sales:130,Tom Ford,Lost Cherry,50.0,130.0,96.0,AVAILABLE
aaprules,Legacy:6/Buys:6/Sales:130,Tom Ford,Cherry Smoke,30.0,110.0,99.0,SOLD
aaprules,Legacy:6/Buys:6/Sales:130,Tom Ford,Vanilla Sex,50.0,125.0,96.0,AVAILABLE
aaprules,Legacy:6/Buys:6/Sales:130,Tom Ford,Fucking Fabulous,50.0,135.0,97.0,AVAILABLE
aaprules,Legacy:6/Buys:6/Sales:130,Tom Ford,Oud Wood,50.0,130.0,99.0,AVAILABLE
aaprules,Legacy:6/Buys:6/Sales:130,Tom Ford,Noir de Noir,50.0,130.0,98.0,SOLD
aaprules,Legacy:6/Buys:6/Sales:130,Tom Ford,Black Orchid Parfum,50.0,80.0,100.0,AVAILABLE
aaprules,Legacy:6/Buys:6/Sales:130,Tom Ford,Cafe Rose,50.0,80.0,,AVAILABLE
aaprules,Legacy:6/Buys:6/Sales:130,Creed,Carmina,74.0,160.0,92.0,SOLD
aaprules,Legacy:6/Buys:6/Sales:130,,Wind flowers,75.0,135.0,94.0,AVAILABLE
aaprules,Legacy:6/Buys:6/Sales:130,Creed,Aqua fiorentina,75.0,150.0,98.0,AVAILABLE
aaprules,Legacy:6/Buys:6/Sales:130,,Royale princess oud,75.0,120.0,95.0,AVAILABLE
aaprules,Legacy:6/Buys:6/Sales:130,,Eladaria,75.0,175.0,96.0,AVAILABLE
aaprules,Legacy:6/Buys:6/Sales:130,,Queen of silk,75.0,155.0,99.0,AVAILABLE
aaprules,Legacy:6/Buys:6/Sales:130,Creed,Green Irish tweed,100.0,145.0,88.0,SOLD
aaprules,Legacy:6/Buys:6/Sales:130,Creed,Aventus,100.0,170.0,,SOLD
aaprules,Legacy:6/Buys:6/Sales:130,Creed,Aventus cologne,50.0,135.0,95.0,SOLD
aaprules,Legacy:6/Buys:6/Sales:130,Penhaligon's,A balm of calm,100.0,170.0,95.0,AVAILABLE
aaprules,Legacy:6/Buys:6/Sales:130,Penhaligon's,A kiss of bliss,100.0,185.0,95.0,AVAILABLE
aaprules,Legacy:6/Buys:6/Sales:130,,Dancing on the moon,,85.0,87.0,AVAILABLE
aaprules,Legacy:6/Buys:6/Sales:130,Armani,Rose d'arabie,97.0,190.0,99.0,AVAILABLE
aaprules,Legacy:6/Buys:6/Sales:130,Lancôme,Oud bouquet,101.0,135.0,96.0,AVAILABLE
LigmaNutzNChill,MODERATOR,,,,100.0,,SOLD
worldrallyx,Legacy:0/Buys:3/Sales:2,Maison Francis Kurkdjian,Baccarat Rouge 540 (BR540 dupe/clone),,,,AVAILABLE
worldrallyx,Legacy:0/Buys:3/Sales:2,,Amber Oud Ruby,60.0,27.0,75.0,AVAILABLE
worldrallyx,Legacy:0/Buys:3/Sales:2,Elizabeth Arden,Untold,105.0,30.0,98.0,AVAILABLE
worldrallyx,Legacy:0/Buys:3/Sales:2,,"Aquarius (Aventus dupe, came with no label)",,25.0,50.0,AVAILABLE
worldrallyx,Legacy:0/Buys:3/Sales:2,,Carter,,25.0,95.0,AVAILABLE
ElCrimsonChin,Legacy:0/Buys:3/Sales:29,,,,280.0,98.5,AVAILABLE
DocHoliday_21,Legacy:0/Buys:5/Sales:0,Xerjoff,Tony Iommy Monkey Special,100.0,180.0,,LISTED
DocHoliday_21,Legacy:0/Buys:5/Sales:0,Valentino,Green Stravaganza,100.0,80.0,,LISTED
DocHoliday_21,Legacy:0/Buys:5/Sales:0,Valentino,Uomo Noir Absolu,100.0,250.0,100.0,LISTED
DocHoliday_21,Legacy:0/Buys:5/Sales:0,Bvlgari,Man Extreme,100.0,145.0,,LISTED
DocHoliday_21,Legacy:0/Buys:5/Sales:0,Armani,Code Absolu,60.0,85.0,,LISTED
DocHoliday_21,Legacy:0/Buys:5/Sales:0,Initio,Rehab,90.0,165.0,,LISTED
DocHoliday_21,Legacy:0/Buys:5/Sales:0,Jimmy Choo,Man,100.0,28.0,100.0,LISTED
DocHoliday_21,Legacy:0/Buys:5/Sales:0,,XX Artisan,100.0,28.0,100.0,LISTED
GangstaSalad,Legacy:9/Buys:3/Sales:11,Armani,Code,75.0,,,LISTED
GangstaSalad,Legacy:9/Buys:3/Sales:11,Prada,Luna Rossa EDP,100.0,,,LISTED
leosslammin,Legacy:0/Buys:2/Sales:0,,The Naxos Apocethary,,110.0,,AVAILABLE
leosslammin,Legacy:0/Buys:2/Sales:0,,Rubini,,150.0,,AVAILABLE
leosslammin,Legacy:0/Buys:2/Sales:0,,Punk And Dandy,,,,LISTED
NoActuator7480,Legacy:0/Buys:3/Sales:16,,,,120.0,,SOLD
NoActuator7480,Legacy:0/Buys:3/Sales:16,,,,165.0,,AVAILABLE
NoActuator7480,Legacy:0/Buys:3/Sales:16,Creed,Aventus,,,,SOLD
NoActuator7480,Legacy:0/Buys:3/Sales:16,,,,170.0,,AVAILABLE
meridius85,Legacy:0/Buys:18/Sales:46,,,100.0,130.0,95.0,LISTED
musicandarts,Legacy:0/Buys:3/Sales:15,Parfums de Marly,Eden-Roc,7.5,20.0,100.0,LISTED
NoActuator7480,Legacy:0/Buys:3/Sales:16,,Loumari Porthole,100.0,319.0,,SOLD
hburt1313,Legacy:0/Buys:0/Sales:11,,,50.0,120.0,,AVAILABLE
lookitsnicolas,nan,Nishane,Hacivat,100.0,130.0,99.0,SOLD
lookitsnicolas,nan,Byredo,Gypsy Water,100.0,125.0,99.0,SOLD
lookitsnicolas,nan,Byredo,Mojave Ghost,100.0,140.0,99.0,SOLD
Master-Professor4554,Legacy:0/Buys:61/Sales:303,Amouage,Interlude 53,100.0,215.0,,AVAILABLE
Master-Professor4554,Legacy:0/Buys:61/Sales:303,Amouage,Jubilation 40,100.0,279.0,,AVAILABLE
Master-Professor4554,Legacy:0/Buys:61/Sales:303,Amouage,Reflection,100.0,186.0,,AVAILABLE
Master-Professor4554,Legacy:0/Buys:61/Sales:303,Amouage,Beach Hut,100.0,239.0,,AVAILABLE
Master-Professor4554,Legacy:0/Buys:61/Sales:303,Amouage,Purpose,100.0,170.0,,AVAILABLE
Master-Professor4554,Legacy:0/Buys:61/Sales:303,Amouage,Royal Tobacco (Tester w/ Cap),100.0,199.0,,AVAILABLE
Master-Professor4554,Legacy:0/Buys:61/Sales:303,Amouage,Woods Symphony,100.0,165.0,,AVAILABLE
Master-Professor4554,Legacy:0/Buys:61/Sales:303,Giorgio Armani,Armani Code EDT,100.0,63.0,,AVAILABLE
Master-Professor4554,Legacy:0/Buys:61/Sales:303,Giorgio Armani,Stronger With You Intensely,100.0,85.0,100.0,AVAILABLE
Master-Professor4554,Legacy:0/Buys:61/Sales:303,Giorgio Armani,Stronger With You Absolutely,100.0,90.0,100.0,AVAILABLE
Master-Professor4554,Legacy:0/Buys:61/Sales:303,,Love Triumphs Over War,100.0,175.0,100.0,AVAILABLE
Master-Professor4554,Legacy:0/Buys:61/Sales:303,,Triumph of Bacchus,100.0,199.0,100.0,AVAILABLE
Master-Professor4554,Legacy:0/Buys:61/Sales:303,,Pallas of Athene,100.0,180.0,100.0,AVAILABLE
Master-Professor4554,Legacy:0/Buys:61/Sales:303,,Hard Candy,50.0,220.0,100.0,AVAILABLE
Master-Professor4554,Legacy:0/Buys:61/Sales:303,,Hard Candy 2025,100.0,400.0,100.0,AVAILABLE
Master-Professor4554,Legacy:0/Buys:61/Sales:303,,Hard Candy Elixir 2025,100.0,480.0,100.0,AVAILABLE
Master-Professor4554,Legacy:0/Buys:61/Sales:303,,Amazonia,50.0,200.0,100.0,AVAILABLE
Master-Professor4554,Legacy:0/Buys:61/Sales:303,Azzaro,Aurora,50.0,185.0,100.0,AVAILABLE
Master-Professor4554,Legacy:0/Buys:61/Sales:303,Azzaro,Blue Fever 2025,100.0,325.0,100.0,AVAILABLE
Master-Professor4554,Legacy:0/Buys:61/Sales:303,Azzaro,Notorious,50.0,205.0,100.0,AVAILABLE
Master-Professor4554,Legacy:0/Buys:61/Sales:303,Azzaro,Bois Eternal,50.0,195.0,100.0,AVAILABLE
Master-Professor4554,Legacy:0/Buys:61/Sales:303,Azzaro,Onyx,50.0,205.0,100.0,AVAILABLE
Master-Professor4554,Legacy:0/Buys:61/Sales:303,Azzaro,Onyx air,50.0,205.0,100.0,AVAILABLE
Master-Professor4554,Legacy:0/Buys:61/Sales:303,Azzaro,Slut,50.0,205.0,100.0,AVAILABLE
Master-Professor4554,Legacy:0/Buys:61/Sales:303,Azzaro,Slut Elixir 2025,100.0,350.0,100.0,AVAILABLE
Master-Professor4554,Legacy:0/Buys:61/Sales:303,Azzaro,Supernova,50.0,210.0,100.0,AVAILABLE
Master-Professor4554,Legacy:0/Buys:61/Sales:303,Ariana Grande,The Most Wanted Intense EDP,100.0,62.0,,LISTED
Master-Professor4554,Legacy:0/Buys:61/Sales:303,Ariana Grande,The Most Wanted Parfum,100.0,70.0,,LISTED
Master-Professor4554,Legacy:0/Buys:61/Sales:303,Ariana Grande,Forever Wanted Elixir,100.0,105.0,,LISTED
Master-Professor4554,Legacy:0/Buys:61/Sales:303,Bond No 9,Dubai Gold Tester w Cap,100.0,190.0,,LISTED
Master-Professor4554,Legacy:0/Buys:61/Sales:303,Bond No 9,Lafayette Street,100.0,219.0,,LISTED
Master-Professor4554,Legacy:0/Buys:61/Sales:303,Bond No 9,Lafayette Street Tester wo Cap,100.0,189.0,,LISTED
Master-Professor4554,Legacy:0/Buys:61/Sales:303,Bond No 9,New York Nights,100.0,219.0,,LISTED
Master-Professor4554,Legacy:0/Buys:61/Sales:303,Bond No 9,Scent of Peace Natural Tester wo Cap,100.0,158.0,,LISTED
Master-Professor4554,Legacy:0/Buys:61/Sales:303,Bond No 9,Ardent,100.0,159.0,,LISTED
Master-Professor4554,Legacy:0/Buys:61/Sales:303,,Blue Sapphire,100.0,449.0,100.0,AVAILABLE
Master-Professor4554,Legacy:0/Buys:61/Sales:303,,Nemer,100.0,279.0,100.0,AVAILABLE
Master-Professor4554,Legacy:0/Buys:61/Sales:303,Bvlgari,Man in Black Parfum,100.0,86.0,100.0,AVAILABLE
Master-Professor4554,Legacy:0/Buys:61/Sales:303,Carolina Herrera,212 VIP Black,200.0,79.0,100.0,AVAILABLE
Master-Professor4554,Legacy:0/Buys:61/Sales:303,Creed,Absolu Aventus,75.0,285.0,100.0,AVAILABLE
Master-Professor4554,Legacy:0/Buys:61/Sales:303,Creed,Himalaya,100.0,155.0,100.0,AVAILABLE
Master-Professor4554,Legacy:0/Buys:61/Sales:303,Creed,Millisime Imperial,100.0,155.0,100.0,AVAILABLE
Master-Professor4554,Legacy:0/Buys:61/Sales:303,Creed,Original Vetiver,100.0,179.0,100.0,AVAILABLE
Master-Professor4554,Legacy:0/Buys:61/Sales:303,Creed,Original Vetiver,100.0,155.0,100.0,AVAILABLE
Master-Professor4554,Legacy:0/Buys:61/Sales:303,Creed,Virgin Island Water,100.0,209.0,100.0,AVAILABLE
Master-Professor4554,Legacy:0/Buys:61/Sales:303,Dolce & Gabbana,The One Mysterious Night,100.0,225.0,100.0,AVAILABLE
Master-Professor4554,Legacy:0/Buys:61/Sales:303,,The Mint,50.0,75.0,100.0,AVAILABLE
Master-Professor4554,Legacy:0/Buys:61/Sales:303,,The Rose,50.0,80.0,100.0,AVAILABLE
Master-Professor4554,Legacy:0/Buys:61/Sales:303,,The Incense,50.0,85.0,100.0,AVAILABLE
Master-Professor4554,Legacy:0/Buys:61/Sales:303,,Office for Men,100.0,60.0,100.0,AVAILABLE
Master-Professor4554,Legacy:0/Buys:61/Sales:303,,Date for Men,100.0,60.0,100.0,AVAILABLE
Master-Professor4554,Legacy:0/Buys:61/Sales:303,,Club for Men,100.0,75.0,100.0,AVAILABLE
Master-Professor4554,Legacy:0/Buys:61/Sales:303,,Black Tie for Men,100.0,80.0,,AVAILABLE
Master-Professor4554,Legacy:0/Buys:61/Sales:303,,Most Masculine,100.0,120.0,,AVAILABLE
Master-Professor4554,Legacy:0/Buys:61/Sales:303,,Day for Women,10.0,25.0,,AVAILABLE
Master-Professor4554,Legacy:0/Buys:61/Sales:303,Frederic Malle,Portrait of a Lady,100.0,219.0,,AVAILABLE
Master-Professor4554,Legacy:0/Buys:61/Sales:303,Frederic Malle,Portrait of a Lady (No Box),100.0,194.0,,AVAILABLE
Master-Professor4554,Legacy:0/Buys:61/Sales:303,Frederic Malle,Rose & Cuir,100.0,160.0,,AVAILABLE
Master-Professor4554,Legacy:0/Buys:61/Sales:303,Frederic Malle,Carnal Flower,100.0,200.0,,AVAILABLE
Master-Professor4554,Legacy:0/Buys:61/Sales:303,Frederic Malle,Vulcan Feu,100.0,45.0,,AVAILABLE
Master-Professor4554,Legacy:0/Buys:61/Sales:303,Givenchy,Gentleman,,,,LISTED
Master-Professor4554,Legacy:0/Buys:61/Sales:303,,Ambree,100.0,97.0,100.0,AVAILABLE
Master-Professor4554,Legacy:0/Buys:61/Sales:303,,Boisee,100.0,75.0,100.0,AVAILABLE
Master-Professor4554,Legacy:0/Buys:61/Sales:303,,Reserve Privee,100.0,84.0,100.0,AVAILABLE
Master-Professor4554,Legacy:0/Buys:61/Sales:303,Hugo Boss,Boss Bottled Absolu,50.0,64.0,100.0,AVAILABLE
Master-Professor4554,Legacy:0/Buys:61/Sales:303,Hugo Boss,Boss Bottled Bold Citrus,100.0,70.0,100.0,AVAILABLE
Master-Professor4554,Legacy:0/Buys:61/Sales:303,Initio,Absolute Aphrodisiac,90.0,195.0,100.0,AVAILABLE
Master-Professor4554,Legacy:0/Buys:61/Sales:303,Initio,Atomic Rose,90.0,189.0,100.0,AVAILABLE
Master-Professor4554,Legacy:0/Buys:61/Sales:303,Initio,Hi Frequency,90.0,139.0,100.0,AVAILABLE
Master-Professor4554,Legacy:0/Buys:61/Sales:303,Initio,Hi Frequency,90.0,134.0,100.0,AVAILABLE
Master-Professor4554,Legacy:0/Buys:61/Sales:303,Initio,Hi Frequency,90.0,130.0,100.0,AVAILABLE
Master-Professor4554,Legacy:0/Buys:61/Sales:303,Initio,Musk Therapy,90.0,205.0,100.0,AVAILABLE
Master-Professor4554,Legacy:0/Buys:61/Sales:303,Initio,Oud for Greatness,90.0,165.0,100.0,AVAILABLE
Master-Professor4554,Legacy:0/Buys:61/Sales:303,Initio,Oud for Greatness Neo,90.0,165.0,100.0,AVAILABLE
Master-Professor4554,Legacy:0/Buys:61/Sales:303,Initio,Psychedelic Love,90.0,165.0,100.0,AVAILABLE
Master-Professor4554,Legacy:0/Buys:61/Sales:303,Initio,Psychedelic Love,90.0,150.0,100.0,AVAILABLE
Master-Professor4554,Legacy:0/Buys:61/Sales:303,Initio,Paragon,90.0,194.0,100.0,AVAILABLE
Master-Professor4554,Legacy:0/Buys:61/Sales:303,Initio,Powershelf,90.0,205.0,100.0,AVAILABLE
Master-Professor4554,Legacy:0/Buys:61/Sales:303,Initio,Rehab,90.0,189.0,100.0,AVAILABLE
Master-Professor4554,Legacy:0/Buys:61/Sales:303,Kilian,Side Effect,90.0,205.0,100.0,AVAILABLE
Master-Professor4554,Legacy:0/Buys:61/Sales:303,Jean Paul Gaultier,Scandal Le Parfum,200.0,79.0,100.0,AVAILABLE
Master-Professor4554,Legacy:0/Buys:61/Sales:303,Jean Paul Gaultier,Scandal Le Parfum,100.0,79.0,100.0,AVAILABLE
Master-Professor4554,Legacy:0/Buys:61/Sales:303,Jean Paul Gaultier,Le Male Elixir,125.0,89.0,100.0,AVAILABLE
Master-Professor4554,Legacy:0/Buys:61/Sales:303,Jean Paul Gaultier,Le Male Le Parfum,125.0,89.0,100.0,AVAILABLE
Master-Professor4554,Legacy:0/Buys:61/Sales:303,Jean Paul Gaultier,Le Beau Paradise Garden,125.0,89.0,100.0,AVAILABLE
Master-Professor4554,Legacy:0/Buys:61/Sales:303,Jean Paul Gaultier,Le Beau Le Parfum,125.0,89.0,100.0,AVAILABLE
Master-Professor4554,Legacy:0/Buys:61/Sales:303,Jean Paul Gaultier,Le Male Le Parfum,200.0,105.0,100.0,AVAILABLE
Master-Professor4554,Legacy:0/Buys:61/Sales:303,Maison Francis Kurkdjian,Angel's Share,250.0,510.0,100.0,AVAILABLE
Master-Professor4554,Legacy:0/Buys:61/Sales:303,Maison Francis Kurkdjian,Angel's Share,100.0,265.0,100.0,AVAILABLE
Master-Professor4554,Legacy:0/Buys:61/Sales:303,Maison Francis Kurkdjian,Angel's Share,50.0,169.0,100.0,AVAILABLE
Master-Professor4554,Legacy:0/Buys:61/Sales:303,,Old Fashioned,50.0,180.0,100.0,AVAILABLE
Master-Professor4554,Legacy:0/Buys:61/Sales:303,,Irish Leather,75.0,110.0,100.0,AVAILABLE
Master-Professor4554,Legacy:0/Buys:61/Sales:303,,Blockade,100.0,229.0,100.0,AVAILABLE
Master-Professor4554,Legacy:0/Buys:61/Sales:303,,Blockade,100.0,219.0,100.0,AVAILABLE
Master-Professor4554,Legacy:0/Buys:61/Sales:303,,French Defense,100.0,219.0,100.0,AVAILABLE
Master-Professor4554,Legacy:0/Buys:61/Sales:303,,Opera Mate,100.0,235.0,100.0,AVAILABLE
Master-Professor4554,Legacy:0/Buys:61/Sales:303,,Lionora,100.0,219.0,100.0,AVAILABLE
Master-Professor4554,Legacy:0/Buys:61/Sales:303,,Kingside,100.0,325.0,100.0,AVAILABLE
Master-Professor4554,Legacy:0/Buys:61/Sales:303,,Mentor,100.0,325.0,100.0,AVAILABLE
Master-Professor4554,Legacy:0/Buys:61/Sales:303,,Queening,100.0,209.0,100.0,AVAILABLE
Master-Professor4554,Legacy:0/Buys:61/Sales:303,,Queening,100.0,219.0,100.0,AVAILABLE
Master-Professor4554,Legacy:0/Buys:61/Sales:303,Montale,Arabians Tonka,100.0,95.0,100.0,AVAILABLE
Master-Professor4554,Legacy:0/Buys:61/Sales:303,Nishane,Hacivat,100.0,159.0,100.0,AVAILABLE
Master-Professor4554,Legacy:0/Buys:61/Sales:303,Nishane,Wulong Cha,100.0,154.0,100.0,AVAILABLE
Master-Professor4554,Legacy:0/Buys:61/Sales:303,,1 Million Parfum,100.0,65.0,100.0,AVAILABLE
Master-Professor4554,Legacy:0/Buys:61/Sales:303,,1 Million Elixir,100.0,75.0,,AVAILABLE
Master-Professor4554,Legacy:0/Buys:61/Sales:303,,Invictus EDT,200.0,67.0,,AVAILABLE
Master-Professor4554,Legacy:0/Buys:61/Sales:303,,Invictus Parfum,100.0,76.0,,AVAILABLE
Master-Professor4554,Legacy:0/Buys:61/Sales:303,,Invictus Victory Extreme,100.0,65.0,,AVAILABLE
Master-Professor4554,Legacy:0/Buys:61/Sales:303,,Invictus Victory Extreme,200.0,85.0,,AVAILABLE
Master-Professor4554,Legacy:0/Buys:61/Sales:303,,Invictus Platinum,100.0,90.0,,AVAILABLE
Master-Professor4554,Legacy:0/Buys:61/Sales:303,,Phantom Intense,200.0,87.0,,AVAILABLE
Master-Professor4554,Legacy:0/Buys:61/Sales:303,Parfums de Marly,Carlisle,125.0,205.0,,AVAILABLE
Master-Professor4554,Legacy:0/Buys:61/Sales:303,Parfums de Marly,Castley,125.0,215.0,,AVAILABLE
Master-Professor4554,Legacy:0/Buys:61/Sales:303,Parfums de Marly,Delina,75.0,176.0,100.0,AVAILABLE
Master-Professor4554,Legacy:0/Buys:61/Sales:303,Parfums de Marly,Godolphin,125.0,140.0,100.0,AVAILABLE
Master-Professor4554,Legacy:0/Buys:61/Sales:303,Parfums de Marly,Godolphin,125.0,125.0,100.0,AVAILABLE
Master-Professor4554,Legacy:0/Buys:61/Sales:303,Xerjoff,Greenley,125.0,193.0,100.0,AVAILABLE
Master-Professor4554,Legacy:0/Buys:61/Sales:303,Xerjoff,Haltane,125.0,193.0,100.0,AVAILABLE
Master-Professor4554,Legacy:0/Buys:61/Sales:303,Parfums de Marly,Herod,125.0,175.0,100.0,AVAILABLE
Master-Professor4554,Legacy:0/Buys:61/Sales:303,Parfums de Marly,Layton,125.0,190.0,100.0,AVAILABLE
Master-Professor4554,Legacy:0/Buys:61/Sales:303,Parfums de Marly,Oajan,125.0,190.0,100.0,AVAILABLE
Master-Professor4554,Legacy:0/Buys:61/Sales:303,Parfums de Marly,Percival,125.0,185.0,100.0,AVAILABLE
Master-Professor4554,Legacy:0/Buys:61/Sales:303,Parfums de Marly,Percival,200.0,240.0,100.0,AVAILABLE
Master-Professor4554,Legacy:0/Buys:61/Sales:303,Parfums de Marly,Percival,125.0,170.0,,AVAILABLE
Master-Professor4554,Legacy:0/Buys:61/Sales:303,Parfums de Marly,Pegasus,125.0,155.0,,AVAILABLE
Master-Professor4554,Legacy:0/Buys:61/Sales:303,Parfums de Marly,Pegasus,125.0,150.0,,AVAILABLE
Master-Professor4554,Legacy:0/Buys:61/Sales:303,Parfums de Marly,Pegasus,200.0,189.0,,AVAILABLE
Master-Professor4554,Legacy:0/Buys:61/Sales:303,Parfums de Marly,Pegasus Exclusif,125.0,159.0,,AVAILABLE
Master-Professor4554,Legacy:0/Buys:61/Sales:303,Parfums de Marly,Sedley,125.0,190.0,,AVAILABLE
Master-Professor4554,Legacy:0/Buys:61/Sales:303,Parfums de Marly,Valaya,75.0,180.0,,AVAILABLE
Master-Professor4554,Legacy:0/Buys:61/Sales:303,Parfums de Marly,Valaya Exclusif,75.0,230.0,,AVAILABLE
Master-Professor4554,Legacy:0/Buys:61/Sales:303,Parfums de Marly,Valaya Exclusif,75.0,205.0,,AVAILABLE
Master-Professor4554,Legacy:0/Buys:61/Sales:303,Parfums de Marly,Perseus,125.0,175.0,,AVAILABLE
Master-Professor4554,Legacy:0/Buys:61/Sales:303,Penhaligon's,Halfeti,100.0,185.0,,AVAILABLE
Master-Professor4554,Legacy:0/Buys:61/Sales:303,Penhaligon's,Halfeti Cedar,100.0,190.0,,AVAILABLE
Master-Professor4554,Legacy:0/Buys:61/Sales:303,Prada,Amber Pour Homme,100.0,69.0,,AVAILABLE
Master-Professor4554,Legacy:0/Buys:61/Sales:303,Prada,L'Homme Intense EDP,100.0,84.0,,AVAILABLE
Master-Professor4554,Legacy:0/Buys:61/Sales:303,Prada,L'Homme Intense EDP,100.0,84.0,,AVAILABLE
Master-Professor4554,Legacy:0/Buys:61/Sales:303,Prada,Luna Rossa Black,100.0,80.0,,AVAILABLE
Master-Professor4554,Legacy:0/Buys:61/Sales:303,Prada,Luna Rossa Carbon,100.0,76.0,,AVAILABLE
Master-Professor4554,Legacy:0/Buys:61/Sales:303,Prada,Luna Rossa Sport,100.0,76.0,,AVAILABLE
Master-Professor4554,Legacy:0/Buys:61/Sales:303,Prada,Luna Rossa Sport,100.0,69.0,100.0,AVAILABLE
Master-Professor4554,Legacy:0/Buys:61/Sales:303,Prada,Luna Rossa Ocean Le Parfum,100.0,94.0,100.0,AVAILABLE
Master-Professor4554,Legacy:0/Buys:61/Sales:303,Xerjoff,God of Fire,50.0,185.0,100.0,AVAILABLE
Master-Professor4554,Legacy:0/Buys:61/Sales:303,Xerjoff,Mango Kiss,50.0,185.0,100.0,AVAILABLE
Master-Professor4554,Legacy:0/Buys:61/Sales:303,Tom Ford,Noir,100.0,110.0,100.0,AVAILABLE
Master-Professor4554,Legacy:0/Buys:61/Sales:303,Tom Ford,Myrrhe Mystere,100.0,340.0,100.0,AVAILABLE
Master-Professor4554,Legacy:0/Buys:61/Sales:303,Valentino,Born in Roma Extradose,100.0,125.0,100.0,AVAILABLE
Master-Professor4554,Legacy:0/Buys:61/Sales:303,Viktor & Rolf,Spicebomb Extreme,90.0,70.0,100.0,AVAILABLE
Master-Professor4554,Legacy:0/Buys:61/Sales:303,Xerjoff,Naxos,100.0,175.0,100.0,AVAILABLE
Master-Professor4554,Legacy:0/Buys:61/Sales:303,Xerjoff,Erba Pura,100.0,144.0,100.0,AVAILABLE
Master-Professor4554,Legacy:0/Buys:61/Sales:303,Xerjoff,Silverlake,100.0,31.0,100.0,AVAILABLE
Master-Professor4554,Legacy:0/Buys:61/Sales:303,Xerjoff,Turathi Blue,90.0,27.0,100.0,AVAILABLE
Master-Professor4554,Legacy:0/Buys:61/Sales:303,Xerjoff,Turathi Electric,90.0,36.0,100.0,AVAILABLE
Master-Professor4554,Legacy:0/Buys:61/Sales:303,Xerjoff,9PM Rebel,100.0,32.0,100.0,AVAILABLE
Master-Professor4554,Legacy:0/Buys:61/Sales:303,Xerjoff,Turathi Purple(W),90.0,27.0,100.0,AVAILABLE
Master-Professor4554,Legacy:0/Buys:61/Sales:303,Xerjoff,Turathi Electric,90.0,34.0,100.0,AVAILABLE
Master-Professor4554,Legacy:0/Buys:61/Sales:303,Xerjoff,Club De Nuit Precieux Extrait,55.0,50.0,100.0,AVAILABLE
Master-Professor4554,Legacy:0/Buys:61/Sales:303,Armaf,Club De Nuit Intense Limited Edition,105.0,59.0,100.0,AVAILABLE
Master-Professor4554,Legacy:0/Buys:61/Sales:303,Davidoff,Coolwater Intense,125.0,35.0,100.0,AVAILABLE
Master-Professor4554,Legacy:0/Buys:61/Sales:303,,Azzure Aoud,100.0,35.0,100.0,AVAILABLE
Master-Professor4554,Legacy:0/Buys:61/Sales:303,,Habik,100.0,35.0,100.0,AVAILABLE
Master-Professor4554,Legacy:0/Buys:61/Sales:303,,Power Up Fresh EDT Spray,100.0,25.0,100.0,AVAILABLE
Master-Professor4554,Legacy:0/Buys:61/Sales:303,,Desire EDT,30.0,10.0,100.0,AVAILABLE
Master-Professor4554,Legacy:0/Buys:61/Sales:303,,MYSLF EDP Travel Spray,10.0,19.0,100.0,AVAILABLE
hburt1313,Legacy:0/Buys:0/Sales:11,,,30.0,85.0,99.0,AVAILABLE
Nakg16,Legacy:0/Buys:69/Sales:327,Bond No 9,The Scent Of Peace,100.0,135.0,,AVAILABLE
Nakg16,Legacy:0/Buys:69/Sales:327,,Kajal Faris,100.0,69.0,,AVAILABLE
Nakg16,Legacy:0/Buys:69/Sales:327,Louis Vuitton,Meteore (Decant),30.0,95.0,,AVAILABLE
Nakg16,Legacy:0/Buys:69/Sales:327,,Roja Burlington 1819 See Level,100.0,139.0,,SOLD
Nakg16,Legacy:0/Buys:69/Sales:327,Aaron Terence Hughes,Haze,50.0,189.0,,AVAILABLE
Nakg16,Legacy:0/Buys:69/Sales:327,Aaron Terence Hughes,Notorious,50.0,189.0,90.0,AVAILABLE
Nakg16,Legacy:0/Buys:69/Sales:327,Armani,Code EDP 2024,50.0,49.0,,AVAILABLE
Nakg16,Legacy:0/Buys:69/Sales:327,,Orange X Santal,100.0,69.0,,SOLD
Nakg16,Legacy:0/Buys:69/Sales:327,,Divine Vanille,100.0,69.0,,SOLD
Nakg16,Legacy:0/Buys:69/Sales:327,,Mansa Pernoire,50.0,169.0,,AVAILABLE
Nakg16,Legacy:0/Buys:69/Sales:327,,Date For Men,100.0,55.0,,AVAILABLE
Nakg16,Legacy:0/Buys:69/Sales:327,Lattafa,Art of Arabia III,,25.0,,AVAILABLE
Nakg16,Legacy:0/Buys:69/Sales:327,,Amphitrite’s Elixir (Aventus For Her),,35.0,,AVAILABLE
Nakg16,Legacy:0/Buys:69/Sales:327,,Cap Dantibes,30.0,65.0,,AVAILABLE
koreanfashionguy,Legacy:0/Buys:10/Sales:13,,Khadlaj Island Dreams,100.0,,98.0,LISTED
koreanfashionguy,Legacy:0/Buys:10/Sales:13,,Francique 63.55,100.0,,99.0,LISTED
koreanfashionguy,Legacy:0/Buys:10/Sales:13,,Mercedes Benz Cologne,120.0,,90.0,LISTED
koreanfashionguy,Legacy:0/Buys:10/Sales:13,,Rasasi Hawas Rare Blue Batch,100.0,,96.0,LISTED
lazarohorniblow8602l,nan,,,,400.0,,LISTED
theoriginalted,nan,,,,70.0,,AVAILABLE
BigGiddy,Legacy:0/Buys:25/Sales:41,,Versace Dylan Blue,100.0,60.0,98.0,SOLD
BigGiddy,Legacy:0/Buys:25/Sales:41,Gucci,Gucci Guilty EDP (tester),100.0,75.0,,SOLD
meridius85,Legacy:0/Buys:18/Sales:46,,,100.0,45.0,,LISTED
meridius85,Legacy:0/Buys:18/Sales:46,,,100.0,45.0,,LISTED
rackex,Legacy:0/Buys:7/Sales:3,Tom Ford,Noir EDP,100.0,99.0,95.0,LISTED
Outside_Cress7563,Legacy:0/Buys:9/Sales:85,Louis Vuitton,Imagination,200.0,110.0,5.0,AVAILABLE
Outside_Cress7563,Legacy:0/Buys:9/Sales:85,Louis Vuitton,On The Beach,100.0,290.0,,AVAILABLE
Outside_Cress7563,Legacy:0/Buys:9/Sales:85,Creed,Original Vetiver,75.0,170.0,,AVAILABLE
Outside_Cress7563,Legacy:0/Buys:9/Sales:85,Jean Paul Gaultier,Fleur Du Male,75.0,170.0,,AVAILABLE
Outside_Cress7563,Legacy:0/Buys:9/Sales:85,,God of Fire,50.0,,60.0,AVAILABLE
Outside_Cress7563,Legacy:0/Buys:9/Sales:85,Guerlain,Frenchy Lavande,100.0,170.0,,LISTED
Outside_Cress7563,Legacy:0/Buys:9/Sales:85,,Meteore,200.0,470.0,,LISTED
Outside_Cress7563,Legacy:0/Buys:9/Sales:85,,Neptunes Trident,100.0,470.0,,LISTED
Outside_Cress7563,Legacy:0/Buys:9/Sales:85,,L’Enfant Terrible,100.0,470.0,,LISTED
Outside_Cress7563,Legacy:0/Buys:9/Sales:85,Serge Lutens,Herbes Troublantes/SDV,200.0,470.0,,LISTED
Outside_Cress7563,Legacy:0/Buys:9/Sales:85,,Plum Japonais,50.0,470.0,,LISTED
Outside_Cress7563,Legacy:0/Buys:9/Sales:85,Byredo,Mojave Ghost Absolu,100.0,470.0,,LISTED
Outside_Cress7563,Legacy:0/Buys:9/Sales:85,Xerjoff,Isola Verde,50.0,470.0,,LISTED
Outside_Cress7563,Legacy:0/Buys:9/Sales:85,Maison Francis Kurkdjian,Gentle Fluidity Silver,200.0,,,AVAILABLE
Outside_Cress7563,Legacy:0/Buys:9/Sales:85,,The Matcha 26,100.0,,,AVAILABLE
Outside_Cress7563,Legacy:0/Buys:9/Sales:85,Parfums de Marly,Sedley,125.0,,,AVAILABLE
spongzlol,MODERATOR,Mancera,Unknown,120.0,75.0,100.0,AVAILABLE
Ok_Conversation_30,nan,,,45.0,69.99,,LISTED
VictorSanchez_,Legacy:0/Buys:1/Sales:26,Jean Paul Gaultier,Paradise Garden,125.0,55.0,,AVAILABLE
sumuhmuhbitch,MODERATOR,Le Labo,Tabac 28,100.0,310.0,,AVAILABLE
sumuhmuhbitch,MODERATOR,Carolina Herrera,Vetiver Paradise,100.0,75.0,,AVAILABLE
sumuhmuhbitch,MODERATOR,Gucci,Guilty Intense,50.0,65.0,,AVAILABLE
sumuhmuhbitch,MODERATOR,,Montagne Cacti Garden Bundle,50.0,40.0,,SOLD
sumuhmuhbitch,MODERATOR,Afnan,Tribute Blue,100.0,20.0,,SOLD
Ok_Conversation_30,nan,,,60.0,17.49,,AVAILABLE
fortnitegod694201,Legacy:0/Buys:1/Sales:2,,,,185.0,,AVAILABLE
Ricart_o,Legacy:24/Buys:60/Sales:32,Lattafa,Khamrah Qahwa,100.0,,95.0,AVAILABLE
Ricart_o,Legacy:24/Buys:60/Sales:32,,Select Night,100.0,,,AVAILABLE
Ricart_o,Legacy:24/Buys:60/Sales:32,Dunhill,Icon,100.0,,50.0,AVAILABLE
Ricart_o,Legacy:24/Buys:60/Sales:32,Nishane,Wulong Cha (pressurized decant),10.0,,100.0,AVAILABLE
Lonely-Application97,Legacy:0/Buys:1/Sales:6,,Black Tie 511,,65.0,,AVAILABLE
Lonely-Application97,Legacy:0/Buys:1/Sales:6,,Ktoret Blue 140,,65.0,,AVAILABLE
Lonely-Application97,Legacy:0/Buys:1/Sales:6,,Spice 139,,65.0,,AVAILABLE
Lonely-Application97,Legacy:0/Buys:1/Sales:6,,San Lucas 831,,65.0,,AVAILABLE
Lonely-Application97,Legacy:0/Buys:1/Sales:6,,Invictus Platinum,100.0,65.0,,AVAILABLE
Lonely-Application97,Legacy:0/Buys:1/Sales:6,,La Rose de Roses,,75.0,,AVAILABLE
marskee00,Legacy:145/Buys:42/Sales:145,,Catch and release,100.0,65.0,90.0,LISTED
WaveHacker,Legacy:0/Buys:12/Sales:46,Prada,Prada L'homme (Puig),151.0,75.0,,SOLD
WaveHacker,Legacy:0/Buys:12/Sales:46,Hermès,Terre D'Hermes Pure Parfum,,50.0,,SOLD
WaveHacker,Legacy:0/Buys:12/Sales:46,Nishane,Hacivat Mini,7.0,30.0,47.0,SOLD
WaveHacker,Legacy:0/Buys:12/Sales:46,Parfums de Marly,Sedley (Decant),10.0,30.0,,SOLD
sufon,Legacy:0/Buys:1/Sales:0,,,,160.0,,LISTED
3ClassiC,Legacy:0/Buys:1/Sales:4,Givenchy,Foudroyant,100.0,240.0,98.0,LISTED
counterstrikenewbie,Legacy:0/Buys:10/Sales:22,Creed,Virgin Island Water (Plastic cap),100.0,120.0,55.0,AVAILABLE
counterstrikenewbie,Legacy:0/Buys:10/Sales:22,Maison Francis Kurkdjian,Ambre Nuit,250.0,380.0,100.0,SOLD
counterstrikenewbie,Legacy:0/Buys:10/Sales:22,,Rouge Trafalgar,250.0,350.0,100.0,AVAILABLE
counterstrikenewbie,Legacy:0/Buys:10/Sales:22,Louis Vuitton,Sun Song OG (Tester),100.0,260.0,90.0,AVAILABLE
counterstrikenewbie,Legacy:0/Buys:10/Sales:22,Parfums de Marly,Herod,125.0,165.0,99.0,AVAILABLE
counterstrikenewbie,Legacy:0/Buys:10/Sales:22,Christian Dior,Oud Ispahan Esprit,7.5,20.0,,AVAILABLE
counterstrikenewbie,Legacy:0/Buys:10/Sales:22,Christian Dior,Gris Dior,7.5,20.0,,AVAILABLE
counterstrikenewbie,Legacy:0/Buys:10/Sales:22,,Soleil de Jeddah,50.0,140.0,96.0,AVAILABLE
counterstrikenewbie,Legacy:0/Buys:10/Sales:22,,Queenside (Mind Games),100.0,300.0,99.0,AVAILABLE
counterstrikenewbie,Legacy:0/Buys:10/Sales:22,Christian Dior,Oud Ispahan Esprit,80.0,295.0,99.0,SOLD
counterstrikenewbie,Legacy:0/Buys:10/Sales:22,,Lucky Esprit,80.0,295.0,98.75,AVAILABLE
counterstrikenewbie,Legacy:0/Buys:10/Sales:22,Dior,Gris Dior Esprit,80.0,250.0,68.75,AVAILABLE
counterstrikenewbie,Legacy:0/Buys:10/Sales:22,,New Look 1947,250.0,230.0,,AVAILABLE
counterstrikenewbie,Legacy:0/Buys:10/Sales:22,,Belle De Jour,250.0,380.0,,AVAILABLE
counterstrikenewbie,Legacy:0/Buys:10/Sales:22,,Dioramour,250.0,90.0,,AVAILABLE
counterstrikenewbie,Legacy:0/Buys:10/Sales:22,Maison Francis Kurkdjian,724,70.0,150.0,95.71,AVAILABLE
counterstrikenewbie,Legacy:0/Buys:10/Sales:22,Maison Francis Kurkdjian,Petit Matin,70.0,140.0,92.86,AVAILABLE
counterstrikenewbie,Legacy:0/Buys:10/Sales:22,Maison Francis Kurkdjian,Oud Satin Mood EDP,70.0,160.0,94.29,SOLD
counterstrikenewbie,Legacy:0/Buys:10/Sales:22,Maison Francis Kurkdjian,A la Rose,70.0,40.0,21.43,AVAILABLE
counterstrikenewbie,Legacy:0/Buys:10/Sales:22,Tom Ford,Soleil Blanc EDP,50.0,100.0,98.0,SOLD
counterstrikenewbie,Legacy:0/Buys:10/Sales:22,,Rose gypsy,250.0,190.0,,AVAILABLE
counterstrikenewbie,Legacy:0/Buys:10/Sales:22,,Granville,250.0,350.0,,AVAILABLE
counterstrikenewbie,Legacy:0/Buys:10/Sales:22,Louis Vuitton,Matiere Noire,,185.0,90.0,SOLD
counterstrikenewbie,Legacy:0/Buys:10/Sales:22,Bond No 9,Bond No 9,,,,LISTED
counterstrikenewbie,Legacy:0/Buys:10/Sales:22,Creed,Creed (w/ caps),,,,LISTED
counterstrikenewbie,Legacy:0/Buys:10/Sales:22,Guerlain,Guerlain,200.0,,,LISTED
counterstrikenewbie,Legacy:0/Buys:10/Sales:22,Parfums de Marly,Greenly,125.0,,,LISTED
counterstrikenewbie,Legacy:0/Buys:10/Sales:22,Parfums de Marly,Sedley,125.0,,,LISTED
counterstrikenewbie,Legacy:0/Buys:10/Sales:22,Parfums de Marly,Castley,125.0,,,LISTED
counterstrikenewbie,Legacy:0/Buys:10/Sales:22,Louis Vuitton,Cactus Garden,,,,LISTED
counterstrikenewbie,Legacy:0/Buys:10/Sales:22,,Afternoon swim (OG),200.0,,,LISTED
counterstrikenewbie,Legacy:0/Buys:10/Sales:22,,Mind games,,,,LISTED
PhoneSteveGaveToTony,nan,Amouage,Interlude Man,2.0,,80.0,LISTED
PhoneSteveGaveToTony,nan,Amouage,Journey Man,2.0,,80.0,LISTED
PhoneSteveGaveToTony,nan,Amouage,Memoir Man,2.0,,50.0,LISTED
PhoneSteveGaveToTony,nan,Creed,Spice & Wood,2.0,,20.0,SOLD
PhoneSteveGaveToTony,nan,Creed,Viking Cologne,2.0,,50.0,LISTED
PhoneSteveGaveToTony,nan,Creed,Royal Oud,2.0,,40.0,LISTED
PhoneSteveGaveToTony,nan,Creed,Green Irish Tweed,,,30.0,AVAILABLE
PhoneSteveGaveToTony,nan,,By The Fireplace,,,60.0,AVAILABLE
PhoneSteveGaveToTony,nan,,Iris Malikhan,,,60.0,AVAILABLE
PhoneSteveGaveToTony,nan,Mancera,Red Tobacco,,,80.0,AVAILABLE
PhoneSteveGaveToTony,nan,,Molecule 01,,,80.0,AVAILABLE
PhoneSteveGaveToTony,nan,Nishane,Hacivat,,,90.0,AVAILABLE
PhoneSteveGaveToTony,nan,Viktor & Rolf,Spicebomb Infrared,,,50.0,AVAILABLE
PhoneSteveGaveToTony,nan,Viktor & Rolf,Spicebomb Extreme,,,50.0,AVAILABLE
PhoneSteveGaveToTony,nan,Tom Ford,Ombré Leather Parfum,,,20.0,AVAILABLE
PhoneSteveGaveToTony,nan,Versace,Pour Homme,,,50.0,AVAILABLE
PhoneSteveGaveToTony,nan,Yves Saint Laurent,YSL Y EDP,,,80.0,AVAILABLE
PhoneSteveGaveToTony,nan,,1Million,,,80.0,AVAILABLE
PhoneSteveGaveToTony,nan,Burberry,Burberry Hero EDT,1.5,,80.0,SOLD
PhoneSteveGaveToTony,nan,Burberry,Burberry Hero EDP,1.5,,60.0,AVAILABLE
PhoneSteveGaveToTony,nan,Burberry,Burberry Hero Parfum,1.5,,70.0,AVAILABLE
PhoneSteveGaveToTony,nan,Dolce & Gabbana,Dolce & Gabana Pour Homme EDT,100.0,,40.0,AVAILABLE
PhoneSteveGaveToTony,nan,,Michael Jordan Legend Cologne,100.0,,40.0,AVAILABLE
akimonka,nan,,"Fleur d’Oranger (2007 edition, gift box, #0324)",100.0,550.0,90.0,LISTED
akimonka,nan,,Fleur d’Oranger (2011 edition),50.0,250.0,90.0,LISTED
akimonka,nan,,Eau de Jatamansi (reissue),50.0,150.0,,LISTED
akimonka,nan,,Tableau de Parfums Dark Passage (small spray),7.0,150.0,95.0,LISTED
Mother-Raccoon-1209,Legacy:0/Buys:6/Sales:38,Maison Francis Kurkdjian,Ombre Nomade,100.0,330.0,99.0,LISTED
Mother-Raccoon-1209,Legacy:0/Buys:6/Sales:38,,Afternoon Swim,100.0,315.0,99.0,SOLD
Mother-Raccoon-1209,Legacy:0/Buys:6/Sales:38,,Belle De Nuit,10.0,50.0,100.0,LISTED
firewire_69,Legacy:19/Buys:3/Sales:33,,L’Immensite,200.0,475.0,,AVAILABLE
firewire_69,Legacy:19/Buys:3/Sales:33,Guerlain,Habit Rouge Dress Code (2017),100.0,200.0,,AVAILABLE
firewire_69,Legacy:19/Buys:3/Sales:33,Guerlain,Habit Rouge Dress Code (2018),100.0,200.0,,AVAILABLE
firewire_69,Legacy:19/Buys:3/Sales:33,Creed,Leather Atomizer (unknown fragrance),50.0,140.0,,AVAILABLE
firewire_69,Legacy:19/Buys:3/Sales:33,Serge Lutens,Arabie,50.0,140.0,,SOLD
firewire_69,Legacy:19/Buys:3/Sales:33,Serge Lutens,Feminite du bois (tester),50.0,60.0,,AVAILABLE
firewire_69,Legacy:19/Buys:3/Sales:33,Frederic Malle,French Lover,100.0,130.0,,AVAILABLE
firewire_69,Legacy:19/Buys:3/Sales:33,Frederic Malle,"Musc Rav (10ml, from Vibrant & Warm Travel Set)",10.0,,,AVAILABLE
firewire_69,Legacy:19/Buys:3/Sales:33,Frederic Malle,"Vetiver Extrodinare (10ml, from Vibrant & Warm Travel Set)",10.0,,,AVAILABLE
firewire_69,Legacy:19/Buys:3/Sales:33,Frederic Malle,"Uncut Gem (10ml, from Vibrant & Warm Travel Set)",10.0,,,AVAILABLE
firewire_69,Legacy:19/Buys:3/Sales:33,Prada,Infusion De Vetiver (tester),100.0,70.0,,AVAILABLE
firewire_69,Legacy:19/Buys:3/Sales:33,Christian Dior,Miss Dior EDT (2B01 batch),50.0,60.0,,SOLD
firewire_69,Legacy:19/Buys:3/Sales:33,Guerlain,Samsara EDP,7.5,30.0,,AVAILABLE
Big_Estate9575,Legacy:0/Buys:17/Sales:51,Tom Ford,Noir de Noir,100.0,205.0,,LISTED
hburt1313,Legacy:0/Buys:0/Sales:11,,,50.0,65.0,90.0,LISTED
hburt1313,Legacy:0/Buys:0/Sales:11,,Contradictions in ILK discovery set (8 x 2 mL),16.0,45.0,,AVAILABLE
robertchojnacki,nan,Jo Malone,Myrrh and Tonka,50.0,100.0,,AVAILABLE
robertchojnacki,nan,,Isola Verde,10.0,50.0,,AVAILABLE
robertchojnacki,nan,Nishane,Hacivat,15.0,40.0,,SOLD
theoriginalted,nan,,,,140.0,,LISTED
PuddingLess7996,nan,Prada,Luna Rossa Black,50.0,59.0,80.0,LISTED
fierrofinito,nan,Armaf,Club De Nuit Intense Man EDP,200.0,40.0,99.0,LISTED
fierrofinito,nan,Valentino,Born In Roma Yellow Dream EDP (Womens),50.0,75.0,99.0,LISTED
OnesieTwosies,Legacy:0/Buys:8/Sales:19,Creed,Absolu Aventus,75.0,275.0,95.0,LISTED
OnesieTwosies,Legacy:0/Buys:8/Sales:19,Christian Dior,Eau Sauvage EDT,100.0,90.0,,LISTED
OnesieTwosies,Legacy:0/Buys:8/Sales:19,Christian Dior,Eau Sauvage Extreme,100.0,225.0,99.0,LISTED
OnesieTwosies,Legacy:0/Buys:8/Sales:19,Christian Dior,Eau Sauvage Parfum,100.0,195.0,,SOLD
OnesieTwosies,Legacy:0/Buys:8/Sales:19,,Marc-Antoine Barrois Ganymede EDP,30.0,105.0,100.0,SOLD
NoActuator7480,Legacy:0/Buys:3/Sales:16,,,,120.0,,LISTED
bossymandias,Legacy:0/Buys:16/Sales:19,,Oceanic Symphony,100.0,95.0,99.0,AVAILABLE
bossymandias,Legacy:0/Buys:16/Sales:19,,Bleu de Elixir,50.0,70.0,48.0,AVAILABLE
bossymandias,Legacy:0/Buys:16/Sales:19,Hugo Boss,Boss Bottled Absolu,200.0,150.0,199.0,SOLD
bossymandias,Legacy:0/Buys:16/Sales:19,,Ocean Noir,100.0,65.0,99.0,SOLD
bossymandias,Legacy:0/Buys:16/Sales:19,,Signature Tabac,60.0,40.0,22.0,SOLD
xaesthetic,nan,Ariana Grande,Cloud 2.0 Intense,100.0,35.0,95.0,SOLD
xaesthetic,nan,Ariana Grande,REM,100.0,30.0,80.0,SOLD
xaesthetic,nan,,Nieuw Amsterdam edp,100.0,35.0,95.0,AVAILABLE
xaesthetic,nan,,Debaser,50.0,20.0,20.0,SOLD
xaesthetic,nan,,Nirvana White,,30.0,98.0,SOLD
xaesthetic,nan,Le Labo,Another 13,50.0,130.0,75.0,SOLD
xaesthetic,nan,,Sun Gorilla Perfume,100.0,85.0,95.0,SOLD
xaesthetic,nan,,Annabel’s Birthday Cake,,120.0,85.0,SOLD
xaesthetic,nan,,Figue,75.0,45.0,90.0,SOLD
xaesthetic,nan,,Ombré Indigo,100.0,70.0,85.0,AVAILABLE
xaesthetic,nan,,Arizona EDP,50.0,15.0,85.0,AVAILABLE
xaesthetic,nan,,Arizona EDP,50.0,20.0,100.0,AVAILABLE
xaesthetic,nan,,Arizona Intense EDP,50.0,20.0,100.0,AVAILABLE
xaesthetic,nan,,Ummo no.3,50.0,200.0,90.0,AVAILABLE
xaesthetic,nan,,Clementine California,10.0,10.0,80.0,AVAILABLE
xaesthetic,nan,,Cèdre Atlas,10.0,10.0,80.0,AVAILABLE
xaesthetic,nan,BDK Parfums,Gris Charnel,10.0,20.0,80.0,AVAILABLE
xaesthetic,nan,Dolce & Gabbana,Devotion,10.0,10.0,60.0,AVAILABLE
xaesthetic,nan,,Vanilla 28,10.0,10.0,60.0,AVAILABLE
xaesthetic,nan,,Chai Epice EDP,30.0,20.0,100.0,SOLD
xaesthetic,nan,,Chai Epice EDP,30.0,15.0,75.0,SOLD
xaesthetic,nan,,Exhale,10.0,3.0,25.0,SOLD
xaesthetic,nan,,Prince of Darkness (solid),8.9,5.0,,SOLD
xaesthetic,nan,,Orange Blossom,,15.0,80.0,SOLD
xaesthetic,nan,,Fleur Musc,10.0,20.0,75.0,AVAILABLE
xaesthetic,nan,,For Her,10.0,20.0,75.0,AVAILABLE
xaesthetic,nan,,Mousse de chene,12.0,,,AVAILABLE
xaesthetic,nan,,Jasmin,12.0,,,AVAILABLE
xaesthetic,nan,,Patchouli,12.0,,,AVAILABLE
xaesthetic,nan,Tom Ford,Noir de Noir,10.0,25.0,70.0,AVAILABLE
xaesthetic,nan,Valentino,Voce Viva,15.0,,75.0,AVAILABLE
xaesthetic,nan,Yves Saint Laurent,Libre,7.5,,85.0,AVAILABLE
xaesthetic,nan,Yves Saint Laurent,Libre,7.5,,85.0,AVAILABLE
xaesthetic,nan,Zara,Vibrant Leather Platinum EDP,20.0,10.0,80.0,AVAILABLE
xaesthetic,nan,,Bee,10.0,25.0,80.0,SOLD
xaesthetic,nan,,Persian Garden,3.7,,80.0,AVAILABLE
xaesthetic,nan,,Egyptian Goddesss,9.8,,95.0,AVAILABLE
xaesthetic,nan,Al-Rehab,Choco Musk,,,60.0,AVAILABLE
InternalPast5260,Legacy:0/Buys:4/Sales:0,Giorgio Armani,Acqua di Gio Profondo Parfum,100.0,85.0,95.0,AVAILABLE
DGFrags,Legacy:0/Buys:2/Sales:9,Creed,Aventus Absolu (old batch),75.0,240.0,95.0,SOLD
Grand-Waltz-3018,Legacy:37/Buys:8/Sales:27,,Kirké Overdose,100.0,190.0,99.0,SOLD
mdiiorgi95,Legacy:0/Buys:0/Sales:7,BDK Parfums,Gris Charnel Extrait,100.0,185.0,98.5,LISTED
Aggressive-Buddy-759,Legacy:0/Buys:0/Sales:14,Montale,Black Aoud,100.0,45.0,,LISTED
bongdong42O,nan,Dior,Sauvage,100.0,60.0,98.0,AVAILABLE
bongdong42O,nan,Zara,Pour Homme V EDP,100.0,10.0,98.0,AVAILABLE
bongdong42O,nan,,Explorer,60.0,20.0,96.66666666666667,SOLD
Standard-Scarcity-56,Legacy:0/Buys:21/Sales:43,Givenchy,L'Enfant Terrible,100.0,300.0,100.0,SOLD
Standard-Scarcity-56,Legacy:0/Buys:21/Sales:43,Guerlain,Various,,,,
Standard-Scarcity-56,Legacy:0/Buys:21/Sales:43,Dior,Private line,,,,
Standard-Scarcity-56,Legacy:0/Buys:21/Sales:43,Chanel,Private line,,,,
Standard-Scarcity-56,Legacy:0/Buys:21/Sales:43,Yves Saint Laurent,Private line,,,,
Standard-Scarcity-56,Legacy:0/Buys:21/Sales:43,Le Labo,City exclusives,,,,
Standard-Scarcity-56,Legacy:0/Buys:21/Sales:43,,BTV,,,,
Rude_Connection_9612,Legacy:0/Buys:3/Sales:15,Aaron Terence Hughes,Ozone,10.0,75.0,100.0,AVAILABLE
Rude_Connection_9612,Legacy:0/Buys:3/Sales:15,Aaron Terence Hughes,Loki,10.0,75.0,98.0,AVAILABLE
Mighty_BB,Legacy:0/Buys:2/Sales:0,Creed,Aventus,100.0,225.0,98.0,AVAILABLE
Mighty_BB,Legacy:0/Buys:2/Sales:0,Yves Saint Laurent,Tuxedo,,,,AVAILABLE
Mighty_BB,Legacy:0/Buys:2/Sales:0,Yves Saint Laurent,Babycat,,,,AVAILABLE
Mighty_BB,Legacy:0/Buys:2/Sales:0,,Elysium Pour Homme Parfum,,,,AVAILABLE
Mighty_BB,Legacy:0/Buys:2/Sales:0,Guerlain,Spirituese Double Vanille,,,,AVAILABLE
Mighty_BB,Legacy:0/Buys:2/Sales:0,Dior,Ambre Nuit,,,,AVAILABLE
Mighty_BB,Legacy:0/Buys:2/Sales:0,Dior,Tobacolor,,,,AVAILABLE
AssClapper,Legacy:0/Buys:2/Sales:1,Dior,Sauvage Elixir,60.0,100.0,99.0,AVAILABLE
AssClapper,Legacy:0/Buys:2/Sales:1,Guerlain,L’Homme Ideal EDT,100.0,50.0,99.0,LISTED
AssClapper,Legacy:0/Buys:2/Sales:1,Yves Saint Laurent,Y Le Parfum,60.0,65.0,99.0,LISTED
AssClapper,Legacy:0/Buys:2/Sales:1,Mancera,Tonka Cola,120.0,80.0,99.0,AVAILABLE
AssClapper,Legacy:0/Buys:2/Sales:1,,By The Fireplace EDT,100.0,65.0,99.0,SOLD
AssClapper,Legacy:0/Buys:2/Sales:1,Lattafa,Khamrah Qahwa,100.0,20.0,99.0,SOLD
imbb94,nan,,,100.0,30.0,,AVAILABLE
DreadPirateSnuffles,Legacy:0/Buys:2/Sales:6,Tom Ford,black orchid (old formulation),30.0,40.0,,SOLD
DreadPirateSnuffles,Legacy:0/Buys:2/Sales:6,,Halle 30ml - 50% (Discontinued),30.0,30.0,50.0,AVAILABLE
DreadPirateSnuffles,Legacy:0/Buys:2/Sales:6,,Ralphs Club EDP,101.0,35.0,,SOLD
DreadPirateSnuffles,Legacy:0/Buys:2/Sales:6,Azzaro,Most Wanted EDT Intense,101.0,50.0,,AVAILABLE
DreadPirateSnuffles,Legacy:0/Buys:2/Sales:6,Jean Paul Gaultier,Le Beau EDT,124.0,60.0,80.0,SOLD
DreadPirateSnuffles,Legacy:0/Buys:2/Sales:6,Prada,L'homme Leau,41.0,30.0,60.0,SOLD
DreadPirateSnuffles,Legacy:0/Buys:2/Sales:6,Jean Paul Gaultier,Ultra Male,124.0,60.0,88.0,AVAILABLE
DreadPirateSnuffles,Legacy:0/Buys:2/Sales:6,,Coffee Addict,50.0,45.0,,SOLD
DreadPirateSnuffles,Legacy:0/Buys:2/Sales:6,Louis Vuitton,Montagne Imaginary (LV Imagination),,10.0,25.0,SOLD
DreadPirateSnuffles,Legacy:0/Buys:2/Sales:6,,Montagne Chilly Pacific,,35.0,,SOLD
DreadPirateSnuffles,Legacy:0/Buys:2/Sales:6,Giorgio Armani,Harmony Absolute (Armani Code Absolu),,25.0,,AVAILABLE
DreadPirateSnuffles,Legacy:0/Buys:2/Sales:6,Ralph Lauren,Pure Red (Polo Red),,5.0,50.0,SOLD
DreadPirateSnuffles,Legacy:0/Buys:2/Sales:6,,Insurrection II Emperor (Ultra Zest),,14.0,,AVAILABLE
DreadPirateSnuffles,Legacy:0/Buys:2/Sales:6,Lattafa,Al Nashama Caprice (YSL LNDL Blue Electrique),,20.0,,AVAILABLE
DreadPirateSnuffles,Legacy:0/Buys:2/Sales:6,,Epoque Artistique (Invictus Victory Elixir),,22.0,,AVAILABLE
DreadPirateSnuffles,Legacy:0/Buys:2/Sales:6,Lattafa,Liam Liam Grey,,16.0,,AVAILABLE
DreadPirateSnuffles,Legacy:0/Buys:2/Sales:6,,Candy Cane Truffle,,7.0,,AVAILABLE
DreadPirateSnuffles,Legacy:0/Buys:2/Sales:6,,La Ree Cupids Arrow (Eros EDT),30.0,10.0,,AVAILABLE
DreadPirateSnuffles,Legacy:0/Buys:2/Sales:6,Yves Saint Laurent,The Cure (YSL Cuir),2.5,,,AVAILABLE
DreadPirateSnuffles,Legacy:0/Buys:2/Sales:6,,Ruthless Aqua (Invictus Aqua 2016),2.5,,,AVAILABLE
DreadPirateSnuffles,Legacy:0/Buys:2/Sales:6,Dior,Gourmand Kiss (Dior Fève Délicieuse),2.5,,,AVAILABLE
DreadPirateSnuffles,Legacy:0/Buys:2/Sales:6,Byredo,Ghostbusters (Byredo Mojave Ghost),2.5,,,AVAILABLE
DreadPirateSnuffles,Legacy:0/Buys:2/Sales:6,Lancôme,Naughty Nite (La Nuit Trésor Lancôme),2.5,,,AVAILABLE
DreadPirateSnuffles,Legacy:0/Buys:2/Sales:6,Tom Ford,Fatal De Vanille (TF Vanille Fatale),2.5,,,AVAILABLE
DreadPirateSnuffles,Legacy:0/Buys:2/Sales:6,,Coke Zero,2.5,,,AVAILABLE
DreadPirateSnuffles,Legacy:0/Buys:2/Sales:6,,Vanilla Stallion (Althair),2.5,,,AVAILABLE
DreadPirateSnuffles,Legacy:0/Buys:2/Sales:6,,Moonlit Night,2.5,,,AVAILABLE
DreadPirateSnuffles,Legacy:0/Buys:2/Sales:6,,Montagne samples,,40.0,,AVAILABLE
DreadPirateSnuffles,Legacy:0/Buys:2/Sales:6,,Pineapple Bonbon,5.0,,,AVAILABLE
DreadPirateSnuffles,Legacy:0/Buys:2/Sales:6,,Pineapple Intense,5.0,,,AVAILABLE
DreadPirateSnuffles,Legacy:0/Buys:2/Sales:6,,Carnal Grey Extrait,5.0,,,AVAILABLE
DreadPirateSnuffles,Legacy:0/Buys:2/Sales:6,,Gingham Green,2.5,,,AVAILABLE
DreadPirateSnuffles,Legacy:0/Buys:2/Sales:6,,Image,2.5,,,AVAILABLE
DreadPirateSnuffles,Legacy:0/Buys:2/Sales:6,,Elysian Intense,2.5,,,AVAILABLE
DreadPirateSnuffles,Legacy:0/Buys:2/Sales:6,Parfums de Marly,Vanille Fraiche (Layton),2.5,,,AVAILABLE
DreadPirateSnuffles,Legacy:0/Buys:2/Sales:6,Xerjoff,Torino 21,5.0,,,AVAILABLE
DreadPirateSnuffles,Legacy:0/Buys:2/Sales:6,,Cannoli (italica),5.0,,,AVAILABLE
DreadPirateSnuffles,Legacy:0/Buys:2/Sales:6,,Vanille Absolute (Ani),5.0,,,AVAILABLE
DreadPirateSnuffles,Legacy:0/Buys:2/Sales:6,Creed,Aventus,7.0,,,AVAILABLE
DreadPirateSnuffles,Legacy:0/Buys:2/Sales:6,Bond No 9,Greenwich Village,2.0,,,AVAILABLE
DreadPirateSnuffles,Legacy:0/Buys:2/Sales:6,,Burst of Rose (Atomic Rose),2.5,,,AVAILABLE
DreadPirateSnuffles,Legacy:0/Buys:2/Sales:6,,Moonlit Musk (Musk 12 Kayali),2.5,,,AVAILABLE
DreadPirateSnuffles,Legacy:0/Buys:2/Sales:6,Xerjoff,Erba Pura,3.0,,,AVAILABLE
DreadPirateSnuffles,Legacy:0/Buys:2/Sales:6,,Palace Rouge,2.0,,,AVAILABLE
DreadPirateSnuffles,Legacy:0/Buys:2/Sales:6,,Itqan Noir (Myslf),2.5,,,AVAILABLE
DreadPirateSnuffles,Legacy:0/Buys:2/Sales:6,,Green Lover,2.5,,,AVAILABLE
DreadPirateSnuffles,Legacy:0/Buys:2/Sales:6,Prada,Ocean EDT,2.5,,,AVAILABLE
DreadPirateSnuffles,Legacy:0/Buys:2/Sales:6,,Paco Robanne Ultra Red,5.0,,,AVAILABLE
DreadPirateSnuffles,Legacy:0/Buys:2/Sales:6,Carolina Herrera,Bad Boy extreme,5.0,,,AVAILABLE
DreadPirateSnuffles,Legacy:0/Buys:2/Sales:6,Ralph Lauren,Polo Red,9.0,,,AVAILABLE
DreadPirateSnuffles,Legacy:0/Buys:2/Sales:6,Dior,Sauvage EDP,2.0,,,AVAILABLE
DreadPirateSnuffles,Legacy:0/Buys:2/Sales:6,Viktor & Rolf,Spicebomb Extreme,5.0,,,AVAILABLE
DreadPirateSnuffles,Legacy:0/Buys:2/Sales:6,,Invictus Platinum,2.5,3.25,,AVAILABLE
DreadPirateSnuffles,Legacy:0/Buys:2/Sales:6,,Invictus Platinum,5.0,5.75,,AVAILABLE
DreadPirateSnuffles,Legacy:0/Buys:2/Sales:6,Chanel,Chanel Allure Homme Édition Blanche,2.5,8.5,,AVAILABLE
DreadPirateSnuffles,Legacy:0/Buys:2/Sales:6,Chanel,Chanel Allure Homme Édition Blanche,5.0,15.0,,AVAILABLE
DreadPirateSnuffles,Legacy:0/Buys:2/Sales:6,,Versace Eros EDT,2.5,3.25,,AVAILABLE
DreadPirateSnuffles,Legacy:0/Buys:2/Sales:6,,Versace Eros EDT,5.0,6.0,,AVAILABLE
DreadPirateSnuffles,Legacy:0/Buys:2/Sales:6,,Theodore Kalotonis Coffee Addict,2.5,6.0,,AVAILABLE
DreadPirateSnuffles,Legacy:0/Buys:2/Sales:6,,Theodore Kalotonis Coffee Addict,5.0,10.0,,AVAILABLE
DreadPirateSnuffles,Legacy:0/Buys:2/Sales:6,Salvatore Ferragamo,Ferragamo Uomo,,2.75,,LISTED
DreadPirateSnuffles,Legacy:0/Buys:2/Sales:6,,Daniel Josier Green Leather,,7.5,,LISTED
DreadPirateSnuffles,Legacy:0/Buys:2/Sales:6,Ralph Lauren,Polo 67 EDP,,4.5,,LISTED
DreadPirateSnuffles,Legacy:0/Buys:2/Sales:6,Ralph Lauren,Polo 67 EDT,,3.5,,LISTED
DreadPirateSnuffles,Legacy:0/Buys:2/Sales:6,,Mercedes Benz Club Black,,3.0,,LISTED
DreadPirateSnuffles,Legacy:0/Buys:2/Sales:6,,Asad Bourbon (Valentino BIRI + TMW),,2.0,,LISTED
DreadPirateSnuffles,Legacy:0/Buys:2/Sales:6,,Vulcan Feau (God of Fire dupe),,3.25,,LISTED
DreadPirateSnuffles,Legacy:0/Buys:2/Sales:6,,Maison Asrar Rey,,2.5,,LISTED
DreadPirateSnuffles,Legacy:0/Buys:2/Sales:6,,Fragrance World Harmony Absolute,,2.25,,LISTED
DreadPirateSnuffles,Legacy:0/Buys:2/Sales:6,,Alexandria Mango Storm,,5.75,,LISTED
DreadPirateSnuffles,Legacy:0/Buys:2/Sales:6,Armaf,Aqua Dubai,,3.25,,AVAILABLE
DreadPirateSnuffles,Legacy:0/Buys:2/Sales:6,,North Stag Expressions Quatre IV,,3.0,,AVAILABLE
DreadPirateSnuffles,Legacy:0/Buys:2/Sales:6,,Coconut Lagoon,,2.5,,AVAILABLE
DreadPirateSnuffles,Legacy:0/Buys:2/Sales:6,Yves Saint Laurent,Myslf,,4.5,,AVAILABLE
DreadPirateSnuffles,Legacy:0/Buys:2/Sales:6,,Hawas Tropical,,3.0,,AVAILABLE
DreadPirateSnuffles,Legacy:0/Buys:2/Sales:6,Gucci,Guilty Love 2024,,4.75,,AVAILABLE
DreadPirateSnuffles,Legacy:0/Buys:2/Sales:6,Dior,Homme Cologne,,4.25,,AVAILABLE
Verypoetic,Legacy:0/Buys:3/Sales:3,,Mind game Vieri,100.0,145.0,95.0,SOLD
Verypoetic,Legacy:0/Buys:3/Sales:3,Valentino,Uomo Born in Roma Ivory,100.0,150.0,,SOLD
Verypoetic,Legacy:0/Buys:3/Sales:3,,Mind games - Lionora,100.0,150.0,,SOLD
Verypoetic,Legacy:0/Buys:3/Sales:3,Prada,L'Homme,50.0,45.0,94.0,SOLD
Verypoetic,Legacy:0/Buys:3/Sales:3,,Green Pearl,50.0,100.0,94.0,AVAILABLE
Majestic-Apple5205,Legacy:0/Buys:42/Sales:82,,Hypnotizing Fire (Parfum),50.0,160.0,96.0,SOLD
Majestic-Apple5205,Legacy:0/Buys:42/Sales:82,,Oceania,100.0,165.0,,AVAILABLE
AccomplishedFudge837,Legacy:0/Buys:0/Sales:3,,,100.0,40.0,99.0,LISTED
ashrabel,Legacy:0/Buys:26/Sales:100,Tom Ford,2018 Tobacco Oud Intense,50.0,250.0,,AVAILABLE
PlaugeXI,Legacy:0/Buys:0/Sales:1,,Franck Boclet,,,100.0,LISTED
PlaugeXI,Legacy:0/Buys:0/Sales:1,Tom Ford,Tom Ford,,,,LISTED
striated1,nan,,,,100.0,,LISTED
Phish1220,Legacy:0/Buys:10/Sales:2,,,124.2,62.0,77.0,LISTED
invisibleindian01,Legacy:303/Buys:26/Sales:432,Giorgio Armani,Acqua Di Gio Profumo 2022,125.0,200.0,95.0,AVAILABLE
invisibleindian01,Legacy:303/Buys:26/Sales:432,Giorgio Armani,Acqua Di Gio Profumo 2023,75.0,140.0,95.0,AVAILABLE
invisibleindian01,Legacy:303/Buys:26/Sales:432,Creed,Virgin Island Water 2015,120.0,430.0,95.0,AVAILABLE
invisibleindian01,Legacy:303/Buys:26/Sales:432,Initio,Absolute Aphrodisiac,90.0,170.0,100.0,AVAILABLE
invisibleindian01,Legacy:303/Buys:26/Sales:432,Initio,Musk Therapy,50.0,140.0,100.0,AVAILABLE
invisibleindian01,Legacy:303/Buys:26/Sales:432,Initio,Musk Therapy,90.0,180.0,100.0,AVAILABLE
invisibleindian01,Legacy:303/Buys:26/Sales:432,Initio,Oud For Greatness,90.0,180.0,100.0,AVAILABLE
invisibleindian01,Legacy:303/Buys:26/Sales:432,Parfums de Marly,Akaster,125.0,200.0,100.0,AVAILABLE
invisibleindian01,Legacy:303/Buys:26/Sales:432,Parfums de Marly,Althair,125.0,185.0,100.0,AVAILABLE
invisibleindian01,Legacy:303/Buys:26/Sales:432,Parfums de Marly,Carlisle,125.0,170.0,100.0,AVAILABLE
invisibleindian01,Legacy:303/Buys:26/Sales:432,Parfums de Marly,Greenley,125.0,180.0,100.0,AVAILABLE
invisibleindian01,Legacy:303/Buys:26/Sales:432,Parfums de Marly,Greenley,75.0,135.0,100.0,AVAILABLE
invisibleindian01,Legacy:303/Buys:26/Sales:432,Parfums de Marly,Layton,125.0,170.0,100.0,AVAILABLE
invisibleindian01,Legacy:303/Buys:26/Sales:432,Parfums de Marly,Oajan,125.0,170.0,100.0,AVAILABLE
invisibleindian01,Legacy:303/Buys:26/Sales:432,Parfums de Marly,Percival,125.0,170.0,100.0,AVAILABLE
invisibleindian01,Legacy:303/Buys:26/Sales:432,Parfums de Marly,Percival,75.0,135.0,100.0,AVAILABLE
invisibleindian01,Legacy:303/Buys:26/Sales:432,Parfums de Marly,Perseus,125.0,172.0,100.0,AVAILABLE
invisibleindian01,Legacy:303/Buys:26/Sales:432,Parfums de Marly,Sedley,125.0,190.0,100.0,AVAILABLE
invisibleindian01,Legacy:303/Buys:26/Sales:432,Parfums de Marly,Sedley,75.0,140.0,100.0,AVAILABLE
invisibleindian01,Legacy:303/Buys:26/Sales:432,,Figuier Noir,100.0,115.0,95.0,AVAILABLE
invisibleindian01,Legacy:303/Buys:26/Sales:432,Louis Vuitton,L'immensite,200.0,480.0,99.0,AVAILABLE
invisibleindian01,Legacy:303/Buys:26/Sales:432,Parfums de Marly,Delina La Rosee,30.0,120.0,100.0,AVAILABLE
invisibleindian01,Legacy:303/Buys:26/Sales:432,Parfums de Marly,Delina La Rosee,75.0,165.0,100.0,AVAILABLE
invisibleindian01,Legacy:303/Buys:26/Sales:432,Parfums de Marly,Meliora,75.0,169.0,100.0,AVAILABLE
invisibleindian01,Legacy:303/Buys:26/Sales:432,Parfums de Marly,Oriana,75.0,165.0,100.0,AVAILABLE
invisibleindian01,Legacy:303/Buys:26/Sales:432,Parfums de Marly,Valaya Exclusif,75.0,210.0,100.0,AVAILABLE
invisibleindian01,Legacy:303/Buys:26/Sales:432,Frederic Malle,The Moon,,80.0,,AVAILABLE
invisibleindian01,Legacy:303/Buys:26/Sales:432,,Invasion Barbare,75.0,99.0,,AVAILABLE
invisibleindian01,Legacy:303/Buys:26/Sales:432,,Eau De Gingembre,100.0,75.0,75.0,AVAILABLE
invisibleindian01,Legacy:303/Buys:26/Sales:432,Nishane,Fan Your Flames,100.0,80.0,,AVAILABLE
invisibleindian01,Legacy:303/Buys:26/Sales:432,Nishane,Hundred Silent Ways,100.0,60.0,,AVAILABLE
invisibleindian01,Legacy:303/Buys:26/Sales:432,Nishane,Wulong Cha,100.0,40.0,,AVAILABLE
invisibleindian01,Legacy:303/Buys:26/Sales:432,Tom Ford,Rose Prick,100.0,150.0,,AVAILABLE
invisibleindian01,Legacy:303/Buys:26/Sales:432,,Danger Parfum,50.0,200.0,99.0,AVAILABLE
invisibleindian01,Legacy:303/Buys:26/Sales:432,Xerjoff,Erba Pura,100.0,120.0,85.0,AVAILABLE
invisibleindian01,Legacy:303/Buys:26/Sales:432,Xerjoff,Mefisto Gentiluomo EDP,100.0,150.0,100.0,AVAILABLE
invisibleindian01,Legacy:303/Buys:26/Sales:432,Christian Dior,Vanilla Diorama,250.0,520.0,99.0,AVAILABLE
invisibleindian01,Legacy:303/Buys:26/Sales:432,,Followed,100.0,130.0,99.0,AVAILABLE
invisibleindian01,Legacy:303/Buys:26/Sales:432,Parfums de Marly,Men Layton 2021,125.0,189.0,95.0,AVAILABLE
invisibleindian01,Legacy:303/Buys:26/Sales:432,Parfums de Marly,Men Sedley 2021,125.0,195.0,95.0,AVAILABLE
invisibleindian01,Legacy:303/Buys:26/Sales:432,,Blue Sapphire EDP,100.0,350.0,100.0,AVAILABLE
invisibleindian01,Legacy:303/Buys:26/Sales:432,,Hanuman EDP,100.0,540.0,100.0,AVAILABLE
invisibleindian01,Legacy:303/Buys:26/Sales:432,Bvlgari,Le Gemme Kobraa EDP,30.0,85.0,100.0,AVAILABLE
invisibleindian01,Legacy:303/Buys:26/Sales:432,Byredo,Bal d'Afrique EDP,100.0,189.0,100.0,AVAILABLE
invisibleindian01,Legacy:303/Buys:26/Sales:432,Byredo,Desert Dawn EDP,100.0,155.0,100.0,AVAILABLE
invisibleindian01,Legacy:303/Buys:26/Sales:432,Byredo,Eyes Closed EDP,100.0,150.0,100.0,AVAILABLE
invisibleindian01,Legacy:303/Buys:26/Sales:432,Byredo,Mojave Ghost Absolu EDP,100.0,289.0,100.0,AVAILABLE
invisibleindian01,Legacy:303/Buys:26/Sales:432,Byredo,Mojave Ghost EDP,100.0,165.0,100.0,AVAILABLE
invisibleindian01,Legacy:303/Buys:26/Sales:432,Byredo,Rose Noir EDP,100.0,150.0,100.0,AVAILABLE
invisibleindian01,Legacy:303/Buys:26/Sales:432,Byredo,Rose of No Man's Land,100.0,150.0,100.0,AVAILABLE
invisibleindian01,Legacy:303/Buys:26/Sales:432,Xerjoff,Dama Bianca EDP,100.0,165.0,100.0,AVAILABLE
invisibleindian01,Legacy:303/Buys:26/Sales:432,Xerjoff,Dama Bianca EDP,100.0,152.0,100.0,AVAILABLE
invisibleindian01,Legacy:303/Buys:26/Sales:432,Xerjoff,Mefisto Gentiluomo EDP,100.0,165.0,100.0,AVAILABLE
invisibleindian01,Legacy:303/Buys:26/Sales:432,Gucci,Guilty Elixir Pour Femme,60.0,90.0,100.0,AVAILABLE
invisibleindian01,Legacy:303/Buys:26/Sales:432,Mancera,French Riviera,120.0,95.0,100.0,AVAILABLE
invisibleindian01,Legacy:303/Buys:26/Sales:432,Parfums de Marly,Men Akaster EDP,125.0,250.0,100.0,AVAILABLE
invisibleindian01,Legacy:303/Buys:26/Sales:432,Xerjoff,Torino 21,50.0,145.0,100.0,AVAILABLE
invisibleindian01,Legacy:303/Buys:26/Sales:432,Diptyque,Orpheon EDP,75.0,180.0,100.0,AVAILABLE
invisibleindian01,Legacy:303/Buys:26/Sales:432,,Amber K,100.0,195.0,100.0,AVAILABLE
invisibleindian01,Legacy:303/Buys:26/Sales:432,,Camélia K,100.0,195.0,100.0,AVAILABLE
invisibleindian01,Legacy:303/Buys:26/Sales:432,,Ghibli,100.0,195.0,100.0,AVAILABLE
invisibleindian01,Legacy:303/Buys:26/Sales:432,,Lettre de Pushkar,100.0,195.0,100.0,AVAILABLE
invisibleindian01,Legacy:303/Buys:26/Sales:432,,Orchid K,100.0,195.0,100.0,AVAILABLE
invisibleindian01,Legacy:303/Buys:26/Sales:432,,Between Two Trees EDP,60.0,250.0,100.0,AVAILABLE
invisibleindian01,Legacy:303/Buys:26/Sales:432,,Cricket Song EDP,100.0,270.0,100.0,AVAILABLE
invisibleindian01,Legacy:303/Buys:26/Sales:432,,Cricket Song EDP,60.0,250.0,100.0,AVAILABLE
invisibleindian01,Legacy:303/Buys:26/Sales:432,,My Shadow on the Wall EDP,60.0,250.0,100.0,AVAILABLE
invisibleindian01,Legacy:303/Buys:26/Sales:432,Frederic Malle,Promise EDP,100.0,280.0,100.0,LISTED
invisibleindian01,Legacy:303/Buys:26/Sales:432,Frederic Malle,The Moon EDP,100.0,650.0,100.0,LISTED
invisibleindian01,Legacy:303/Buys:26/Sales:432,Frederic Malle,The Night EDP,100.0,850.0,100.0,LISTED
invisibleindian01,Legacy:303/Buys:26/Sales:432,Initio,Atomic Rose EDP,90.0,165.0,100.0,LISTED
invisibleindian01,Legacy:303/Buys:26/Sales:432,Initio,Musk Therapy,90.0,195.0,100.0,LISTED
invisibleindian01,Legacy:303/Buys:26/Sales:432,Initio,Musk Therapy,90.0,180.0,100.0,LISTED
invisibleindian01,Legacy:303/Buys:26/Sales:432,Initio,Paragon,90.0,180.0,100.0,LISTED
invisibleindian01,Legacy:303/Buys:26/Sales:432,Le Labo,Another 13,100.0,240.0,90.0,LISTED
invisibleindian01,Legacy:303/Buys:26/Sales:432,Le Labo,Another 13,30.0,120.0,99.0,LISTED
invisibleindian01,Legacy:303/Buys:26/Sales:432,Le Labo,Bergamote 22,100.0,260.0,100.0,LISTED
invisibleindian01,Legacy:303/Buys:26/Sales:432,Le Labo,Santal 33,50.0,142.0,100.0,AVAILABLE
invisibleindian01,Legacy:303/Buys:26/Sales:432,Maison Francis Kurkdjian,Baccarat Rouge 540 EDP,70.0,210.0,100.0,AVAILABLE
invisibleindian01,Legacy:303/Buys:26/Sales:432,Parfums de Marly,Fem Delina,75.0,165.0,100.0,AVAILABLE
invisibleindian01,Legacy:303/Buys:26/Sales:432,Parfums de Marly,Fem Delina,75.0,195.0,100.0,AVAILABLE
invisibleindian01,Legacy:303/Buys:26/Sales:432,Parfums de Marly,Fem Delina Exclusif,30.0,145.0,100.0,AVAILABLE
invisibleindian01,Legacy:303/Buys:26/Sales:432,Parfums de Marly,Fem Delina Exclusif,75.0,189.0,100.0,AVAILABLE
invisibleindian01,Legacy:303/Buys:26/Sales:432,Parfums de Marly,Fem Delina La Rosee,75.0,190.0,100.0,AVAILABLE
invisibleindian01,Legacy:303/Buys:26/Sales:432,Parfums de Marly,Fem Valaya Exclusif,75.0,220.0,100.0,AVAILABLE
invisibleindian01,Legacy:303/Buys:26/Sales:432,Byredo,Mojave Ghost Absolu EDP,100.0,260.0,90.0,AVAILABLE
invisibleindian01,Legacy:303/Buys:26/Sales:432,Yves Saint Laurent,Y EDP,200.0,75.0,,AVAILABLE
invisibleindian01,Legacy:303/Buys:26/Sales:432,Penhaligon's,Mr Sam EDP,75.0,210.0,,AVAILABLE
invisibleindian01,Legacy:303/Buys:26/Sales:432,,Wave Child EDP,100.0,145.0,,AVAILABLE
invisibleindian01,Legacy:303/Buys:26/Sales:432,,Vibrato,100.0,170.0,,AVAILABLE
invisibleindian01,Legacy:303/Buys:26/Sales:432,Xerjoff,40 Knots,100.0,170.0,,AVAILABLE
invisibleindian01,Legacy:303/Buys:26/Sales:432,Xerjoff,Torino 21,100.0,175.0,,AVAILABLE
invisibleindian01,Legacy:303/Buys:26/Sales:432,Xerjoff,Torino 23,50.0,110.0,,AVAILABLE
invisibleindian01,Legacy:303/Buys:26/Sales:432,Xerjoff,Uden Overdose EDP,50.0,145.0,,AVAILABLE
invisibleindian01,Legacy:303/Buys:26/Sales:432,Parfums de Marly,Fem Meliora,75.0,195.0,,AVAILABLE
invisibleindian01,Legacy:303/Buys:26/Sales:432,Giorgio Armani,Acqua Di Gio EDP,75.0,65.0,,AVAILABLE
invisibleindian01,Legacy:303/Buys:26/Sales:432,,Centro,100.0,70.0,,AVAILABLE
invisibleindian01,Legacy:303/Buys:26/Sales:432,Byredo,Mojave Ghost Absolu EDP,100.0,260.0,90.0,AVAILABLE
invisibleindian01,Legacy:303/Buys:26/Sales:432,Dolce & Gabbana,The One EDP,150.0,55.0,,AVAILABLE
invisibleindian01,Legacy:303/Buys:26/Sales:432,Christian Dior,Dior Homme Parfum old 2,100.0,160.0,65.0,AVAILABLE
invisibleindian01,Legacy:303/Buys:26/Sales:432,Giorgio Armani,Stronger with you Absolutely,100.0,75.0,,AVAILABLE
invisibleindian01,Legacy:303/Buys:26/Sales:432,,Office for men (current gen),100.0,70.0,70.0,AVAILABLE
invisibleindian01,Legacy:303/Buys:26/Sales:432,Frederic Malle,The Moon,,80.0,,AVAILABLE
invisibleindian01,Legacy:303/Buys:26/Sales:432,Initio,High Frequency,90.0,100.0,,AVAILABLE
invisibleindian01,Legacy:303/Buys:26/Sales:432,Kilian,Good girl gone bad,50.0,125.0,80.0,AVAILABLE
invisibleindian01,Legacy:303/Buys:26/Sales:432,Mancera,Aoud Cafe,120.0,70.0,,AVAILABLE
invisibleindian01,Legacy:303/Buys:26/Sales:432,Mancera,Cosmic Pepper,60.0,45.0,,AVAILABLE
invisibleindian01,Legacy:303/Buys:26/Sales:432,,Invasion Barbare,75.0,99.0,,AVAILABLE
invisibleindian01,Legacy:303/Buys:26/Sales:432,Maison Francis Kurkdjian,A La Rose,200.0,200.0,,AVAILABLE
invisibleindian01,Legacy:303/Buys:26/Sales:432,Maison Francis Kurkdjian,Amyris Homme EDT,200.0,310.0,85.0,AVAILABLE
invisibleindian01,Legacy:303/Buys:26/Sales:432,Maison Francis Kurkdjian,Aqua Universalis Forte,70.0,120.0,75.0,AVAILABLE
invisibleindian01,Legacy:303/Buys:26/Sales:432,Maison Francis Kurkdjian,Baccarat Rouge 540 EDP,35.0,100.0,70.0,AVAILABLE
invisibleindian01,Legacy:303/Buys:26/Sales:432,Maison Francis Kurkdjian,Baccarat Rouge 540 EDP (Tester),35.0,135.0,95.0,AVAILABLE
invisibleindian01,Legacy:303/Buys:26/Sales:432,,Eau De Gingembre,100.0,75.0,75.0,AVAILABLE
invisibleindian01,Legacy:303/Buys:26/Sales:432,Mugler,Pure Tonka,100.0,45.0,,AVAILABLE
invisibleindian01,Legacy:303/Buys:26/Sales:432,Nishane,Fan Your Flames,100.0,80.0,,AVAILABLE
invisibleindian01,Legacy:303/Buys:26/Sales:432,Nishane,Hundred Silent Ways,100.0,60.0,,AVAILABLE
invisibleindian01,Legacy:303/Buys:26/Sales:432,Nishane,Wulong Cha,100.0,40.0,,AVAILABLE
invisibleindian01,Legacy:303/Buys:26/Sales:432,,Amber Aoud,100.0,230.0,,AVAILABLE
invisibleindian01,Legacy:303/Buys:26/Sales:432,,Apex parfum cologne,100.0,110.0,,AVAILABLE
invisibleindian01,Legacy:303/Buys:26/Sales:432,,Scandal parfum cologne,100.0,100.0,,AVAILABLE
invisibleindian01,Legacy:303/Buys:26/Sales:432,,Sweetie Aoud (older version),50.0,225.0,80.0,AVAILABLE
invisibleindian01,Legacy:303/Buys:26/Sales:432,,L'Air Du Desert Marocain 2,50.0,35.0,13.0,AVAILABLE
invisibleindian01,Legacy:303/Buys:26/Sales:432,Tom Ford,Eau De Soleil Blanc,50.0,65.0,,AVAILABLE
invisibleindian01,Legacy:303/Buys:26/Sales:432,Tom Ford,Lost Cherry,50.0,20.0,3.0,AVAILABLE
invisibleindian01,Legacy:303/Buys:26/Sales:432,Tom Ford,Ombre Leather EDP,100.0,35.0,13.0,AVAILABLE
invisibleindian01,Legacy:303/Buys:26/Sales:432,Tom Ford,Ombre Leather Parfum 2,50.0,25.0,10.0,AVAILABLE
invisibleindian01,Legacy:303/Buys:26/Sales:432,Tom Ford,Rose Prick,100.0,150.0,,AVAILABLE
invisibleindian01,Legacy:303/Buys:26/Sales:432,,Oud Noir,100.0,50.0,,AVAILABLE
invisibleindian01,Legacy:303/Buys:26/Sales:432,,Whispers in the Library,100.0,35.0,10.0,AVAILABLE
invisibleindian01,Legacy:303/Buys:26/Sales:432,Xerjoff,Casamoratio 1888,100.0,60.0,,AVAILABLE
invisibleindian01,Legacy:303/Buys:26/Sales:432,Xerjoff,Zefiro,100.0,90.0,60.0,AVAILABLE
invisibleindian01,Legacy:303/Buys:26/Sales:432,Yves Saint Laurent,LNDL Le Parfum,100.0,75.0,,AVAILABLE
invisibleindian01,Legacy:303/Buys:26/Sales:432,Yves Saint Laurent,Vinyle,125.0,140.0,,AVAILABLE
invisibleindian01,Legacy:303/Buys:26/Sales:432,Yves Saint Laurent,Y EDP,200.0,75.0,,AVAILABLE
invisibleindian01,Legacy:303/Buys:26/Sales:432,Giorgio Armani,Acqua Di Gio Profumo 2022,125.0,200.0,95.0,AVAILABLE
invisibleindian01,Legacy:303/Buys:26/Sales:432,Giorgio Armani,Acqua Di Gio Profumo 2023,75.0,140.0,95.0,LISTED
invisibleindian01,Legacy:303/Buys:26/Sales:432,Afnan,Supremacy Noir,100.0,25.0,95.0,LISTED
invisibleindian01,Legacy:303/Buys:26/Sales:432,Amouage,Interlude 53,100.0,230.0,100.0,LISTED
invisibleindian01,Legacy:303/Buys:26/Sales:432,Amouage,Interlude 53 (Tester),100.0,200.0,100.0,LISTED
invisibleindian01,Legacy:303/Buys:26/Sales:432,Amouage,Overture Woman,100.0,165.0,100.0,LISTED
invisibleindian01,Legacy:303/Buys:26/Sales:432,,Aqua Les Elixir,100.0,50.0,95.0,LISTED
invisibleindian01,Legacy:303/Buys:26/Sales:432,Bvlgari,Aqva Amara,50.0,80.0,85.0,LISTED
invisibleindian01,Legacy:303/Buys:26/Sales:432,Armaf,Club de Nuit Milestone,105.0,30.0,75.0,LISTED
invisibleindian01,Legacy:303/Buys:26/Sales:432,Armaf,El Cielo Pour Homme,100.0,20.0,90.0,LISTED
invisibleindian01,Legacy:303/Buys:26/Sales:432,Armaf,Milestone,100.0,35.0,95.0,LISTED
invisibleindian01,Legacy:303/Buys:26/Sales:432,,Rouge Saray edp,100.0,130.0,,AVAILABLE
invisibleindian01,Legacy:303/Buys:26/Sales:432,Azzaro,Visit,100.0,40.0,95.0,AVAILABLE
invisibleindian01,Legacy:303/Buys:26/Sales:432,BDK Parfums,Gris Charnel Extrait,100.0,189.0,,AVAILABLE
invisibleindian01,Legacy:303/Buys:26/Sales:432,,Jet Set,50.0,110.0,,AVAILABLE
invisibleindian01,Legacy:303/Buys:26/Sales:432,,Infinite Intense,100.0,25.0,95.0,AVAILABLE
invisibleindian01,Legacy:303/Buys:26/Sales:432,,Blue Sapphire EDP,100.0,350.0,,AVAILABLE
invisibleindian01,Legacy:303/Buys:26/Sales:432,,Hanuman EDP,100.0,540.0,,AVAILABLE
invisibleindian01,Legacy:303/Buys:26/Sales:432,Bond No 9,New Haarlem,100.0,150.0,,AVAILABLE
invisibleindian01,Legacy:303/Buys:26/Sales:432,Bond No 9,Nomad,100.0,200.0,95.0,AVAILABLE
invisibleindian01,Legacy:303/Buys:26/Sales:432,Bvlgari,Le Gemme Kobraa EDP,30.0,85.0,,AVAILABLE
invisibleindian01,Legacy:303/Buys:26/Sales:432,Byredo,Bal d'Afrique EDP,100.0,189.0,100.0,LISTED
invisibleindian01,Legacy:303/Buys:26/Sales:432,Byredo,Blanche Absolu,100.0,265.0,100.0,LISTED
invisibleindian01,Legacy:303/Buys:26/Sales:432,Byredo,Desert Dawn EDP,100.0,155.0,100.0,LISTED
invisibleindian01,Legacy:303/Buys:26/Sales:432,Byredo,Eyes Closed EDP,100.0,150.0,100.0,LISTED
invisibleindian01,Legacy:303/Buys:26/Sales:432,Byredo,Gypsy Water 1,100.0,167.0,90.0,LISTED
invisibleindian01,Legacy:303/Buys:26/Sales:432,Byredo,Gypsy Water 2,100.0,175.0,95.0,LISTED
invisibleindian01,Legacy:303/Buys:26/Sales:432,Byredo,Mojave Ghost Absolu EDP,100.0,289.0,100.0,LISTED
invisibleindian01,Legacy:303/Buys:26/Sales:432,Byredo,Mojave Ghost EDP,100.0,165.0,100.0,LISTED
invisibleindian01,Legacy:303/Buys:26/Sales:432,Byredo,Rose Noir EDP,100.0,150.0,100.0,LISTED
invisibleindian01,Legacy:303/Buys:26/Sales:432,Byredo,Rose of No Man's Land,100.0,150.0,100.0,LISTED
invisibleindian01,Legacy:303/Buys:26/Sales:432,Calvin Klein,Escape,100.0,25.0,95.0,LISTED
invisibleindian01,Legacy:303/Buys:26/Sales:432,Calvin Klein,Reveal,100.0,65.0,95.0,LISTED
invisibleindian01,Legacy:303/Buys:26/Sales:432,,Rima Xi EDP,100.0,75.0,99.0,LISTED
invisibleindian01,Legacy:303/Buys:26/Sales:432,Xerjoff,Dama Bianca EDP,100.0,165.0,100.0,LISTED
invisibleindian01,Legacy:303/Buys:26/Sales:432,Xerjoff,Dama Bianca EDP,100.0,152.0,100.0,LISTED
invisibleindian01,Legacy:303/Buys:26/Sales:432,Xerjoff,Lira Edp,100.0,145.0,100.0,LISTED
invisibleindian01,Legacy:303/Buys:26/Sales:432,Xerjoff,Mefisto Gentiluomo EDP,100.0,165.0,100.0,LISTED
invisibleindian01,Legacy:303/Buys:26/Sales:432,Xerjoff,Mefisto Gentiluomo EDP,100.0,150.0,100.0,LISTED
invisibleindian01,Legacy:303/Buys:26/Sales:432,Chanel,Allure Sport Superleggera,100.0,195.0,100.0,LISTED
invisibleindian01,Legacy:303/Buys:26/Sales:432,Chanel,Coromandel,200.0,350.0,100.0,LISTED
invisibleindian01,Legacy:303/Buys:26/Sales:432,Chanel,Sycomore,200.0,350.0,100.0,AVAILABLE
invisibleindian01,Legacy:303/Buys:26/Sales:432,Christian Dior,Vanilla Diorama,250.0,520.0,99.0,AVAILABLE
invisibleindian01,Legacy:303/Buys:26/Sales:432,Clive Christian,Red Tea Vetiver,50.0,260.0,100.0,AVAILABLE
invisibleindian01,Legacy:303/Buys:26/Sales:432,Coach,Platinum,100.0,32.0,95.0,AVAILABLE
invisibleindian01,Legacy:303/Buys:26/Sales:432,Creed,Aventus 22B11A,100.0,225.0,95.0,AVAILABLE
invisibleindian01,Legacy:303/Buys:26/Sales:432,Creed,Bois Du Portugal 16F01,120.0,355.0,100.0,AVAILABLE
invisibleindian01,Legacy:303/Buys:26/Sales:432,Creed,Royal Oud 19P01 (golden cap),100.0,245.0,90.0,AVAILABLE
invisibleindian01,Legacy:303/Buys:26/Sales:432,Creed,Virgin Island Water 2015,120.0,430.0,95.0,AVAILABLE
invisibleindian01,Legacy:303/Buys:26/Sales:432,Dolce & Gabbana,K EDT,50.0,28.0,90.0,AVAILABLE
invisibleindian01,Legacy:303/Buys:26/Sales:432,Dolce & Gabbana,Light blue EDT,50.0,40.0,95.0,AVAILABLE
invisibleindian01,Legacy:303/Buys:26/Sales:432,Dolce & Gabbana,Pour Homme,125.0,35.0,99.0,AVAILABLE
invisibleindian01,Legacy:303/Buys:26/Sales:432,Dolce & Gabbana,Pour Homme,125.0,40.0,100.0,AVAILABLE
invisibleindian01,Legacy:303/Buys:26/Sales:432,Christian Dior,Dior Homme Parfum,100.0,270.0,99.0,AVAILABLE
invisibleindian01,Legacy:303/Buys:26/Sales:432,Christian Dior,Dior Homme Parfum,100.0,295.0,100.0,AVAILABLE
invisibleindian01,Legacy:303/Buys:26/Sales:432,Christian Dior,Dior Homme Parfum (old),100.0,250.0,99.0,AVAILABLE
invisibleindian01,Legacy:303/Buys:26/Sales:432,Diptyque,Orpheon EDP,75.0,180.0,100.0,AVAILABLE
invisibleindian01,Legacy:303/Buys:26/Sales:432,,Dossier Floriental Vanilla (YSL Black 0pi3m cl0ne),50.0,35.0,95.0,AVAILABLE
invisibleindian01,Legacy:303/Buys:26/Sales:432,,Issara Extrait,50.0,150.0,100.0,AVAILABLE
invisibleindian01,Legacy:303/Buys:26/Sales:432,,Moonlight In Chiangmai,50.0,90.0,100.0,AVAILABLE
invisibleindian01,Legacy:303/Buys:26/Sales:432,,Oudh Infini,50.0,235.0,100.0,AVAILABLE
invisibleindian01,Legacy:303/Buys:26/Sales:432,,Musc K,100.0,195.0,100.0,AVAILABLE
invisibleindian01,Legacy:303/Buys:26/Sales:432,,Amber K,100.0,195.0,100.0,AVAILABLE
invisibleindian01,Legacy:303/Buys:26/Sales:432,,Camélia K,100.0,195.0,100.0,AVAILABLE
invisibleindian01,Legacy:303/Buys:26/Sales:432,,Ghibli,100.0,195.0,100.0,AVAILABLE
invisibleindian01,Legacy:303/Buys:26/Sales:432,,Lettre de Pushkar,100.0,195.0,100.0,AVAILABLE
invisibleindian01,Legacy:303/Buys:26/Sales:432,,Orchid K,100.0,195.0,100.0,AVAILABLE
invisibleindian01,Legacy:303/Buys:26/Sales:432,,5th Avenue,100.0,190.0,99.0,AVAILABLE
invisibleindian01,Legacy:303/Buys:26/Sales:432,,Between Two Trees EDP,60.0,250.0,100.0,AVAILABLE
invisibleindian01,Legacy:303/Buys:26/Sales:432,,Cricket Song EDP,100.0,270.0,100.0,AVAILABLE
invisibleindian01,Legacy:303/Buys:26/Sales:432,,Cricket Song EDP,60.0,250.0,100.0,AVAILABLE
invisibleindian01,Legacy:303/Buys:26/Sales:432,,My Shadow on the Wall EDP,60.0,250.0,,AVAILABLE
invisibleindian01,Legacy:303/Buys:26/Sales:432,,Office for men (current gen),100.0,95.0,99.0,AVAILABLE
invisibleindian01,Legacy:303/Buys:26/Sales:432,,Office for men (current gen),50.0,70.0,99.0,AVAILABLE
invisibleindian01,Legacy:303/Buys:26/Sales:432,,Office for men (transparent bottle),100.0,150.0,99.0,AVAILABLE
invisibleindian01,Legacy:303/Buys:26/Sales:432,,Bois Blanc,100.0,65.0,99.0,AVAILABLE
invisibleindian01,Legacy:303/Buys:26/Sales:432,,The orchid man,100.0,80.0,99.0,AVAILABLE
invisibleindian01,Legacy:303/Buys:26/Sales:432,Frederic Malle,Hope,100.0,750.0,,AVAILABLE
invisibleindian01,Legacy:303/Buys:26/Sales:432,Frederic Malle,Promise EDP,100.0,280.0,,AVAILABLE
invisibleindian01,Legacy:303/Buys:26/Sales:432,Frederic Malle,The Moon EDP,100.0,650.0,,AVAILABLE
invisibleindian01,Legacy:303/Buys:26/Sales:432,Frederic Malle,The Night EDP,100.0,850.0,,AVAILABLE
invisibleindian01,Legacy:303/Buys:26/Sales:432,,Goldfield & Banks Pacific Rock Moss,100.0,105.0,100.0,AVAILABLE
invisibleindian01,Legacy:303/Buys:26/Sales:432,,Goldfield & Banks Sunset Hour,100.0,105.0,100.0,AVAILABLE
invisibleindian01,Legacy:303/Buys:26/Sales:432,,Gorse Laboratory Perfumes,100.0,60.0,95.0,AVAILABLE
invisibleindian01,Legacy:303/Buys:26/Sales:432,,Gritti Mango Aoud Extrait,100.0,150.0,100.0,AVAILABLE
invisibleindian01,Legacy:303/Buys:26/Sales:432,Gucci,Guilty Elixir Pour Femme,60.0,90.0,100.0,AVAILABLE
invisibleindian01,Legacy:303/Buys:26/Sales:432,Guerlain,L'homme Ideal EDT,100.0,75.0,99.0,AVAILABLE
invisibleindian01,Legacy:303/Buys:26/Sales:432,Guerlain,L'homme Ideal Vetiver EDT,100.0,80.0,99.0,AVAILABLE
invisibleindian01,Legacy:303/Buys:26/Sales:432,,Houbigant Figuier Noir,100.0,115.0,95.0,AVAILABLE
invisibleindian01,Legacy:303/Buys:26/Sales:432,,House of Sillage Holidays,75.0,100.0,80.0,AVAILABLE
invisibleindian01,Legacy:303/Buys:26/Sales:432,Hugo Boss,Extreme,100.0,25.0,99.0,AVAILABLE
invisibleindian01,Legacy:303/Buys:26/Sales:432,,Hypnotizing Fire The Harmonist Parfum,50.0,220.0,100.0,AVAILABLE
invisibleindian01,Legacy:303/Buys:26/Sales:432,Initio,Absolute Aphrodisiac,90.0,170.0,100.0,AVAILABLE
invisibleindian01,Legacy:303/Buys:26/Sales:432,Initio,Addictive Vibrations,90.0,160.0,100.0,AVAILABLE
invisibleindian01,Legacy:303/Buys:26/Sales:432,Initio,Atomic Rose EDP,90.0,165.0,100.0,AVAILABLE
invisibleindian01,Legacy:303/Buys:26/Sales:432,Initio,Blessed Baraka,90.0,160.0,100.0,AVAILABLE
invisibleindian01,Legacy:303/Buys:26/Sales:432,Initio,High Frequency,90.0,165.0,100.0,AVAILABLE
invisibleindian01,Legacy:303/Buys:26/Sales:432,Initio,Musk Therapy,90.0,195.0,100.0,AVAILABLE
invisibleindian01,Legacy:303/Buys:26/Sales:432,Initio,Musk Therapy,50.0,140.0,100.0,AVAILABLE
invisibleindian01,Legacy:303/Buys:26/Sales:432,Initio,Musk Therapy,90.0,180.0,100.0,AVAILABLE
invisibleindian01,Legacy:303/Buys:26/Sales:432,Initio,Musk Therapy,90.0,180.0,100.0,AVAILABLE
invisibleindian01,Legacy:303/Buys:26/Sales:432,Initio,Narcotic Delights,90.0,165.0,100.0,AVAILABLE
invisibleindian01,Legacy:303/Buys:26/Sales:432,Initio,Oud For Greatness,90.0,180.0,100.0,AVAILABLE
invisibleindian01,Legacy:303/Buys:26/Sales:432,Initio,Oud For Happiness,90.0,155.0,100.0,AVAILABLE
invisibleindian01,Legacy:303/Buys:26/Sales:432,Initio,Paragon,90.0,170.0,100.0,AVAILABLE
invisibleindian01,Legacy:303/Buys:26/Sales:432,Initio,Paragon,90.0,180.0,100.0,AVAILABLE
invisibleindian01,Legacy:303/Buys:26/Sales:432,Initio,Psychedelic Love,90.0,165.0,100.0,AVAILABLE
invisibleindian01,Legacy:303/Buys:26/Sales:432,Initio,Side Effect,90.0,192.0,100.0,AVAILABLE
invisibleindian01,Legacy:303/Buys:26/Sales:432,Jo Malone,Myrrh and Tonka Intense,50.0,60.0,80.0,AVAILABLE
invisibleindian01,Legacy:303/Buys:26/Sales:432,,Lovefest Burning Cherry 48,50.0,60.0,99.0,AVAILABLE
invisibleindian01,Legacy:303/Buys:26/Sales:432,,Followed,100.0,130.0,99.0,AVAILABLE
invisibleindian01,Legacy:303/Buys:26/Sales:432,Kilian,Apple Brandy On the Rocks (refill),50.0,130.0,100.0,AVAILABLE
invisibleindian01,Legacy:303/Buys:26/Sales:432,Kilian,Princess EDP,50.0,105.0,100.0,AVAILABLE
invisibleindian01,Legacy:303/Buys:26/Sales:432,Lacoste,L.12.12 Blanc EDP,100.0,30.0,95.0,AVAILABLE
invisibleindian01,Legacy:303/Buys:26/Sales:432,Le Labo,Another 13,100.0,240.0,90.0,AVAILABLE
invisibleindian01,Legacy:303/Buys:26/Sales:432,Le Labo,Another 13,30.0,120.0,99.0,AVAILABLE
invisibleindian01,Legacy:303/Buys:26/Sales:432,Le Labo,Bergamote 22,100.0,260.0,100.0,AVAILABLE
invisibleindian01,Legacy:303/Buys:26/Sales:432,Le Labo,Oud 27,100.0,160.0,99.0,AVAILABLE
invisibleindian01,Legacy:303/Buys:26/Sales:432,Le Labo,Santal 33,50.0,142.0,100.0,AVAILABLE
invisibleindian01,Legacy:303/Buys:26/Sales:432,Le Labo,Santal 33 (label damaged),100.0,235.0,99.0,AVAILABLE
invisibleindian01,Legacy:303/Buys:26/Sales:432,,Blanche Bete,100.0,160.0,100.0,AVAILABLE
invisibleindian01,Legacy:303/Buys:26/Sales:432,,Blanche Bete,100.0,130.0,100.0,AVAILABLE
invisibleindian01,Legacy:303/Buys:26/Sales:432,Loewe,Pour Homme,100.0,90.0,100.0,AVAILABLE
invisibleindian01,Legacy:303/Buys:26/Sales:432,,Cherry Ink,50.0,135.0,100.0,AVAILABLE
invisibleindian01,Legacy:303/Buys:26/Sales:432,,Summer Hammer,50.0,150.0,100.0,AVAILABLE
invisibleindian01,Legacy:303/Buys:26/Sales:432,,Summer Hammer,50.0,135.0,100.0,AVAILABLE
invisibleindian01,Legacy:303/Buys:26/Sales:432,,Sun-gria,50.0,135.0,100.0,AVAILABLE
invisibleindian01,Legacy:303/Buys:26/Sales:432,Louis Vuitton,L'immensite,200.0,480.0,99.0,AVAILABLE
invisibleindian01,Legacy:303/Buys:26/Sales:432,Louis Vuitton,"Ombre Nomade (no cap, engraved)",100.0,280.0,95.0,AVAILABLE
invisibleindian01,Legacy:303/Buys:26/Sales:432,Louis Vuitton,"Ombre Nomade (no cap, no engraving)",100.0,290.0,95.0,AVAILABLE
invisibleindian01,Legacy:303/Buys:26/Sales:432,,Rose Saltifolia,100.0,110.0,85.0,AVAILABLE
invisibleindian01,Legacy:303/Buys:26/Sales:432,Mancera,Aoud Cafe,120.0,65.0,95.0,AVAILABLE
invisibleindian01,Legacy:303/Buys:26/Sales:432,Mancera,Cedrat Boise,120.0,65.0,95.0,AVAILABLE
invisibleindian01,Legacy:303/Buys:26/Sales:432,Mancera,French Riviera,120.0,95.0,100.0,AVAILABLE
invisibleindian01,Legacy:303/Buys:26/Sales:432,Mancera,Tonka Cola,120.0,100.0,100.0,AVAILABLE
invisibleindian01,Legacy:303/Buys:26/Sales:432,Maison Francis Kurkdjian,A la rose,70.0,155.0,100.0,AVAILABLE
invisibleindian01,Legacy:303/Buys:26/Sales:432,Maison Francis Kurkdjian,Amyris Femme,70.0,150.0,100.0,AVAILABLE
invisibleindian01,Legacy:303/Buys:26/Sales:432,Maison Francis Kurkdjian,Amyris Femme Extrait,70.0,200.0,100.0,AVAILABLE
invisibleindian01,Legacy:303/Buys:26/Sales:432,Maison Francis Kurkdjian,Amyris Homme EDT,70.0,165.0,100.0,AVAILABLE
invisibleindian01,Legacy:303/Buys:26/Sales:432,Maison Francis Kurkdjian,APOM EDP,70.0,170.0,100.0,AVAILABLE
invisibleindian01,Legacy:303/Buys:26/Sales:432,Maison Francis Kurkdjian,APOM EDP,200.0,300.0,100.0,AVAILABLE
invisibleindian01,Legacy:303/Buys:26/Sales:432,Maison Francis Kurkdjian,APOM EDP,70.0,155.0,100.0,AVAILABLE
invisibleindian01,Legacy:303/Buys:26/Sales:432,Maison Francis Kurkdjian,Aqua Celestia,70.0,155.0,100.0,AVAILABLE
invisibleindian01,Legacy:303/Buys:26/Sales:432,Maison Francis Kurkdjian,Aqua Celestia,70.0,140.0,100.0,AVAILABLE
invisibleindian01,Legacy:303/Buys:26/Sales:432,Maison Francis Kurkdjian,Aqua Universalis EDT,70.0,130.0,100.0,AVAILABLE
invisibleindian01,Legacy:303/Buys:26/Sales:432,Maison Francis Kurkdjian,Aqua Vitae Forte,70.0,180.0,100.0,AVAILABLE
invisibleindian01,Legacy:303/Buys:26/Sales:432,Maison Francis Kurkdjian,Baccarat Rouge 540 EDP,200.0,430.0,100.0,AVAILABLE
invisibleindian01,Legacy:303/Buys:26/Sales:432,Maison Francis Kurkdjian,Baccarat Rouge 540 EDP,200.0,390.0,100.0,AVAILABLE
invisibleindian01,Legacy:303/Buys:26/Sales:432,Maison Francis Kurkdjian,Baccarat Rouge 540 EDP,35.0,145.0,100.0,AVAILABLE
invisibleindian01,Legacy:303/Buys:26/Sales:432,Maison Francis Kurkdjian,Baccarat Rouge 540 EDP,70.0,199.0,93.0,AVAILABLE
invisibleindian01,Legacy:303/Buys:26/Sales:432,Maison Francis Kurkdjian,Baccarat Rouge 540 EDP,70.0,210.0,100.0,AVAILABLE
invisibleindian01,Legacy:303/Buys:26/Sales:432,Maison Francis Kurkdjian,Baccarat Rouge 540 EDP 2021,200.0,400.0,88.0,AVAILABLE
invisibleindian01,Legacy:303/Buys:26/Sales:432,Maison Francis Kurkdjian,Baccarat Rouge 540 EDP 2021 2,200.0,410.0,95.0,AVAILABLE
invisibleindian01,Legacy:303/Buys:26/Sales:432,Maison Francis Kurkdjian,Baccarat Rouge 540 Extrait,200.0,630.0,100.0,AVAILABLE
invisibleindian01,Legacy:303/Buys:26/Sales:432,Maison Francis Kurkdjian,Baccarat Rouge 540 Extrait,200.0,590.0,100.0,AVAILABLE
invisibleindian01,Legacy:303/Buys:26/Sales:432,Maison Francis Kurkdjian,Baccarat Rouge 540 Extrait,35.0,210.0,100.0,AVAILABLE
invisibleindian01,Legacy:303/Buys:26/Sales:432,Maison Francis Kurkdjian,Baccarat Rouge 540 Extrait,70.0,285.0,100.0,AVAILABLE
invisibleindian01,Legacy:303/Buys:26/Sales:432,Maison Francis Kurkdjian,Baccarat Rouge 540 Fragrance Ritual Gift Set - 3 piece,,220.0,100.0,AVAILABLE
invisibleindian01,Legacy:303/Buys:26/Sales:432,Maison Francis Kurkdjian,Baccarat Rouge 540 Hair Mist,70.0,75.0,100.0,AVAILABLE
invisibleindian01,Legacy:303/Buys:26/Sales:432,Maison Francis Kurkdjian,Feminin Pluriel,70.0,170.0,100.0,AVAILABLE
invisibleindian01,Legacy:303/Buys:26/Sales:432,Maison Francis Kurkdjian,Gentle Fluidity Gold,70.0,165.0,100.0,AVAILABLE
invisibleindian01,Legacy:303/Buys:26/Sales:432,Maison Francis Kurkdjian,Oud EDP,35.0,129.0,100.0,AVAILABLE
invisibleindian01,Legacy:303/Buys:26/Sales:432,Maison Francis Kurkdjian,Oud EDP,70.0,155.0,99.0,AVAILABLE
invisibleindian01,Legacy:303/Buys:26/Sales:432,Maison Francis Kurkdjian,Oud EDP,200.0,330.0,99.0,AVAILABLE
invisibleindian01,Legacy:303/Buys:26/Sales:432,Maison Francis Kurkdjian,Oud EDP,70.0,150.0,100.0,AVAILABLE
invisibleindian01,Legacy:303/Buys:26/Sales:432,Maison Francis Kurkdjian,Oud Extrait,70.0,220.0,99.0,AVAILABLE
invisibleindian01,Legacy:303/Buys:26/Sales:432,Maison Francis Kurkdjian,Oud Satin Mood Extrait,70.0,260.0,100.0,AVAILABLE
invisibleindian01,Legacy:303/Buys:26/Sales:432,Maison Francis Kurkdjian,Oud Silk Mood EDP,70.0,165.0,100.0,AVAILABLE
invisibleindian01,Legacy:303/Buys:26/Sales:432,Maison Francis Kurkdjian,Oud Silk Mood Extrait,70.0,200.0,100.0,AVAILABLE
invisibleindian01,Legacy:303/Buys:26/Sales:432,Maison Francis Kurkdjian,Petit Matin,70.0,165.0,100.0,AVAILABLE
invisibleindian01,Legacy:303/Buys:26/Sales:432,,Mind Games Blockade,100.0,229.0,100.0,AVAILABLE
invisibleindian01,Legacy:303/Buys:26/Sales:432,,Mind Games Blockade,100.0,219.0,,AVAILABLE
invisibleindian01,Legacy:303/Buys:26/Sales:432,,Mind Games Caissa,100.0,229.0,,AVAILABLE
invisibleindian01,Legacy:303/Buys:26/Sales:432,,Mind Games Double Attack,100.0,229.0,,AVAILABLE
invisibleindian01,Legacy:303/Buys:26/Sales:432,,Mind Games En Prise,100.0,229.0,,AVAILABLE
invisibleindian01,Legacy:303/Buys:26/Sales:432,,Mind Games French Defense,100.0,239.0,,AVAILABLE
invisibleindian01,Legacy:303/Buys:26/Sales:432,,Mind Games French Defense,100.0,225.0,,AVAILABLE
invisibleindian01,Legacy:303/Buys:26/Sales:432,,Mind Games Gambit,100.0,225.0,,AVAILABLE
invisibleindian01,Legacy:303/Buys:26/Sales:432,,Mind Games Kingside,100.0,309.0,,AVAILABLE
invisibleindian01,Legacy:303/Buys:26/Sales:432,,Mind Games Lionora,100.0,229.0,,AVAILABLE
invisibleindian01,Legacy:303/Buys:26/Sales:432,,Mind Games Mentor,100.0,309.0,,AVAILABLE
invisibleindian01,Legacy:303/Buys:26/Sales:432,,Mind Games Opera Mate,100.0,249.0,100.0,AVAILABLE
invisibleindian01,Legacy:303/Buys:26/Sales:432,,Mind Games Prodigy,100.0,309.0,100.0,AVAILABLE
invisibleindian01,Legacy:303/Buys:26/Sales:432,,Mind Games Queening,100.0,229.0,100.0,AVAILABLE
invisibleindian01,Legacy:303/Buys:26/Sales:432,,Mind Games Queening,100.0,219.0,100.0,AVAILABLE
invisibleindian01,Legacy:303/Buys:26/Sales:432,,Mind Games Queenside,100.0,309.0,100.0,AVAILABLE
invisibleindian01,Legacy:303/Buys:26/Sales:432,,Mind Games Sans Voir,100.0,229.0,100.0,AVAILABLE
invisibleindian01,Legacy:303/Buys:26/Sales:432,,Mind Games Sissa,100.0,229.0,100.0,AVAILABLE
invisibleindian01,Legacy:303/Buys:26/Sales:432,,Mind Games The forward,100.0,229.0,100.0,AVAILABLE
invisibleindian01,Legacy:303/Buys:26/Sales:432,MM,MMM By the Fireplace,100.0,78.0,97.0,AVAILABLE
invisibleindian01,Legacy:303/Buys:26/Sales:432,,Moschino Forever For Men,100.0,45.0,95.0,AVAILABLE
invisibleindian01,Legacy:303/Buys:26/Sales:432,,Moschino Forever Sailing,100.0,80.0,95.0,AVAILABLE
invisibleindian01,Legacy:303/Buys:26/Sales:432,Burberry,Mr. Burberry EDT,100.0,25.0,95.0,AVAILABLE
invisibleindian01,Legacy:303/Buys:26/Sales:432,Nishane,Fan Your Flames,100.0,140.0,99.0,AVAILABLE
invisibleindian01,Legacy:303/Buys:26/Sales:432,Nishane,Nanshe,100.0,110.0,99.0,AVAILABLE
invisibleindian01,Legacy:303/Buys:26/Sales:432,,Parfums Vintage Oriental woods,50.0,50.0,80.0,AVAILABLE
invisibleindian01,Legacy:303/Buys:26/Sales:432,,Mile High 38,50.0,70.0,95.0,AVAILABLE
invisibleindian01,Legacy:303/Buys:26/Sales:432,,Athalia,75.0,158.0,100.0,AVAILABLE
invisibleindian01,Legacy:303/Buys:26/Sales:432,,Athalia,75.0,175.0,100.0,AVAILABLE
invisibleindian01,Legacy:303/Buys:26/Sales:432,,Athalia (medium cosmetic damage),75.0,148.0,100.0,AVAILABLE
invisibleindian01,Legacy:303/Buys:26/Sales:432,,Cassili (dot-sized cosmetic damage),75.0,153.0,100.0,AVAILABLE
invisibleindian01,Legacy:303/Buys:26/Sales:432,Parfums de Marly,Darcy,75.0,158.0,100.0,AVAILABLE
invisibleindian01,Legacy:303/Buys:26/Sales:432,Parfums de Marly,Darcy,75.0,162.0,100.0,AVAILABLE
invisibleindian01,Legacy:303/Buys:26/Sales:432,Parfums de Marly,Delina,30.0,129.0,100.0,AVAILABLE
invisibleindian01,Legacy:303/Buys:26/Sales:432,Parfums de Marly,Delina,75.0,165.0,100.0,AVAILABLE
invisibleindian01,Legacy:303/Buys:26/Sales:432,Parfums de Marly,Delina,75.0,195.0,100.0,AVAILABLE
invisibleindian01,Legacy:303/Buys:26/Sales:432,Parfums de Marly,Delina,75.0,173.0,100.0,AVAILABLE
invisibleindian01,Legacy:303/Buys:26/Sales:432,Parfums de Marly,Delina Exclusif,30.0,145.0,100.0,AVAILABLE
invisibleindian01,Legacy:303/Buys:26/Sales:432,Parfums de Marly,Delina Exclusif,75.0,189.0,100.0,AVAILABLE
invisibleindian01,Legacy:303/Buys:26/Sales:432,Parfums de Marly,Delina La Rosee,30.0,120.0,100.0,AVAILABLE
invisibleindian01,Legacy:303/Buys:26/Sales:432,Parfums de Marly,Delina La Rosee,75.0,165.0,100.0,AVAILABLE
invisibleindian01,Legacy:303/Buys:26/Sales:432,Parfums de Marly,Delina La Rosee,75.0,190.0,100.0,AVAILABLE
invisibleindian01,Legacy:303/Buys:26/Sales:432,Parfums de Marly,Meliora,75.0,169.0,100.0,AVAILABLE
invisibleindian01,Legacy:303/Buys:26/Sales:432,Parfums de Marly,Meliora,75.0,195.0,100.0,AVAILABLE
invisibleindian01,Legacy:303/Buys:26/Sales:432,Parfums de Marly,Oriana,75.0,165.0,100.0,AVAILABLE
invisibleindian01,Legacy:303/Buys:26/Sales:432,Parfums de Marly,Palatine,75.0,155.0,100.0,AVAILABLE
invisibleindian01,Legacy:303/Buys:26/Sales:432,Parfums de Marly,Palatine,75.0,185.0,100.0,AVAILABLE
invisibleindian01,Legacy:303/Buys:26/Sales:432,Parfums de Marly,Palatine (Tester),75.0,165.0,100.0,AVAILABLE
invisibleindian01,Legacy:303/Buys:26/Sales:432,Parfums de Marly,Safanad,75.0,169.0,100.0,AVAILABLE
invisibleindian01,Legacy:303/Buys:26/Sales:432,Parfums de Marly,Valaya,30.0,145.0,95.0,AVAILABLE
invisibleindian01,Legacy:303/Buys:26/Sales:432,Parfums de Marly,Valaya,75.0,185.0,95.0,AVAILABLE
invisibleindian01,Legacy:303/Buys:26/Sales:432,Parfums de Marly,Valaya Exclusif,30.0,175.0,95.0,AVAILABLE
invisibleindian01,Legacy:303/Buys:26/Sales:432,Parfums de Marly,Valaya Exclusif,75.0,210.0,100.0,AVAILABLE
invisibleindian01,Legacy:303/Buys:26/Sales:432,Parfums de Marly,Valaya Exclusif,75.0,220.0,100.0,AVAILABLE
invisibleindian01,Legacy:303/Buys:26/Sales:432,Parfums de Marly,Akaster,125.0,200.0,100.0,AVAILABLE
invisibleindian01,Legacy:303/Buys:26/Sales:432,Parfums de Marly,Akaster EDP,125.0,250.0,100.0,AVAILABLE
invisibleindian01,Legacy:303/Buys:26/Sales:432,Parfums de Marly,Althair,125.0,185.0,100.0,AVAILABLE
invisibleindian01,Legacy:303/Buys:26/Sales:432,Parfums de Marly,Carlisle,125.0,170.0,100.0,AVAILABLE
invisibleindian01,Legacy:303/Buys:26/Sales:432,Parfums de Marly,Galloway,125.0,150.0,100.0,AVAILABLE
invisibleindian01,Legacy:303/Buys:26/Sales:432,Parfums de Marly,Godolophin,75.0,130.0,100.0,AVAILABLE
invisibleindian01,Legacy:303/Buys:26/Sales:432,Parfums de Marly,Godolophin,125.0,155.0,100.0,AVAILABLE
invisibleindian01,Legacy:303/Buys:26/Sales:432,Parfums de Marly,Greenley,125.0,180.0,100.0,AVAILABLE
invisibleindian01,Legacy:303/Buys:26/Sales:432,Parfums de Marly,Greenley,125.0,189.0,100.0,AVAILABLE
invisibleindian01,Legacy:303/Buys:26/Sales:432,Parfums de Marly,Greenley,75.0,135.0,100.0,AVAILABLE
invisibleindian01,Legacy:303/Buys:26/Sales:432,Parfums de Marly,Habdan,125.0,165.0,100.0,AVAILABLE
invisibleindian01,Legacy:303/Buys:26/Sales:432,Parfums de Marly,Habdan,125.0,170.0,100.0,AVAILABLE
invisibleindian01,Legacy:303/Buys:26/Sales:432,Parfums de Marly,Haltane,125.0,185.0,100.0,AVAILABLE
invisibleindian01,Legacy:303/Buys:26/Sales:432,Parfums de Marly,Herod,125.0,159.0,100.0,AVAILABLE
invisibleindian01,Legacy:303/Buys:26/Sales:432,Parfums de Marly,Herod,75.0,120.0,100.0,AVAILABLE
invisibleindian01,Legacy:303/Buys:26/Sales:432,Parfums de Marly,Layton,125.0,170.0,100.0,AVAILABLE
invisibleindian01,Legacy:303/Buys:26/Sales:432,Parfums de Marly,Layton,200.0,230.0,100.0,AVAILABLE
invisibleindian01,Legacy:303/Buys:26/Sales:432,Parfums de Marly,Layton 2021,125.0,189.0,95.0,AVAILABLE
invisibleindian01,Legacy:303/Buys:26/Sales:432,Parfums de Marly,Layton Exclusif,125.0,170.0,100.0,AVAILABLE
invisibleindian01,Legacy:303/Buys:26/Sales:432,Parfums de Marly,Layton Exclusif,125.0,168.0,100.0,AVAILABLE
invisibleindian01,Legacy:303/Buys:26/Sales:432,Parfums de Marly,Oajan,125.0,170.0,100.0,AVAILABLE
invisibleindian01,Legacy:303/Buys:26/Sales:432,Parfums de Marly,Percival,125.0,170.0,100.0,AVAILABLE
invisibleindian01,Legacy:303/Buys:26/Sales:432,Parfums de Marly,Percival,125.0,190.0,100.0,AVAILABLE
invisibleindian01,Legacy:303/Buys:26/Sales:432,Parfums de Marly,Percival,75.0,135.0,100.0,AVAILABLE
invisibleindian01,Legacy:303/Buys:26/Sales:432,Parfums de Marly,Percival 2018,125.0,250.0,100.0,AVAILABLE
invisibleindian01,Legacy:303/Buys:26/Sales:432,Parfums de Marly,Perseus,125.0,172.0,100.0,AVAILABLE
invisibleindian01,Legacy:303/Buys:26/Sales:432,Parfums de Marly,Perseus,75.0,132.0,100.0,AVAILABLE
invisibleindian01,Legacy:303/Buys:26/Sales:432,Parfums de Marly,Sedley,125.0,190.0,100.0,AVAILABLE
invisibleindian01,Legacy:303/Buys:26/Sales:432,Parfums de Marly,Sedley,75.0,140.0,100.0,AVAILABLE
invisibleindian01,Legacy:303/Buys:26/Sales:432,Parfums de Marly,Sedley 2021,125.0,195.0,95.0,AVAILABLE
invisibleindian01,Legacy:303/Buys:26/Sales:432,Penhaligon's,Mr Sam EDP,75.0,210.0,100.0,AVAILABLE
invisibleindian01,Legacy:303/Buys:26/Sales:432,Prada,Luna Rossa EDT,100.0,70.0,95.0,AVAILABLE
invisibleindian01,Legacy:303/Buys:26/Sales:432,,Roberto Cavalli Uomo,100.0,35.0,95.0,AVAILABLE
invisibleindian01,Legacy:303/Buys:26/Sales:432,Rochas,Moustache EDP,75.0,42.0,,AVAILABLE
invisibleindian01,Legacy:303/Buys:26/Sales:432,,Amber Aoud,100.0,360.0,100.0,AVAILABLE
invisibleindian01,Legacy:303/Buys:26/Sales:432,,Danger Parfum,50.0,200.0,99.0,AVAILABLE
invisibleindian01,Legacy:303/Buys:26/Sales:432,,Danger Parfum Cologne,100.0,160.0,95.0,AVAILABLE
invisibleindian01,Legacy:303/Buys:26/Sales:432,,Danger Parfum Cologne,100.0,160.0,99.0,AVAILABLE
invisibleindian01,Legacy:303/Buys:26/Sales:432,,Diaghilev Parfum 2023,100.0,520.0,100.0,AVAILABLE
invisibleindian01,Legacy:303/Buys:26/Sales:432,,Elysium Parfum,50.0,225.0,92.0,AVAILABLE
invisibleindian01,Legacy:303/Buys:26/Sales:432,,Elysium Parfum Cologne,100.0,160.0,100.0,AVAILABLE
invisibleindian01,Legacy:303/Buys:26/Sales:432,,Enigma Parfum Cologne,100.0,160.0,95.0,AVAILABLE
invisibleindian01,Legacy:303/Buys:26/Sales:432,,Scandal Parfum,50.0,225.0,99.0,AVAILABLE
invisibleindian01,Legacy:303/Buys:26/Sales:432,,Scandal Parfum Cologne,100.0,155.0,99.0,AVAILABLE
invisibleindian01,Legacy:303/Buys:26/Sales:432,,Scandal Parfum Cologne,100.0,160.0,99.0,AVAILABLE
invisibleindian01,Legacy:303/Buys:26/Sales:432,,Vetiver Parfum Cologne,100.0,155.0,92.0,AVAILABLE
invisibleindian01,Legacy:303/Buys:26/Sales:432,,Cherry Punk EDP,100.0,140.0,100.0,AVAILABLE
invisibleindian01,Legacy:303/Buys:26/Sales:432,,Cherry Punk Extrait,100.0,169.0,100.0,AVAILABLE
invisibleindian01,Legacy:303/Buys:26/Sales:432,,Wave Child EDP,100.0,145.0,100.0,AVAILABLE
invisibleindian01,Legacy:303/Buys:26/Sales:432,,4,100.0,80.0,99.0,AVAILABLE
invisibleindian01,Legacy:303/Buys:26/Sales:432,,Sultan,100.0,225.0,95.0,AVAILABLE
invisibleindian01,Legacy:303/Buys:26/Sales:432,,God of Fire,50.0,192.0,100.0,AVAILABLE
invisibleindian01,Legacy:303/Buys:26/Sales:432,,Soleil De Jeddah,50.0,140.0,80.0,AVAILABLE
invisibleindian01,Legacy:303/Buys:26/Sales:432,,Venom Incarnat,50.0,180.0,100.0,AVAILABLE
invisibleindian01,Legacy:303/Buys:26/Sales:432,,YuZu,50.0,20.0,80.0,AVAILABLE
invisibleindian01,Legacy:303/Buys:26/Sales:432,,Vibrato,100.0,170.0,100.0,AVAILABLE
invisibleindian01,Legacy:303/Buys:26/Sales:432,,Black Influence,30.0,45.0,95.0,AVAILABLE
invisibleindian01,Legacy:303/Buys:26/Sales:432,,Thameen Carved Oud,100.0,180.0,100.0,AVAILABLE
invisibleindian01,Legacy:303/Buys:26/Sales:432,,Thameen Carved Oud,50.0,115.0,100.0,AVAILABLE
invisibleindian01,Legacy:303/Buys:26/Sales:432,,Thameen Carved Oud,50.0,100.0,100.0,AVAILABLE
invisibleindian01,Legacy:303/Buys:26/Sales:432,,Tiziana Terenzi Spirito Fiorentino,100.0,90.0,90.0,AVAILABLE
invisibleindian01,Legacy:303/Buys:26/Sales:432,Tom Ford,Tom Ford Amber Absolute Reserve,50.0,300.0,100.0,AVAILABLE
invisibleindian01,Legacy:303/Buys:26/Sales:432,Tom Ford,Bois Marocain,30.0,70.0,90.0,AVAILABLE
invisibleindian01,Legacy:303/Buys:26/Sales:432,Tom Ford,Eau De Soleil Blanc,50.0,70.0,100.0,AVAILABLE
invisibleindian01,Legacy:303/Buys:26/Sales:432,Tom Ford,Ebene Fume,50.0,150.0,99.0,AVAILABLE
invisibleindian01,Legacy:303/Buys:26/Sales:432,Tom Ford,Lost Cherry 1,100.0,250.0,90.0,AVAILABLE
invisibleindian01,Legacy:303/Buys:26/Sales:432,Tom Ford,Noir de Noir,50.0,145.0,95.0,AVAILABLE
invisibleindian01,Legacy:303/Buys:26/Sales:432,Tom Ford,Noir Extreme EDP Gift set,100.0,140.0,100.0,AVAILABLE
invisibleindian01,Legacy:303/Buys:26/Sales:432,Tom Ford,Ombre Leather Parfum,50.0,95.0,100.0,AVAILABLE
invisibleindian01,Legacy:303/Buys:26/Sales:432,Tom Ford,Shanghai Lily,50.0,275.0,100.0,AVAILABLE
invisibleindian01,Legacy:303/Buys:26/Sales:432,Tom Ford,Tubereuse Nue,50.0,110.0,74.0,AVAILABLE
invisibleindian01,Legacy:303/Buys:26/Sales:432,Tom Ford,Velvet Orchid EDP,50.0,85.0,100.0,AVAILABLE
invisibleindian01,Legacy:303/Buys:26/Sales:432,,Tommy Bahama St Barts,100.0,25.0,95.0,AVAILABLE
invisibleindian01,Legacy:303/Buys:26/Sales:432,,Unique'e Luxury Izmir,100.0,150.0,99.0,AVAILABLE
invisibleindian01,Legacy:303/Buys:26/Sales:432,Valentino,Uomo Born In Roma,100.0,90.0,99.0,AVAILABLE
invisibleindian01,Legacy:303/Buys:26/Sales:432,Valentino,Uomo Yellow Dream,100.0,90.0,99.0,AVAILABLE
invisibleindian01,Legacy:303/Buys:26/Sales:432,Viktor & Rolf,Spicebomb Night Vision,50.0,45.0,85.0,AVAILABLE
invisibleindian01,Legacy:303/Buys:26/Sales:432,Xerjoff,40 Knots,100.0,170.0,100.0,AVAILABLE
invisibleindian01,Legacy:303/Buys:26/Sales:432,Xerjoff,Erba Pura,100.0,120.0,85.0,AVAILABLE
invisibleindian01,Legacy:303/Buys:26/Sales:432,Xerjoff,Golden Dallah,50.0,140.0,99.0,AVAILABLE
invisibleindian01,Legacy:303/Buys:26/Sales:432,Xerjoff,Italica Edp,100.0,155.0,100.0,AVAILABLE
invisibleindian01,Legacy:303/Buys:26/Sales:432,Xerjoff,Kobe,50.0,130.0,,AVAILABLE
invisibleindian01,Legacy:303/Buys:26/Sales:432,Xerjoff,Naxos,100.0,155.0,100.0,AVAILABLE
invisibleindian01,Legacy:303/Buys:26/Sales:432,Xerjoff,Starlight,50.0,165.0,100.0,AVAILABLE
invisibleindian01,Legacy:303/Buys:26/Sales:432,Xerjoff,Tony Iommi Monkey,50.0,140.0,90.0,AVAILABLE
invisibleindian01,Legacy:303/Buys:26/Sales:432,Xerjoff,Torino 21,100.0,210.0,100.0,AVAILABLE
invisibleindian01,Legacy:303/Buys:26/Sales:432,Xerjoff,Torino 21,50.0,145.0,100.0,AVAILABLE
invisibleindian01,Legacy:303/Buys:26/Sales:432,Xerjoff,Torino 21,100.0,175.0,100.0,AVAILABLE
invisibleindian01,Legacy:303/Buys:26/Sales:432,Xerjoff,Torino 23,50.0,110.0,100.0,AVAILABLE
invisibleindian01,Legacy:303/Buys:26/Sales:432,Xerjoff,Uden Overdose EDP,50.0,145.0,100.0,AVAILABLE
invisibleindian01,Legacy:303/Buys:26/Sales:432,Yves Saint Laurent,Babycat (2023 batch),125.0,275.0,100.0,AVAILABLE
invisibleindian01,Legacy:303/Buys:26/Sales:432,Yves Saint Laurent,Exquisite Embroidery,75.0,150.0,90.0,AVAILABLE
invisibleindian01,Legacy:303/Buys:26/Sales:432,,Zegna Forte,100.0,60.0,95.0,AVAILABLE
invisibleindian01,Legacy:303/Buys:26/Sales:432,,Zegna Intenso,100.0,75.0,95.0,AVAILABLE
invisibleindian01,Legacy:303/Buys:26/Sales:432,,Goldfield & Banks Bohemian lime disco (Mini),7.5,20.0,60.0,AVAILABLE
invisibleindian01,Legacy:303/Buys:26/Sales:432,Mancera,Instant Crush (Mini),8.0,12.0,,AVAILABLE
invisibleindian01,Legacy:303/Buys:26/Sales:432,,Zaharoff bundle (Mini),,45.0,,AVAILABLE
DrSounds,Legacy:0/Buys:29/Sales:21,Byredo,Bal d’Afrique,100.0,165.0,98.0,LISTED
DrSounds,Legacy:0/Buys:29/Sales:21,Creed,Aventus,,,,
DrSounds,Legacy:0/Buys:29/Sales:21,Creed,Aventus Absolu (2025),,,,
NoZookeepergame1637,nan,Chanel,Gabrielle,,120.0,90.0,AVAILABLE
NoZookeepergame1637,nan,,Lait Et Chocolat,,90.0,,AVAILABLE
NoZookeepergame1637,nan,,Brownie,,30.0,,AVAILABLE
NoZookeepergame1637,nan,,Pansy,,30.0,90.0,AVAILABLE
marskee00,Legacy:145/Buys:42/Sales:145,,Unknown,50.0,90.0,,LISTED
Ok-Measurement8539,Legacy:0/Buys:18/Sales:31,Armani,Eau De Cedre,100.0,55.0,100.0,LISTED
Doggystylemike,Legacy:0/Buys:30/Sales:42,Penhaligon's,Blazing Mr. Sam,75.0,160.0,75.0,SOLD
Doggystylemike,Legacy:0/Buys:30/Sales:42,,Swamp Water,,110.0,99.0,SOLD
Doggystylemike,Legacy:0/Buys:30/Sales:42,,Swamp Water,30.0,,,SOLD
PrinceCharming5,Legacy:0/Buys:55/Sales:104,Jean Paul Gaultier,Ultra Male,200.0,85.0,,AVAILABLE
PrinceCharming5,Legacy:0/Buys:55/Sales:104,Chanel,Bleu de Chanel EDP,150.0,115.0,,AVAILABLE
PrinceCharming5,Legacy:0/Buys:55/Sales:104,Chanel,"Allure Homme Sport Cologne ""Sport"" 2012",150.0,95.0,,SOLD
PrinceCharming5,Legacy:0/Buys:55/Sales:104,Yves Saint Laurent,Y EDT,100.0,50.0,,AVAILABLE
PrinceCharming5,Legacy:0/Buys:55/Sales:104,Versace,Dylan Blue,100.0,20.0,,SOLD
PrinceCharming5,Legacy:0/Buys:55/Sales:104,Dolce & Gabbana,The One EDT (Vintage),100.0,20.0,,AVAILABLE
bear06cat,Legacy:0/Buys:27/Sales:343,,Patchouli Sauvage,100.0,95.0,,LISTED
bear06cat,Legacy:0/Buys:27/Sales:343,,1 Million Cologne,100.0,65.0,,LISTED
bear06cat,Legacy:0/Buys:27/Sales:343,,Ajmal Bundle,,59.0,,LISTED
bear06cat,Legacy:0/Buys:27/Sales:343,,Amber Musc,100.0,,,LISTED
bear06cat,Legacy:0/Buys:27/Sales:343,,Amber Wood,100.0,,,LISTED
bear06cat,Legacy:0/Buys:27/Sales:343,Amouage,Reasons,100.0,150.0,,LISTED
bear06cat,Legacy:0/Buys:27/Sales:343,,Tigers Nest,75.0,65.0,,LISTED
Sozins,nan,Initio,Rehab,90.0,150.0,95.0,LISTED
Sozins,nan,,Brutus,50.0,85.0,95.0,LISTED
Sozins,nan,,Camel,60.0,165.0,95.0,LISTED
Kurse_Kustoms,Legacy:0/Buys:5/Sales:32,,Pinnace Oryn,100.0,15.0,97.0,LISTED
Kurse_Kustoms,Legacy:0/Buys:5/Sales:32,,Théorème,100.0,15.0,97.0,LISTED
Kurse_Kustoms,Legacy:0/Buys:5/Sales:32,Afnan,Turathi Blue,90.0,15.0,85.0,LISTED
Kurse_Kustoms,Legacy:0/Buys:5/Sales:32,Afnan,9PM,100.0,15.0,80.0,LISTED
Kurse_Kustoms,Legacy:0/Buys:5/Sales:32,,Immortel,100.0,15.0,90.0,LISTED
Kurse_Kustoms,Legacy:0/Buys:5/Sales:32,Zara,Sunrise On The Red Sand Dunes,100.0,15.0,90.0,LISTED
Kurse_Kustoms,Legacy:0/Buys:5/Sales:32,,Alpine Homme Sport,100.0,15.0,90.0,LISTED
ObjectiveTrue3696,Legacy:0/Buys:32/Sales:59,,Aoud Parfum,100.0,239.0,,AVAILABLE
Vlxxrd,Legacy:0/Buys:2/Sales:9,,prisma topaz,50.0,60.0,50.0,AVAILABLE
Hypernova75,Legacy:0/Buys:0/Sales:27,Dior,Dior Homme Intense,150.0,225.0,99.0,SOLD
Hypernova75,Legacy:0/Buys:0/Sales:27,Mugler,Pure Havane,100.0,200.0,100.0,AVAILABLE
Hypernova75,Legacy:0/Buys:0/Sales:27,Creed,Silver Mountain Water,120.0,200.0,85.0,SOLD
Hypernova75,Legacy:0/Buys:0/Sales:27,Bvlgari,Aqua Amara,50.0,100.0,100.0,AVAILABLE
Reyreyseller_3098,Legacy:7/Buys:1/Sales:45,Hugo Boss,Boss Bottled Triumph Elixir,100.0,70.0,99.0,AVAILABLE
Reyreyseller_3098,Legacy:7/Buys:1/Sales:45,Mancera,Wave Musk,100.0,55.0,95.0,AVAILABLE
Reyreyseller_3098,Legacy:7/Buys:1/Sales:45,Dolce & Gabbana,Light Blue Summer Vibes,100.0,40.0,95.0,AVAILABLE
Reyreyseller_3098,Legacy:7/Buys:1/Sales:45,Bvlgari,Man Wood Essence,100.0,45.0,95.0,AVAILABLE
Reyreyseller_3098,Legacy:7/Buys:1/Sales:45,,Paco Rabanne Pour Homme Tester,100.0,70.0,99.0,AVAILABLE
Reyreyseller_3098,Legacy:7/Buys:1/Sales:45,,Monsieur Balmain,100.0,110.0,95.0,AVAILABLE
Reyreyseller_3098,Legacy:7/Buys:1/Sales:45,Dior,Fahrenheit 2015,200.0,80.0,80.0,AVAILABLE
Wiggletastic,Legacy:0/Buys:1/Sales:10,Chanel,Bleu De Chanel Parfum,100.0,145.0,95.0,SOLD
nikolaij1,Legacy:0/Buys:0/Sales:33,Yves Saint Laurent,La Nuit de l'Homme,100.0,205.0,,AVAILABLE
nikolaij1,Legacy:0/Buys:0/Sales:33,Tom Ford,Italian Cypress,30.0,180.0,,AVAILABLE
nikolaij1,Legacy:0/Buys:0/Sales:33,Maison Francis Kurkdjian,Aqua Celestia,200.0,225.0,,AVAILABLE
nikolaij1,Legacy:0/Buys:0/Sales:33,Tom Ford,Plum Japonais,5.0,,,AVAILABLE
nikolaij1,Legacy:0/Buys:0/Sales:33,Guerlain,Neroli Outrenoir,7.5,,,AVAILABLE
nikolaij1,Legacy:0/Buys:0/Sales:33,,Roja Harrods Parfum Pour Homme,5.0,,,AVAILABLE
nikolaij1,Legacy:0/Buys:0/Sales:33,Tom Ford,Amber Intrigue (Harrods Exclusive),5.0,,,AVAILABLE
nikolaij1,Legacy:0/Buys:0/Sales:33,Guerlain,Neroli Outrenoir,12.0,,,AVAILABLE
nikolaij1,Legacy:0/Buys:0/Sales:33,,Fleur Narcotique Extrait,5.0,,,AVAILABLE
nikolaij1,Legacy:0/Buys:0/Sales:33,,Blue Talisman (Official Travel Size),7.5,,,AVAILABLE
nikolaij1,Legacy:0/Buys:0/Sales:33,,F*ck Boy,5.0,,,AVAILABLE
Meanmrwolf,Legacy:0/Buys:0/Sales:3,Maison Francis Kurkdjian,Baccarat Ex,70.0,190.0,,AVAILABLE
Meanmrwolf,Legacy:0/Buys:0/Sales:3,,God of Fire,50.0,175.0,,AVAILABLE
Meanmrwolf,Legacy:0/Buys:0/Sales:3,,Aoud Extraordinaire,50.0,200.0,,AVAILABLE
Jayyy_Knows,Legacy:0/Buys:5/Sales:4,Maison Francis Kurkdjian,Grand Soir,75.0,185.0,100.0,AVAILABLE
Jayyy_Knows,Legacy:0/Buys:5/Sales:4,By Kilian,Angels’ Share,50.0,170.0,98.0,AVAILABLE
Jayyy_Knows,Legacy:0/Buys:5/Sales:4,Xerjoff,Torino 21,50.0,105.0,94.0,SOLD
Jayyy_Knows,Legacy:0/Buys:5/Sales:4,Xerjoff,Torino 22,50.0,105.0,94.0,AVAILABLE
Ok-Measurement8539,Legacy:0/Buys:18/Sales:31,,Coastal Carolina Bundle,,40.0,,SOLD
Ok-Measurement8539,Legacy:0/Buys:18/Sales:31,,Carolina Blue,17.0,,,SOLD
Ok-Measurement8539,Legacy:0/Buys:18/Sales:31,,Outer Banks,17.0,,,AVAILABLE
Ok-Measurement8539,Legacy:0/Buys:18/Sales:31,,Clone Bundle,,45.0,,SOLD
Ok-Measurement8539,Legacy:0/Buys:18/Sales:31,Al Haramain Perfumes,Amber Oud Private Edition (Erba Pura clone),120.0,,95.0,SOLD
Ok-Measurement8539,Legacy:0/Buys:18/Sales:31,Armaf,Odyssey Mandarin Sky (Scandal clone),100.0,,95.0,SOLD
Ok-Measurement8539,Legacy:0/Buys:18/Sales:31,Lattafa,Mashrabya (Smokin Hot clone),100.0,,,SOLD
Ok-Measurement8539,Legacy:0/Buys:18/Sales:31,,Ard Al Zaafaran Al Dirgham Special Edition (Althair clone),100.0,,98.0,SOLD
Dear-Stand-6382,Legacy:0/Buys:52/Sales:87,Louis Vuitton,Orage,100.0,255.0,,SOLD
Dear-Stand-6382,Legacy:0/Buys:52/Sales:87,Nishane,Ani,100.0,70.0,,SOLD
Dear-Stand-6382,Legacy:0/Buys:52/Sales:87,Parfums de Marly,Percival,125.0,160.0,,SOLD
Dear-Stand-6382,Legacy:0/Buys:52/Sales:87,Tom Ford,Fougere D’Argent,50.0,110.0,,AVAILABLE
Dear-Stand-6382,Legacy:0/Buys:52/Sales:87,,Wonderwood,50.0,70.0,,AVAILABLE
Dear-Stand-6382,Legacy:0/Buys:52/Sales:87,Parfums de Marly,Greenley,30.0,50.0,,AVAILABLE
Dear-Stand-6382,Legacy:0/Buys:52/Sales:87,Aaron Terence Hughes,Odyssey,30.0,50.0,90.0,SOLD
MasterOfShrugs,Legacy:0/Buys:13/Sales:27,Diptyque,Tam Dao EDT,100.0,110.0,95.0,SOLD
MasterOfShrugs,Legacy:0/Buys:13/Sales:27,,Dedcool Fragrance 01,50.0,40.0,92.5,SOLD
MasterOfShrugs,Legacy:0/Buys:13/Sales:27,Lattafa,Eclaire,100.0,25.0,95.0,AVAILABLE
MasterOfShrugs,Legacy:0/Buys:13/Sales:27,,Bianco latte,2.0,,,AVAILABLE
MasterOfShrugs,Legacy:0/Buys:13/Sales:27,,La Maison De La Vanille Absolu,100.0,25.0,95.0,AVAILABLE
SCENSE-Aroma,Legacy:0/Buys:0/Sales:64,Maison Francis Kurkdjian,Oud Satin Mood,,,,LISTED
SCENSE-Aroma,Legacy:0/Buys:0/Sales:64,Maison Francis Kurkdjian,Baccarat Rouge 540,,,,LISTED
SCENSE-Aroma,Legacy:0/Buys:0/Sales:64,Maison Francis Kurkdjian,Baccarat Rouge 540 Extrait,,,,LISTED
SCENSE-Aroma,Legacy:0/Buys:0/Sales:64,Louis Vuitton,L'Immensité,,,,LISTED
SCENSE-Aroma,Legacy:0/Buys:0/Sales:64,Creed,Aventus,,,,LISTED
SCENSE-Aroma,Legacy:0/Buys:0/Sales:64,Creed,Green Irish Tweed,,,,LISTED
SCENSE-Aroma,Legacy:0/Buys:0/Sales:64,Creed,Royal Oud,,,,LISTED
SCENSE-Aroma,Legacy:0/Buys:0/Sales:64,,Millesime Imperial,,,,LISTED
SCENSE-Aroma,Legacy:0/Buys:0/Sales:64,,Silver Mountain Water,,,,LISTED
SCENSE-Aroma,Legacy:0/Buys:0/Sales:64,,Original Vetiver,,,,LISTED
SCENSE-Aroma,Legacy:0/Buys:0/Sales:64,,Virgin Island water,,,,LISTED
SCENSE-Aroma,Legacy:0/Buys:0/Sales:64,Le Labo,Another 13,,,,LISTED
SCENSE-Aroma,Legacy:0/Buys:0/Sales:64,Le Labo,Bergamote 22,,,,LISTED
SCENSE-Aroma,Legacy:0/Buys:0/Sales:64,Parfums de Marly,Oajan,,,,LISTED
SCENSE-Aroma,Legacy:0/Buys:0/Sales:64,Parfums de Marly,Layton Exclusif,,,,LISTED
SCENSE-Aroma,Legacy:0/Buys:0/Sales:64,Parfums de Marly,Carlisle,,,,LISTED
SCENSE-Aroma,Legacy:0/Buys:0/Sales:64,Parfums de Marly,Delina,,,,LISTED
SCENSE-Aroma,Legacy:0/Buys:0/Sales:64,Parfums de Marly,Delina Exclusif,,,,AVAILABLE
SCENSE-Aroma,Legacy:0/Buys:0/Sales:64,Parfums de Marly,Pegasus Exclusif,,,,AVAILABLE
SCENSE-Aroma,Legacy:0/Buys:0/Sales:64,Parfums de Marly,Pegasus,,,,AVAILABLE
SCENSE-Aroma,Legacy:0/Buys:0/Sales:64,Parfums de Marly,Haltane,,,,AVAILABLE
SCENSE-Aroma,Legacy:0/Buys:0/Sales:64,Parfums de Marly,Greenly,,,,AVAILABLE
SCENSE-Aroma,Legacy:0/Buys:0/Sales:64,Parfums de Marly,Percival,,,,AVAILABLE
SCENSE-Aroma,Legacy:0/Buys:0/Sales:64,Kilian,Black Phantom,,,,AVAILABLE
SCENSE-Aroma,Legacy:0/Buys:0/Sales:64,Kilian,Angels Share,,,,AVAILABLE
SCENSE-Aroma,Legacy:0/Buys:0/Sales:64,Kilian,Apple Brandy on the Rocks,,,,AVAILABLE
SCENSE-Aroma,Legacy:0/Buys:0/Sales:64,Tom Ford,Tuscan Leather,,,,AVAILABLE
SCENSE-Aroma,Legacy:0/Buys:0/Sales:64,Tom Ford,Ombre Leather,,,,AVAILABLE
SCENSE-Aroma,Legacy:0/Buys:0/Sales:64,Armani,Aqua di Jio,,,,AVAILABLE
SCENSE-Aroma,Legacy:0/Buys:0/Sales:64,Armani,Black,,,,AVAILABLE
SCENSE-Aroma,Legacy:0/Buys:0/Sales:64,Armani,Code Parfum,,,,AVAILABLE
SCENSE-Aroma,Legacy:0/Buys:0/Sales:64,Armani,Code absolu,,,,AVAILABLE
SCENSE-Aroma,Legacy:0/Buys:0/Sales:64,Armani,Aqua di Jio Absolu,,,,AVAILABLE
SCENSE-Aroma,Legacy:0/Buys:0/Sales:64,Armani,Women Aqua di bio,,,,AVAILABLE
SCENSE-Aroma,Legacy:0/Buys:0/Sales:64,Azzaro,Most wanted Parfum,,,,AVAILABLE
SCENSE-Aroma,Legacy:0/Buys:0/Sales:64,Bvlgari,Tygar,,,,AVAILABLE
SCENSE-Aroma,Legacy:0/Buys:0/Sales:64,Carolina Herrera,Bad boy Cobalt Parfum Electrique,,,,AVAILABLE
SCENSE-Aroma,Legacy:0/Buys:0/Sales:64,Carolina Herrera,Bad boy Extreme,,,,AVAILABLE
SCENSE-Aroma,Legacy:0/Buys:0/Sales:64,Carolina Herrera,Good Girl,,,,AVAILABLE
SCENSE-Aroma,Legacy:0/Buys:0/Sales:64,Chanel,Coco M.,,,,AVAILABLE
SCENSE-Aroma,Legacy:0/Buys:0/Sales:64,Chanel,Coco Noir,,,,AVAILABLE
SCENSE-Aroma,Legacy:0/Buys:0/Sales:64,Diptyque,L’Ombre Dans L’Eau EDT,,,,AVAILABLE
SCENSE-Aroma,Legacy:0/Buys:0/Sales:64,Diptyque,Oud Palao,,,,AVAILABLE
SCENSE-Aroma,Legacy:0/Buys:0/Sales:64,Diptyque,TAM DAO,,,,AVAILABLE
SCENSE-Aroma,Legacy:0/Buys:0/Sales:64,Dior,Absolutely Blooming,,,,AVAILABLE
SCENSE-Aroma,Legacy:0/Buys:0/Sales:64,Dolce & Gabbana,Light Blue,,,,AVAILABLE
SCENSE-Aroma,Legacy:0/Buys:0/Sales:64,,Intense Leather,,,,AVAILABLE
SCENSE-Aroma,Legacy:0/Buys:0/Sales:64,Frederic Malle,Portrait of a Lady,,,,AVAILABLE
SCENSE-Aroma,Legacy:0/Buys:0/Sales:64,Gucci,Guilty,,,,AVAILABLE
SCENSE-Aroma,Legacy:0/Buys:0/Sales:64,Initio,Oud for greatness,,,,AVAILABLE
SCENSE-Aroma,Legacy:0/Buys:0/Sales:64,Initio,Oud for happiness,,,,AVAILABLE
SCENSE-Aroma,Legacy:0/Buys:0/Sales:64,Initio,Rehab,,,,AVAILABLE
SCENSE-Aroma,Legacy:0/Buys:0/Sales:64,Initio,Side Effect,,,,AVAILABLE
SCENSE-Aroma,Legacy:0/Buys:0/Sales:64,Mancera,Intense Cedrat Boise,,,,AVAILABLE
SCENSE-Aroma,Legacy:0/Buys:0/Sales:64,Valentino,Donna Born in Roma,,,,AVAILABLE
SCENSE-Aroma,Legacy:0/Buys:0/Sales:64,Valentino,Donna Born in Roma intense,,,,AVAILABLE
SCENSE-Aroma,Legacy:0/Buys:0/Sales:64,Valentino,Uomo Born in Roma intense,,,,AVAILABLE
SCENSE-Aroma,Legacy:0/Buys:0/Sales:64,,Orchid Leather,,,,LISTED
SCENSE-Aroma,Legacy:0/Buys:0/Sales:64,Xerjoff,Naxos,,,,LISTED
SCENSE-Aroma,Legacy:0/Buys:0/Sales:64,Yves Saint Laurent,La Nuit de Homme,,,,LISTED
SCENSE-Aroma,Legacy:0/Buys:0/Sales:64,Yves Saint Laurent,Y EDP,,,,LISTED
SCENSE-Aroma,Legacy:0/Buys:0/Sales:64,Yves Saint Laurent,Black Opium,,,,LISTED
SCENSE-Aroma,Legacy:0/Buys:0/Sales:64,Yves Saint Laurent,Libre,,,,LISTED
SCENSE-Aroma,Legacy:0/Buys:0/Sales:64,,Perfume diffuser,,15.99,,LISTED
SCENSE-Aroma,Legacy:0/Buys:0/Sales:64,,Perfume diffuser,,28.99,,LISTED
SCENSE-Aroma,Legacy:0/Buys:0/Sales:64,,Perfume diffuser,,39.99,,LISTED
SCENSE-Aroma,Legacy:0/Buys:0/Sales:64,,Perfume diffuser + 1 refill bottle,,36.99,,LISTED
SCENSE-Aroma,Legacy:0/Buys:0/Sales:64,,,30.0,25.99,,AVAILABLE
BoomBamBopB,Legacy:0/Buys:2/Sales:0,Parfums de Marly,Haltane,125.0,160.0,95.0,LISTED
THEENDOFTHE_,Legacy:0/Buys:7/Sales:1,,,,100.0,,LISTED
Joseyfish,Legacy:0/Buys:0/Sales:4,Chanel,Le Lion,201.0,400.0,100.0,LISTED
Vlxxrd,Legacy:0/Buys:2/Sales:9,By Kilian,Angels’ Share,100.0,220.0,,AVAILABLE
Final-Garage-2215,Legacy:0/Buys:4/Sales:0,,Shitty Day,,30.0,,AVAILABLE
Final-Garage-2215,Legacy:0/Buys:4/Sales:0,Afnan,Mystique Bouquet,,35.0,,AVAILABLE
Unwxrthy,Legacy:0/Buys:7/Sales:25,,L’immensite,100.0,300.0,,LISTED
TheOGWizzyB,nan,,Comme des Garçons Man 2,100.0,70.0,95.0,SOLD
TheOGWizzyB,nan,,Lalique Encre Noire,100.0,10.0,95.0,AVAILABLE
TheOGWizzyB,nan,,L’occitane Eau Des Baux,75.0,45.0,98.0,AVAILABLE
TheOGWizzyB,nan,,Aesop 5ml sample,5.0,1.0,,SOLD
TheOGWizzyB,nan,,CDG 5ml sample,5.0,1.0,,SOLD
BABankert,Legacy:0/Buys:1/Sales:4,,French Avenue Azzure Aoud,100.0,,95.0,LISTED
BABankert,Legacy:0/Buys:1/Sales:4,Lattafa,Khamrah Qawha,100.0,,95.0,LISTED
BABankert,Legacy:0/Buys:1/Sales:4,Al Haramain Perfumes,Amber Oud Tobacco Edition,60.0,,85.0,LISTED
BABankert,Legacy:0/Buys:1/Sales:4,Afnan,9PM Rebel,100.0,,90.0,LISTED
africanbitcoin,Legacy:0/Buys:7/Sales:19,BDK Parfums,L'Exclusif,100.0,,99.0,AVAILABLE
africanbitcoin,Legacy:0/Buys:7/Sales:19,Xerjoff,40 Knots,2.0,,,AVAILABLE
africanbitcoin,Legacy:0/Buys:7/Sales:19,Creed,Virgin Island Water,1.5,,,AVAILABLE
africanbitcoin,Legacy:0/Buys:7/Sales:19,Parfums de Marly,Sedley,1.5,,,AVAILABLE
africanbitcoin,Legacy:0/Buys:7/Sales:19,Burberry,Hero Parfum,1.5,,,AVAILABLE
africanbitcoin,Legacy:0/Buys:7/Sales:19,Yves Saint Laurent,Libre EDP,1.5,,,AVAILABLE
Paul-209,Legacy:25/Buys:2/Sales:24,,Stéphane Humbert Lucas 777 GOD OF FIRE,50.0,159.0,,LISTED
FlyinCoach,Legacy:7/Buys:56/Sales:6,Tom Ford,Tobacco Oud,100.0,225.0,,LISTED
FlyinCoach,Legacy:7/Buys:56/Sales:6,Tom Ford,Tobacco Oud Intense,10.0,65.0,,LISTED
FlyinCoach,Legacy:7/Buys:56/Sales:6,Dior,Santal Noir,15.0,30.0,,LISTED
FlyinCoach,Legacy:7/Buys:56/Sales:6,,Triumph of Bacchus,30.0,60.0,,LISTED
DrSounds,Legacy:0/Buys:29/Sales:21,Creed,Himalaya,100.0,145.0,95.0,SOLD
DrSounds,Legacy:0/Buys:29/Sales:21,Creed,Aventus,,,,
photographer2001,Legacy:0/Buys:9/Sales:19,,,,60.0,,LISTED
rhesh88,Legacy:0/Buys:2/Sales:0,Yves Saint Laurent,LNDL,60.0,80.0,98.0,LISTED
rhesh88,Legacy:0/Buys:2/Sales:0,Yves Saint Laurent,L'Homme,100.0,165.0,100.0,LISTED
rhesh88,Legacy:0/Buys:2/Sales:0,Ralph Lauren,Polo Explorer,125.0,135.0,100.0,SOLD
rhesh88,Legacy:0/Buys:2/Sales:0,Givenchy,Dahlia Noir EDP,75.0,100.0,100.0,SOLD
Unshapengum,Legacy:0/Buys:0/Sales:2,,God of fire,50.0,,70.0,LISTED
Unshapengum,Legacy:0/Buys:0/Sales:2,,Venom Incarnate,50.0,,90.0,LISTED
Unshapengum,Legacy:0/Buys:0/Sales:2,,Pink Boa,50.0,,84.0,LISTED
Unshapengum,Legacy:0/Buys:0/Sales:2,,Sea my love,50.0,,90.0,LISTED
Pure-Fudge6223,Legacy:0/Buys:1/Sales:0,,Unknown,,45.0,98.0,LISTED
Pure-Fudge6223,Legacy:0/Buys:1/Sales:0,Acqua di Parma,Colonia,,,,
Pure-Fudge6223,Legacy:0/Buys:1/Sales:0,Acqua di Parma,Arancia Di Capri,,,,
Pure-Fudge6223,Legacy:0/Buys:1/Sales:0,Acqua di Parma,Fico di Imalfi,,,,
Pure-Fudge6223,Legacy:0/Buys:1/Sales:0,Guerlain,Any,,,,
Pure-Fudge6223,Legacy:0/Buys:1/Sales:0,,No. 89,,,,
brutalduties,Legacy:13/Buys:123/Sales:35,Jean Paul Gaultier,Le Male Le Parfum,,60.0,,SOLD
brutalduties,Legacy:13/Buys:123/Sales:35,,Sultani,,110.0,,SOLD
brutalduties,Legacy:13/Buys:123/Sales:35,,Luminous Ghost,,90.0,,SOLD
brutalduties,Legacy:13/Buys:123/Sales:35,Loewe,Solo Atlas,,40.0,,SOLD
brutalduties,Legacy:13/Buys:123/Sales:35,,Santal Noir,30.0,25.0,,SOLD
brutalduties,Legacy:13/Buys:123/Sales:35,,Chypre Azural,50.0,65.0,,SOLD
brutalduties,Legacy:13/Buys:123/Sales:35,Zara,Les Heures Passent,,20.0,,LISTED
brutalduties,Legacy:13/Buys:123/Sales:35,,Amber Oud Ruby,,15.0,,LISTED
brutalduties,Legacy:13/Buys:123/Sales:35,Elizabeth Arden,Untold,,15.0,,LISTED
brutalduties,Legacy:13/Buys:123/Sales:35,,Bergamask,,90.0,,AVAILABLE
brutalduties,Legacy:13/Buys:123/Sales:35,Amouage,Interlude 53,,190.0,,AVAILABLE
brutalduties,Legacy:13/Buys:123/Sales:35,Xerjoff,Regio,,65.0,,AVAILABLE
brutalduties,Legacy:13/Buys:123/Sales:35,,Kosmala #4,,45.0,,SOLD
brutalduties,Legacy:13/Buys:123/Sales:35,,Cowboy Kush,,45.0,,SOLD
brutalduties,Legacy:13/Buys:123/Sales:35,,Megara,,15.0,,AVAILABLE
brutalduties,Legacy:13/Buys:123/Sales:35,,Sillage,,15.0,,AVAILABLE
brutalduties,Legacy:13/Buys:123/Sales:35,,Naviglio,,40.0,,AVAILABLE
brutalduties,Legacy:13/Buys:123/Sales:35,,Golden Dallah,,80.0,,AVAILABLE
brutalduties,Legacy:13/Buys:123/Sales:35,Calvin Klein,Shock,,15.0,,AVAILABLE
brutalduties,Legacy:13/Buys:123/Sales:35,Montale,3 Montale sample sets,,25.0,,SOLD
brutalduties,Legacy:13/Buys:123/Sales:35,Amouage,Lyric Man,,120.0,,SOLD
brutalduties,Legacy:13/Buys:123/Sales:35,Parfums de Marly,Centaurus,,95.0,,SOLD
Legacy0904,Legacy:0/Buys:51/Sales:18,,,,80.0,,LISTED
Jayyy_Knows,Legacy:0/Buys:5/Sales:4,,Bianco Latte,,110.0,,AVAILABLE
Jayyy_Knows,Legacy:0/Buys:5/Sales:4,Creed,Absolu Aventus,75.0,260.0,96.0,SOLD
Jayyy_Knows,Legacy:0/Buys:5/Sales:4,,Roja Oceania,100.0,160.0,80.0,AVAILABLE
Jayyy_Knows,Legacy:0/Buys:5/Sales:4,Initio,Side Effect,90.0,170.0,98.0,AVAILABLE
Jayyy_Knows,Legacy:0/Buys:5/Sales:4,Yves Saint Laurent,Babycat Raw Bourbon,125.0,260.0,98.0,SOLD
No-Lettuce7982,Legacy:0/Buys:3/Sales:3,Amouage,Interlude Black Iris,100.0,145.0,,AVAILABLE
No-Lettuce7982,Legacy:0/Buys:3/Sales:3,Xerjoff,Naxos,100.0,150.0,,AVAILABLE
No-Lettuce7982,Legacy:0/Buys:3/Sales:3,Guerlain,Angel Share,50.0,65.0,,SOLD
No-Lettuce7982,Legacy:0/Buys:3/Sales:3,Maison Francis Kurkdjian,Gentle Fluidity Silver,70.0,145.0,,SOLD
No-Lettuce7982,Legacy:0/Buys:3/Sales:3,Creed,Green Irish Tweed (Tester),,60.0,,AVAILABLE
No-Lettuce7982,Legacy:0/Buys:3/Sales:3,,Legacy,,40.0,,SOLD
No-Lettuce7982,Legacy:0/Buys:3/Sales:3,,Amber Saffron,,40.0,,SOLD
No-Lettuce7982,Legacy:0/Buys:3/Sales:3,,Shiyaaka Shadow,,30.0,,AVAILABLE
CheeziiPuffs,Legacy:0/Buys:10/Sales:7,Louis Vuitton,LV Lovers,100.0,290.0,80.0,SOLD
CheeziiPuffs,Legacy:0/Buys:10/Sales:7,,By the Fireplace,100.0,60.0,100.0,AVAILABLE
CheeziiPuffs,Legacy:0/Buys:10/Sales:7,Louis Vuitton,Ombré Nomad (Sample),,,,AVAILABLE
jonashardis,Legacy:39/Buys:3/Sales:46,Maison Francis Kurkdjian,Amyris Homme EDT,70.0,165.0,,SOLD
jonashardis,Legacy:39/Buys:3/Sales:46,Guerlain,Ideal EDP,100.0,75.0,,SOLD
jonashardis,Legacy:39/Buys:3/Sales:46,,Soul Batik,75.0,50.0,,LISTED
jonashardis,Legacy:39/Buys:3/Sales:46,Zara,R,100.0,20.0,,SOLD
jonashardis,Legacy:39/Buys:3/Sales:46,Zara,W,100.0,20.0,,SOLD
jonashardis,Legacy:39/Buys:3/Sales:46,Zara,A,100.0,20.0,,SOLD
jonashardis,Legacy:39/Buys:3/Sales:46,Zara,Coffee Gourmand,100.0,20.0,,SOLD
OutsideStrawberry609,Legacy:0/Buys:0/Sales:8,,Brivido Della Caccia,100.0,120.0,,LISTED
OutsideStrawberry609,Legacy:0/Buys:0/Sales:8,,Remember Me,100.0,120.0,,LISTED
figofimg,Legacy:0/Buys:17/Sales:72,By Kilian,Angels' share Paradis,50.0,285.0,98.0,SOLD
figofimg,Legacy:0/Buys:17/Sales:72,,Ore,30.0,275.0,,AVAILABLE
sheepcoteclod,Legacy:0/Buys:29/Sales:52,,Vulcan Feu,100.0,40.0,100.0,SOLD
sheepcoteclod,Legacy:0/Buys:29/Sales:52,Aaron Terence Hughes,ATH Legend,30.0,45.0,97.0,SOLD
sheepcoteclod,Legacy:0/Buys:29/Sales:52,,SWY Intensely,15.0,15.0,,SOLD
3ClassiC,Legacy:0/Buys:1/Sales:4,Guerlain,Honey Tabacco,100.0,260.0,90.0,SOLD
3ClassiC,Legacy:0/Buys:1/Sales:4,Givenchy,LA COLLECTION PARTICULIÈRE Foudroyant,100.0,300.0,98.0,AVAILABLE
PardonMyFrench22,nan,,Fleur Narcotique,50.0,121.0,70.0,LISTED
PardonMyFrench22,nan,Dior,Addict,30.0,44.0,80.0,LISTED
PardonMyFrench22,nan,Tom Ford,Jasmin Rouge,50.0,165.0,85.0,LISTED
PardonMyFrench22,nan,Dior,"Belle de Jour (Privée Line, discontinued)",125.0,165.0,70.0,LISTED
PardonMyFrench22,nan,Hermès,Ambre des Merveilles,50.0,44.0,60.0,LISTED
Adorable_Stomach3507,Legacy:0/Buys:1/Sales:0,,,100.0,180.0,90.0,AVAILABLE
slugvegas,Legacy:0/Buys:20/Sales:54,Christian Dior,Bois D’Argent,2.0,4.375,100.0,SOLD
slugvegas,Legacy:0/Buys:20/Sales:54,Christian Dior,Oud Isaphan,2.0,4.375,100.0,SOLD
slugvegas,Legacy:0/Buys:20/Sales:54,Christian Dior,Tobacolor,2.0,4.375,100.0,SOLD
slugvegas,Legacy:0/Buys:20/Sales:54,Christian Dior,Oud Rosewood,2.0,4.375,100.0,SOLD
slugvegas,Legacy:0/Buys:20/Sales:54,Christian Dior,Eden-ROC,2.0,4.375,100.0,SOLD
slugvegas,Legacy:0/Buys:20/Sales:54,Christian Dior,Gris Dior,2.0,4.375,100.0,SOLD
slugvegas,Legacy:0/Buys:20/Sales:54,Christian Dior,Ambre Nuit,2.0,4.375,100.0,SOLD
slugvegas,Legacy:0/Buys:20/Sales:54,Christian Dior,Rouge Trafalgar,2.0,4.375,100.0,SOLD
slugvegas,Legacy:0/Buys:20/Sales:54,Parfums de Marly,Althair,75.0,140.0,98.0,SOLD
slugvegas,Legacy:0/Buys:20/Sales:54,Prada,Luna Rossa Black,50.0,45.0,98.0,AVAILABLE
ZestycloseProperty33,Legacy:0/Buys:0/Sales:1,,Pacific Chill,100.0,285.0,95.0,SOLD
ZestycloseProperty33,Legacy:0/Buys:0/Sales:1,Dior,DHP,100.0,185.0,95.0,AVAILABLE
ZestycloseProperty33,Legacy:0/Buys:0/Sales:1,,Promise,50.0,150.0,99.0,SOLD
ZestycloseProperty33,Legacy:0/Buys:0/Sales:1,Serge Lutens,Coromandel,200.0,285.0,95.0,AVAILABLE
ZestycloseProperty33,Legacy:0/Buys:0/Sales:1,Parfums de Marly,Centaurus,100.0,185.0,99.0,AVAILABLE
ZestycloseProperty33,Legacy:0/Buys:0/Sales:1,,Purple Stain,50.0,180.0,90.0,AVAILABLE
EastBayVaper,Legacy:1/Buys:0/Sales:3,Azzaro,Azzaro edt,200.0,22.0,,SOLD
EastBayVaper,Legacy:1/Buys:0/Sales:3,,encre noir sport,100.0,20.0,,SOLD
EastBayVaper,Legacy:1/Buys:0/Sales:3,,buko intense,50.0,25.0,,SOLD
EastBayVaper,Legacy:1/Buys:0/Sales:3,,eau santal,50.0,30.0,,SOLD
ryanisaboy,Legacy:0/Buys:0/Sales:1,Lattafa,Al Noble Safeer,,10.0,99.0,LISTED
ryanisaboy,Legacy:0/Buys:0/Sales:1,,DUA TONKA COLA,,20.0,99.0,LISTED
ryanisaboy,Legacy:0/Buys:0/Sales:1,,FOMO Essence Of The Other World,,30.0,99.0,LISTED
ryanisaboy,Legacy:0/Buys:0/Sales:1,,Hope Homme,,5.0,,LISTED
ryanisaboy,Legacy:0/Buys:0/Sales:1,Mancera,Aoud Blue Notes,,70.0,99.0,LISTED
ryanisaboy,Legacy:0/Buys:0/Sales:1,,Maison de l'Avenir Majestic Millenium,100.0,15.0,,LISTED
ryanisaboy,Legacy:0/Buys:0/Sales:1,,Monac Attar BOA,,15.0,,LISTED
ryanisaboy,Legacy:0/Buys:0/Sales:1,,Odyssey artisto red edition,,30.0,,LISTED
ryanisaboy,Legacy:0/Buys:0/Sales:1,,Fragrance Mystery Box,,25.0,,LISTED
ryanisaboy,Legacy:0/Buys:0/Sales:1,,Rassai hawas Fire,,30.0,95.0,AVAILABLE
ryanisaboy,Legacy:0/Buys:0/Sales:1,Le Labo,Sandalwood 33,,10.0,100.0,AVAILABLE
ryanisaboy,Legacy:0/Buys:0/Sales:1,,Tobacco,,10.0,100.0,AVAILABLE
ryanisaboy,Legacy:0/Buys:0/Sales:1,,Grand CUVÉE by Vacation,,20.0,,AVAILABLE
ryanisaboy,Legacy:0/Buys:0/Sales:1,,RUMZ AL FURSAN EDP,100.0,20.0,100.0,AVAILABLE
ryanisaboy,Legacy:0/Buys:0/Sales:1,,French Avenue After Effect,,22.0,99.0,AVAILABLE
ryanisaboy,Legacy:0/Buys:0/Sales:1,Armaf,Club de Nuit Milestone,,20.0,99.0,AVAILABLE
ryanisaboy,Legacy:0/Buys:0/Sales:1,,Paco Rabanne 1million,10.0,10.0,,AVAILABLE
Javy8229,Legacy:49/Buys:0/Sales:4,,,150.0,90.0,,AVAILABLE
marskee00,Legacy:145/Buys:42/Sales:145,,,100.0,300.0,,LISTED
Papa_big_cock,Legacy:0/Buys:10/Sales:6,Jimmy Choo,Man Blue,100.0,35.0,90.0,AVAILABLE
Papa_big_cock,Legacy:0/Buys:10/Sales:6,,Eros,200.0,50.0,60.0,AVAILABLE
Papa_big_cock,Legacy:0/Buys:10/Sales:6,Christian Dior,Sauvage EDT,100.0,65.0,90.0,AVAILABLE
Papa_big_cock,Legacy:0/Buys:10/Sales:6,,Fragrance One Office,100.0,60.0,95.0,AVAILABLE
Papa_big_cock,Legacy:0/Buys:10/Sales:6,,Montagne Perceval Old Form,50.0,33.0,80.0,AVAILABLE
Papa_big_cock,Legacy:0/Buys:10/Sales:6,Ralph Lauren,Polo Blue EDP,40.0,15.0,98.0,AVAILABLE
Papa_big_cock,Legacy:0/Buys:10/Sales:6,,FW Dhomme Sport,100.0,12.0,90.0,AVAILABLE
Papa_big_cock,Legacy:0/Buys:10/Sales:6,,Yeah Man,100.0,10.0,85.0,AVAILABLE
Papa_big_cock,Legacy:0/Buys:10/Sales:6,,Renegade (guilty clone),100.0,10.0,,AVAILABLE
Papa_big_cock,Legacy:0/Buys:10/Sales:6,,Invictus,9.0,7.0,,AVAILABLE
Papa_big_cock,Legacy:0/Buys:10/Sales:6,Dolce & Gabbana,The One EDP,9.0,8.0,,AVAILABLE
Papa_big_cock,Legacy:0/Buys:10/Sales:6,Ralph Lauren,Polo Blue EDT,5.0,3.0,,AVAILABLE
Papa_big_cock,Legacy:0/Buys:10/Sales:6,Giorgio Armani,Profondo Parfum,10.0,11.0,,AVAILABLE
Papa_big_cock,Legacy:0/Buys:10/Sales:6,,Tommy,,,,LISTED
Papa_big_cock,Legacy:0/Buys:10/Sales:6,,Adidas,,,,LISTED
Papa_big_cock,Legacy:0/Buys:10/Sales:6,,Adidas,,,,LISTED
Papa_big_cock,Legacy:0/Buys:10/Sales:6,,Adidas,,,,LISTED
Papa_big_cock,Legacy:0/Buys:10/Sales:6,Yves Saint Laurent,Y EDT,,,,LISTED
Papa_big_cock,Legacy:0/Buys:10/Sales:6,Yves Saint Laurent,Y EDP Intense,,,,LISTED
Papa_big_cock,Legacy:0/Buys:10/Sales:6,Gucci,Guilty,,,,LISTED
Papa_big_cock,Legacy:0/Buys:10/Sales:6,Ralph Lauren,POLO 67 EDT,,,,AVAILABLE
Inferno980,Legacy:0/Buys:0/Sales:2,,Genesis,50.0,110.0,90.0,LISTED
Inferno980,Legacy:0/Buys:0/Sales:2,Yves Saint Laurent,Y Le Parfum,60.0,55.0,75.0,LISTED
Inferno980,Legacy:0/Buys:0/Sales:2,Yves Saint Laurent,La Nuit De L’Homme,100.0,55.0,95.0,LISTED
Inferno980,Legacy:0/Buys:0/Sales:2,Yves Saint Laurent,Babycat (decant),9.0,30.0,,LISTED
Zoozmeister01,Legacy:0/Buys:10/Sales:8,,Wanderlust,100.0,115.0,,SOLD
Zoozmeister01,Legacy:0/Buys:10/Sales:8,,Jeke,30.0,275.0,,LISTED
Zoozmeister01,Legacy:0/Buys:10/Sales:8,,Pine,30.0,120.0,,LISTED
meridius85,Legacy:0/Buys:18/Sales:46,,,60.0,185.0,99.0,LISTED
blazinasian123,Legacy:0/Buys:4/Sales:19,,,100.0,140.0,98.0,AVAILABLE
SerpentesEye,Legacy:0/Buys:0/Sales:1,,Akro Awake,100.0,145.0,100.0,LISTED
Kanyeburner,Legacy:0/Buys:0/Sales:9,Parfums de Marly,Layton,125.0,200.0,97.0,LISTED
Kanyeburner,Legacy:0/Buys:0/Sales:9,,Never Ending Summer,100.0,110.0,100.0,LISTED
Kanyeburner,Legacy:0/Buys:0/Sales:9,,Sphinx Elixir,100.0,110.0,100.0,LISTED
Kanyeburner,Legacy:0/Buys:0/Sales:9,,Game of Joy,100.0,225.0,100.0,LISTED
Kanyeburner,Legacy:0/Buys:0/Sales:9,Nishane,Hacivat,100.0,125.0,97.0,LISTED
Kanyeburner,Legacy:0/Buys:0/Sales:9,,Unseen,100.0,250.0,100.0,LISTED
Kanyeburner,Legacy:0/Buys:0/Sales:9,Ralph Lauren,Polo Red Racing,125.0,80.0,,LISTED
Kanyeburner,Legacy:0/Buys:0/Sales:9,,Cedrat Tonic,100.0,150.0,,LISTED
Kanyeburner,Legacy:0/Buys:0/Sales:9,,Great Lord,100.0,175.0,100.0,LISTED
Kanyeburner,Legacy:0/Buys:0/Sales:9,,Opulentia Oud,100.0,250.0,100.0,LISTED
Kanyeburner,Legacy:0/Buys:0/Sales:9,,Silky Woods,100.0,130.0,95.0,LISTED
Kanyeburner,Legacy:0/Buys:0/Sales:9,Bond No 9,Gold St,100.0,,,LISTED
Kanyeburner,Legacy:0/Buys:0/Sales:9,Tom Ford,Costa Azzurra Parfum,100.0,150.0,,LISTED
InnocentByestander,Legacy:0/Buys:1/Sales:0,,MB Explorer,100.0,,87.5,LISTED
InnocentByestander,Legacy:0/Buys:1/Sales:0,,CDN Intense Man,100.0,,97.0,LISTED
InnocentByestander,Legacy:0/Buys:1/Sales:0,,Mankind,,,30.0,LISTED
InnocentByestander,Legacy:0/Buys:1/Sales:0,Creed,Viking,2.0,,,LISTED
InnocentByestander,Legacy:0/Buys:1/Sales:0,Creed,Original Vetiver,1.5,,,LISTED
InnocentByestander,Legacy:0/Buys:1/Sales:0,Chanel,Bleu de Chanel (Parfum),2.0,,,LISTED
InnocentByestander,Legacy:0/Buys:1/Sales:0,Acqua di Parma,Buongiorno,2.0,,,LISTED
InnocentByestander,Legacy:0/Buys:1/Sales:0,,Aether,,,,
InnocentByestander,Legacy:0/Buys:1/Sales:0,Creed,Green Irish Tweed,,,,
InnocentByestander,Legacy:0/Buys:1/Sales:0,Creed,Virgin Island Water,,,,
InnocentByestander,Legacy:0/Buys:1/Sales:0,Tom Ford,Ombré Leather (Parfum),,,,
InnocentByestander,Legacy:0/Buys:1/Sales:0,Parfums de Marly,Perseus,,,,
InnocentByestander,Legacy:0/Buys:1/Sales:0,,Blockade,,,,
InnocentByestander,Legacy:0/Buys:1/Sales:0,,Le Sel,,,,
InnocentByestander,Legacy:0/Buys:1/Sales:0,,Solar Lavender,,,,
InnocentByestander,Legacy:0/Buys:1/Sales:0,Giorgio Armani,Acqua di Gio Profondo,,,,
madridista_01,nan,Givenchy,Gentleman Reserve Privee,,85.0,,LISTED
madridista_01,nan,MM,Replica Coffee Break,,70.0,,LISTED
madridista_01,nan,MM,Jazz Club,,55.0,,LISTED
madridista_01,nan,,Hawas,,30.0,,LISTED
madridista_01,nan,,Jet Black Reserve,,60.0,,LISTED
madridista_01,nan,Armani,SWY Absolutely,,70.0,,LISTED
madridista_01,nan,Parfums de Marly,Percival,,,,
madridista_01,nan,Prada,Luna Rossa Carbon,,,,
mfkoo1211,Legacy:0/Buys:1/Sales:0,Hermès,EDT,100.0,58.0,98.0,LISTED
mfkoo1211,Legacy:0/Buys:1/Sales:0,,40 Knots,100.0,88.0,45.0,LISTED
mfkoo1211,Legacy:0/Buys:1/Sales:0,Giorgio Armani,Code EDT,75.0,58.0,80.0,LISTED
iamrevoked,nan,Gucci,Gucci Pour Homme II,50.0,225.0,,LISTED
Jonathanp54,Legacy:29/Buys:3/Sales:10,Le Labo,Eucalyptus 20,15.0,80.0,99.0,AVAILABLE
Jonathanp54,Legacy:29/Buys:3/Sales:10,,RC New York,110.0,95.0,99.0,AVAILABLE
999daddy,Legacy:60/Buys:0/Sales:19,Diptyque,Eau Rihla,75.0,170.0,,SOLD
999daddy,Legacy:60/Buys:0/Sales:19,Byredo,Super Cedar,100.0,135.0,,LISTED
999daddy,Legacy:60/Buys:0/Sales:19,Parfums de Marly,Carlisle,125.0,155.0,,LISTED
999daddy,Legacy:60/Buys:0/Sales:19,Maison Francis Kurkdjian,BR540 Extrait,35.0,135.0,,SOLD
dize_raw,Legacy:0/Buys:54/Sales:73,,Hanuman,,565.0,,SOLD
dize_raw,Legacy:0/Buys:54/Sales:73,,Ex Nihilo The Irreverents (Harrods Exclusive) - Bottle only,,360.0,,AVAILABLE
dize_raw,Legacy:0/Buys:54/Sales:73,,Nomad - bottle only,,140.0,,AVAILABLE
ThinWeb9489,Legacy:0/Buys:0/Sales:2,,Thomas Kosmala No.4,,,,LISTED
ThinWeb9489,Legacy:0/Buys:0/Sales:2,Jean Paul Gaultier,Paradise Garden,,30.0,,LISTED
ThinWeb9489,Legacy:0/Buys:0/Sales:2,Giorgio Armani,Aqua Di Gio Profondo,,10.0,,LISTED
ThinWeb9489,Legacy:0/Buys:0/Sales:2,,Rayhaan Elixir,,10.0,,LISTED
Headcrack347,Legacy:0/Buys:2/Sales:0,Dior,Dior Homme Parfum 2023,100.0,210.0,,LISTED
Headcrack347,Legacy:0/Buys:2/Sales:0,Dior,Dior Homme 2017,100.0,130.0,,LISTED
Headcrack347,Legacy:0/Buys:2/Sales:0,,Thomas Kosmala No 4 Apres Lamour,100.0,90.0,,LISTED
Headcrack347,Legacy:0/Buys:2/Sales:0,Armani,Armani Attitude Extreme,50.0,90.0,86.0,LISTED
nafis1624,Legacy:0/Buys:7/Sales:18,Dior,Fahrenheit Parfum,74.0,80.0,,LISTED
nafis1624,Legacy:0/Buys:7/Sales:18,Jean Paul Gaultier,Le Beau Le Parfum,125.0,100.0,,LISTED
nafis1624,Legacy:0/Buys:7/Sales:18,,SWY Tobacco,100.0,100.0,,LISTED
K33gzz,Legacy:1/Buys:42/Sales:53,Bond No 9,Scent of Peace Natural,,145.0,96.0,LISTED
K33gzz,Legacy:1/Buys:42/Sales:53,Tom Ford,Oud Wood,,78.0,76.0,LISTED
Cool-Calligrapher752,Legacy:0/Buys:6/Sales:10,Louis Vuitton,L'Immensite,,290.0,95.0,LISTED
Cool-Calligrapher752,Legacy:0/Buys:6/Sales:10,Le Labo,Santal 33,100.0,145.0,,AVAILABLE
Cool-Calligrapher752,Legacy:0/Buys:6/Sales:10,Le Labo,Tonka 25,100.0,155.0,99.0,SOLD
Cool-Calligrapher752,Legacy:0/Buys:6/Sales:10,Le Labo,Oud 27 (2010),50.0,,,AVAILABLE
Cool-Calligrapher752,Legacy:0/Buys:6/Sales:10,,Terroni,50.0,90.0,95.0,AVAILABLE
Cool-Calligrapher752,Legacy:0/Buys:6/Sales:10,Creed,Viking Cologne,,130.0,85.0,AVAILABLE
Cool-Calligrapher752,Legacy:0/Buys:6/Sales:10,Creed,Absolu Aventus,75.0,200.0,96.0,SOLD
Cool-Calligrapher752,Legacy:0/Buys:6/Sales:10,Guerlain,Vetiver Fauve,100.0,235.0,99.0,SOLD
Cool-Calligrapher752,Legacy:0/Buys:6/Sales:10,,Triumph of Bacchus,30.0,100.0,93.0,AVAILABLE
Cool-Calligrapher752,Legacy:0/Buys:6/Sales:10,,Blockade,,190.0,95.0,SOLD
Cool-Calligrapher752,Legacy:0/Buys:6/Sales:10,Louis Vuitton,Meteor,,,,AVAILABLE
Cool-Calligrapher752,Legacy:0/Buys:6/Sales:10,Dior,Vanilla Diorama,,,,AVAILABLE
Cool-Calligrapher752,Legacy:0/Buys:6/Sales:10,,Tobacolor,,,,AVAILABLE
Cool-Calligrapher752,Legacy:0/Buys:6/Sales:10,Guerlain,Any (except Tobacco Honey),,,,AVAILABLE
femmetron,Legacy:0/Buys:0/Sales:5,Carolina Herrera,Bad Boy EDT,100.0,60.0,100.0,AVAILABLE
femmetron,Legacy:0/Buys:0/Sales:5,,Phantom EDT (Travel size),10.0,15.0,,AVAILABLE
femmetron,Legacy:0/Buys:0/Sales:5,Carolina Herrera,Bad Boy EDT (Travel Size),10.0,15.0,,AVAILABLE
femmetron,Legacy:0/Buys:0/Sales:5,Chanel,Blue de Chanel EDP 3.4oz,100.0,130.0,,SOLD
femmetron,Legacy:0/Buys:0/Sales:5,Chanel,Blue de Chanel EDP (travel),,130.0,,SOLD
femmetron,Legacy:0/Buys:0/Sales:5,,Phantom EDT,100.0,60.0,,AVAILABLE
femmetron,Legacy:0/Buys:0/Sales:5,Jean Paul Gaultier,Elixir Absolu,,110.0,,AVAILABLE
femmetron,Legacy:0/Buys:0/Sales:5,Yves Saint Laurent,Libre EDP Intense,,105.0,98.0,AVAILABLE
femmetron,Legacy:0/Buys:0/Sales:5,Givenchy,Irresistible EDT,50.0,45.0,,SOLD
femmetron,Legacy:0/Buys:0/Sales:5,Christian Dior,Miss Dior EDP,150.0,140.0,100.0,SOLD
femmetron,Legacy:0/Buys:0/Sales:5,Christian Dior,Miss Dior EDP (old formula),150.0,130.0,98.0,AVAILABLE
femmetron,Legacy:0/Buys:0/Sales:5,Dior,Blooming Bouquet,148.0,120.0,100.0,AVAILABLE
femmetron,Legacy:0/Buys:0/Sales:5,Givenchy,Irresistible Rose Velvet (EDP),50.0,20.0,,AVAILABLE
femmetron,Legacy:0/Buys:0/Sales:5,,Million Gold For Her (tester),89.0,95.0,100.0,AVAILABLE
Realistic_Cabinet_53,Legacy:0/Buys:0/Sales:2,,Badee Al Oud Amethyst,,15.0,95.0,AVAILABLE
Realistic_Cabinet_53,Legacy:0/Buys:0/Sales:2,,Arabian Oud DIFFERENT,,84.0,98.0,AVAILABLE
Realistic_Cabinet_53,Legacy:0/Buys:0/Sales:2,,Maison Margiela Replica samples (with atomizers),,34.0,,AVAILABLE
Realistic_Cabinet_53,Legacy:0/Buys:0/Sales:2,,Mercedes Benz Land (1 oz),30.0,37.0,70.0,AVAILABLE
Realistic_Cabinet_53,Legacy:0/Buys:0/Sales:2,,Mercedes Benz Sea (1 oz),30.0,37.0,70.0,AVAILABLE
Realistic_Cabinet_53,Legacy:0/Buys:0/Sales:2,,Mercedes Benz Air (1 oz),30.0,37.0,85.0,AVAILABLE
sarbin0w,Legacy:0/Buys:56/Sales:471,,Black Tie,100.0,59.0,100.0,LISTED
Tea-Future,Legacy:0/Buys:12/Sales:5,Nishane,Wulong Cha,50.0,90.0,94.0,AVAILABLE
Tea-Future,Legacy:0/Buys:12/Sales:5,Al Haramain Perfumes,Aqua Dubai,75.0,30.0,87.0,AVAILABLE
Master-Professor4554,Legacy:0/Buys:61/Sales:304,Parfums de Marly,Herods,125.0,100.0,100.0,LISTED
Master-Professor4554,Legacy:0/Buys:61/Sales:304,Parfums de Marly,Herods,125.0,100.0,100.0,LISTED
Master-Professor4554,Legacy:0/Buys:61/Sales:304,Parfums de Marly,Herods,125.0,100.0,100.0,LISTED
Ancient_Cod_7190,Legacy:0/Buys:3/Sales:7,,Amberful,120.0,80.0,95.83,LISTED
Deanwonglikesballz,Legacy:0/Buys:5/Sales:81,Chanel,Coromandel,75.0,185.0,100.0,SOLD
Deanwonglikesballz,Legacy:0/Buys:5/Sales:81,Parfums de Marly,Althair,75.0,110.0,100.0,SOLD
Deanwonglikesballz,Legacy:0/Buys:5/Sales:81,Parfums de Marly,Layton,75.0,105.0,,SOLD
Deanwonglikesballz,Legacy:0/Buys:5/Sales:81,Maison Francis Kurkdjian,BR540 extrait,70.0,260.0,80.0,AVAILABLE
Deanwonglikesballz,Legacy:0/Buys:5/Sales:81,Parfums de Marly,Percival,125.0,130.0,64.0,AVAILABLE
Deanwonglikesballz,Legacy:0/Buys:5/Sales:81,Creed,Virgin Island Water,100.0,200.0,,AVAILABLE
Deanwonglikesballz,Legacy:0/Buys:5/Sales:81,Creed,Millesime Imperial,100.0,185.0,,SOLD
Deanwonglikesballz,Legacy:0/Buys:5/Sales:81,Yves Saint Laurent,Y EDP,60.0,50.0,,SOLD
Deanwonglikesballz,Legacy:0/Buys:5/Sales:81,Valentino,UOMO EDT,50.0,50.0,,AVAILABLE
Deanwonglikesballz,Legacy:0/Buys:5/Sales:81,Burberry,Hero EDP,50.0,50.0,99.0,AVAILABLE
Deanwonglikesballz,Legacy:0/Buys:5/Sales:81,,Blockade,,20.0,5.0,SOLD
Deanwonglikesballz,Legacy:0/Buys:5/Sales:81,,French Defense,,20.0,5.0,SOLD
Deanwonglikesballz,Legacy:0/Buys:5/Sales:81,Parfums de Marly,Castley,125.0,185.0,100.0,AVAILABLE
Deanwonglikesballz,Legacy:0/Buys:5/Sales:81,Parfums de Marly,Valaya ex,75.0,240.0,100.0,AVAILABLE
Deanwonglikesballz,Legacy:0/Buys:5/Sales:81,Parfums de Marly,Palatine,75.0,190.0,100.0,AVAILABLE
Deanwonglikesballz,Legacy:0/Buys:5/Sales:81,Parfums de Marly,Palatine (tester),75.0,180.0,100.0,AVAILABLE
Deanwonglikesballz,Legacy:0/Buys:5/Sales:81,Parfums de Marly,Athalia (tester),75.0,160.0,100.0,AVAILABLE
Deanwonglikesballz,Legacy:0/Buys:5/Sales:81,Parfums de Marly,Habdan (tester),125.0,155.0,100.0,AVAILABLE
Deanwonglikesballz,Legacy:0/Buys:5/Sales:81,Parfums de Marly,Haltane,125.0,195.0,100.0,AVAILABLE
Deanwonglikesballz,Legacy:0/Buys:5/Sales:81,Parfums de Marly,Cassili,75.0,190.0,100.0,LISTED
Deanwonglikesballz,Legacy:0/Buys:5/Sales:81,Initio,Rehab,90.0,160.0,,LISTED
Deanwonglikesballz,Legacy:0/Buys:5/Sales:81,Initio,Magnetic Blend 7,90.0,145.0,100.0,LISTED
Deanwonglikesballz,Legacy:0/Buys:5/Sales:81,,Blue Talisman,100.0,295.0,100.0,LISTED
Deanwonglikesballz,Legacy:0/Buys:5/Sales:81,,Speed Legends,100.0,295.0,100.0,LISTED
Deanwonglikesballz,Legacy:0/Buys:5/Sales:81,Le Labo,Fleur D'Oranger 27,50.0,140.0,,LISTED
Deanwonglikesballz,Legacy:0/Buys:5/Sales:81,Le Labo,Ambrette 9,100.0,200.0,,LISTED
Deanwonglikesballz,Legacy:0/Buys:5/Sales:81,Le Labo,Bigarade,100.0,210.0,,LISTED
Deanwonglikesballz,Legacy:0/Buys:5/Sales:81,Yves Saint Laurent,Y EDP,100.0,100.0,100.0,LISTED
Deanwonglikesballz,Legacy:0/Buys:5/Sales:81,,office,100.0,60.0,100.0,AVAILABLE
Deanwonglikesballz,Legacy:0/Buys:5/Sales:81,,date,100.0,60.0,100.0,AVAILABLE
Deanwonglikesballz,Legacy:0/Buys:5/Sales:81,,club,100.0,75.0,100.0,AVAILABLE
Deanwonglikesballz,Legacy:0/Buys:5/Sales:81,,black tie,100.0,80.0,100.0,AVAILABLE
Deanwonglikesballz,Legacy:0/Buys:5/Sales:81,,most masculine,100.0,125.0,100.0,AVAILABLE
Deanwonglikesballz,Legacy:0/Buys:5/Sales:81,Louis Vuitton,Le Jour Se Leve,100.0,235.0,98.0,AVAILABLE
Deanwonglikesballz,Legacy:0/Buys:5/Sales:81,Louis Vuitton,Le Jour Se Leve,100.0,235.0,98.0,AVAILABLE
Deanwonglikesballz,Legacy:0/Buys:5/Sales:81,Louis Vuitton,Le Jour Se Leve,100.0,235.0,98.0,AVAILABLE
Deanwonglikesballz,Legacy:0/Buys:5/Sales:81,Louis Vuitton,Le Jour Se Leve,100.0,200.0,70.0,AVAILABLE
Deanwonglikesballz,Legacy:0/Buys:5/Sales:81,Louis Vuitton,Heures De Absence,100.0,225.0,95.0,AVAILABLE
Deanwonglikesballz,Legacy:0/Buys:5/Sales:81,Louis Vuitton,Heures De Absence,100.0,215.0,95.0,LISTED
Deanwonglikesballz,Legacy:0/Buys:5/Sales:81,Louis Vuitton,Heures De Absence,100.0,170.0,85.0,LISTED
Deanwonglikesballz,Legacy:0/Buys:5/Sales:81,Louis Vuitton,Heures De Absence,100.0,160.0,80.0,LISTED
Deanwonglikesballz,Legacy:0/Buys:5/Sales:81,Louis Vuitton,Matiere Noire,100.0,240.0,100.0,LISTED
Deanwonglikesballz,Legacy:0/Buys:5/Sales:81,Louis Vuitton,Apogee,100.0,220.0,95.0,LISTED
Deanwonglikesballz,Legacy:0/Buys:5/Sales:81,Louis Vuitton,Apogee,100.0,220.0,95.0,LISTED
Deanwonglikesballz,Legacy:0/Buys:5/Sales:81,Louis Vuitton,Apogee,100.0,220.0,95.0,LISTED
Deanwonglikesballz,Legacy:0/Buys:5/Sales:81,Louis Vuitton,Apogee,100.0,220.0,95.0,LISTED
Deanwonglikesballz,Legacy:0/Buys:5/Sales:81,Louis Vuitton,Apogee,100.0,200.0,95.0,LISTED
Deanwonglikesballz,Legacy:0/Buys:5/Sales:81,Louis Vuitton,Apogee,100.0,200.0,95.0,LISTED
Deanwonglikesballz,Legacy:0/Buys:5/Sales:81,Louis Vuitton,Rose Des Vents,100.0,220.0,90.0,LISTED
Deanwonglikesballz,Legacy:0/Buys:5/Sales:81,Louis Vuitton,Rose Des Vents,100.0,145.0,50.0,LISTED
Deanwonglikesballz,Legacy:0/Buys:5/Sales:81,Louis Vuitton,Au Hasard,100.0,225.0,100.0,LISTED
Deanwonglikesballz,Legacy:0/Buys:5/Sales:81,Louis Vuitton,Spell on you (flower collab),100.0,225.0,90.0,LISTED
Deanwonglikesballz,Legacy:0/Buys:5/Sales:81,Louis Vuitton,Spell on you (flower collab),100.0,225.0,85.0,LISTED
Deanwonglikesballz,Legacy:0/Buys:5/Sales:81,Louis Vuitton,Spell on you (flower collab),100.0,225.0,85.0,LISTED
Deanwonglikesballz,Legacy:0/Buys:5/Sales:81,Louis Vuitton,Spell on you,100.0,210.0,100.0,LISTED
Deanwonglikesballz,Legacy:0/Buys:5/Sales:81,Louis Vuitton,Spell on you,100.0,210.0,100.0,LISTED
Deanwonglikesballz,Legacy:0/Buys:5/Sales:81,Louis Vuitton,Spell on you,100.0,235.0,100.0,LISTED
Deanwonglikesballz,Legacy:0/Buys:5/Sales:81,Louis Vuitton,Spell on you,100.0,235.0,97.5,LISTED
Deanwonglikesballz,Legacy:0/Buys:5/Sales:81,Louis Vuitton,Spell on you,100.0,235.0,95.0,AVAILABLE
Deanwonglikesballz,Legacy:0/Buys:5/Sales:81,Louis Vuitton,Spell on you,100.0,220.0,90.0,AVAILABLE
Deanwonglikesballz,Legacy:0/Buys:5/Sales:81,Louis Vuitton,Le Jour Se Leve,200.0,290.0,85.0,AVAILABLE
Deanwonglikesballz,Legacy:0/Buys:5/Sales:81,Louis Vuitton,Apogee,200.0,280.0,85.0,AVAILABLE
Deanwonglikesballz,Legacy:0/Buys:5/Sales:81,Louis Vuitton,Rhapsody,100.0,305.0,,AVAILABLE
Deanwonglikesballz,Legacy:0/Buys:5/Sales:81,Louis Vuitton,Rhapsody,100.0,275.0,,AVAILABLE
Deanwonglikesballz,Legacy:0/Buys:5/Sales:81,Louis Vuitton,Dancing Blossom,100.0,280.0,70.0,AVAILABLE
mikecoco24,nan,,Zakat Z7 (NY Nights),,25.0,99.0,AVAILABLE
mikecoco24,nan,,Winsome (Tuxedo),,20.0,99.0,AVAILABLE
mikecoco24,nan,,Neroli Rivera (Neroli Portofino),,15.0,99.0,AVAILABLE
mikecoco24,nan,,Sunset Swim (Afternoon Swim),,20.0,99.0,AVAILABLE
stevierayjuan,Legacy:0/Buys:66/Sales:130,Maison Francis Kurkdjian,Oud,70.0,130.0,,LISTED
stevierayjuan,Legacy:0/Buys:66/Sales:130,,Basso,100.0,100.0,,SOLD
stevierayjuan,Legacy:0/Buys:66/Sales:130,Tom Ford,Grey Vetiver EDP,100.0,,,SOLD
stevierayjuan,Legacy:0/Buys:66/Sales:130,Tom Ford,Grey Vetiver EDP,100.0,,,SOLD
TommyRotYT,Legacy:0/Buys:71/Sales:80,,Imperator,100.0,139.0,,AVAILABLE
TommyRotYT,Legacy:0/Buys:71/Sales:80,Jean Paul Gaultier,Elixir,125.0,80.0,95.0,AVAILABLE
TommyRotYT,Legacy:0/Buys:71/Sales:80,,Dear Polly,,140.0,99.0,AVAILABLE
TommyRotYT,Legacy:0/Buys:71/Sales:80,,Imperium,100.0,100.0,90.0,SOLD
TommyRotYT,Legacy:0/Buys:71/Sales:80,Montale,Intense Cafe,100.0,45.0,98.0,SOLD
TommyRotYT,Legacy:0/Buys:71/Sales:80,Maison Francis Kurkdjian,Baccarat Rouge 540 Extrait,70.0,240.0,98.0,SOLD
TommyRotYT,Legacy:0/Buys:71/Sales:80,,Whiff of Waffle Cone,,80.0,,SOLD
TommyRotYT,Legacy:0/Buys:71/Sales:80,Aaron Terence Hughes,Hard Candy Elixir,50.0,210.0,98.0,SOLD
TommyRotYT,Legacy:0/Buys:71/Sales:80,,Loumari Porthole,100.0,299.0,100.0,SOLD
TommyRotYT,Legacy:0/Buys:71/Sales:80,Louis Vuitton,Imagination,100.0,130.0,15.0,SOLD
adieu_cherie,Legacy:0/Buys:1/Sales:1,,Flower of Immortality,,150.0,,LISTED
adieu_cherie,Legacy:0/Buys:1/Sales:1,Dior,Rose Kabuki,,,,
HondoHarrelson,nan,Jo Malone,English Pears and Freesia,,53.0,80.0,AVAILABLE
kjh2350,nan,,Invictus Aqua 2024,100.0,73.0,100.0,AVAILABLE
kjh2350,nan,Yves Saint Laurent,Kouros,100.0,28.0,50.0,AVAILABLE
kjh2350,nan,Tom Ford,Costa Azzura Acqu,50.0,72.0,100.0,AVAILABLE
TheShrav,Legacy:0/Buys:22/Sales:78,,Fox in the Flowerbed,50.0,65.0,,AVAILABLE
TheShrav,Legacy:0/Buys:22/Sales:78,,CL Ceremony,,160.0,100.0,AVAILABLE
TheShrav,Legacy:0/Buys:22/Sales:78,,Ensar Sultan Black Rose,2.0,75.0,100.0,AVAILABLE
TheShrav,Legacy:0/Buys:22/Sales:78,,Toskovat Last Birthday Cake,,240.0,100.0,SOLD
TheShrav,Legacy:0/Buys:22/Sales:78,,Pinewards Velvetine,,210.0,,SOLD
TheShrav,Legacy:0/Buys:22/Sales:78,,Pinewards Coffee Tabac,,210.0,,AVAILABLE
TheShrav,Legacy:0/Buys:22/Sales:78,,TSVGA Rufio,9.0,90.0,100.0,AVAILABLE
TheShrav,Legacy:0/Buys:22/Sales:78,,Tales From Zanzibar,50.0,195.0,98.0,AVAILABLE
TheShrav,Legacy:0/Buys:22/Sales:78,,Tabac Du Jour,50.0,250.0,98.0,AVAILABLE
TheShrav,Legacy:0/Buys:22/Sales:78,,Kopi Luwak,45.0,180.0,90.0,AVAILABLE
TheShrav,Legacy:0/Buys:22/Sales:78,,American Pharaoh II,20.0,10.0,,AVAILABLE
TheShrav,Legacy:0/Buys:22/Sales:78,,Camp Summerland,20.0,15.0,,AVAILABLE
TheShrav,Legacy:0/Buys:22/Sales:78,,Bucolicette,10.0,13.0,,AVAILABLE
TheShrav,Legacy:0/Buys:22/Sales:78,,Seneca,10.0,15.0,,AVAILABLE
TheShrav,Legacy:0/Buys:22/Sales:78,,Stockholm Exclusive,5.0,15.0,,AVAILABLE
TheShrav,Legacy:0/Buys:22/Sales:78,,Stockholm Exclusive (partial),16.0,250.0,,AVAILABLE
TheShrav,Legacy:0/Buys:22/Sales:78,Amouage,Honour Man (Vintage),10.0,28.0,,AVAILABLE
TheShrav,Legacy:0/Buys:22/Sales:78,Creed,"Aventus (Batch 19S01, 2019)",10.0,40.0,,AVAILABLE
TheShrav,Legacy:0/Buys:22/Sales:78,,D'Annam Vietnamese Coffee,,15.0,,AVAILABLE
TheShrav,Legacy:0/Buys:22/Sales:78,Christian Dior,Ambre Nuit (Esprit de Parfum),,20.0,,AVAILABLE
TheShrav,Legacy:0/Buys:22/Sales:78,Christian Dior,Feve Delicieuse (2015),,11.0,,AVAILABLE
TheShrav,Legacy:0/Buys:22/Sales:78,Christian Dior,Vanilla Diorama,,10.0,,AVAILABLE
TheShrav,Legacy:0/Buys:22/Sales:78,Christian Dior,Sauvage Elixir,,8.0,,AVAILABLE
TheShrav,Legacy:0/Buys:22/Sales:78,,Ex Idolo Love and Crime,,20.0,,LISTED
TheShrav,Legacy:0/Buys:22/Sales:78,Christian Dior,Spice Blend,,10.0,,AVAILABLE
TheShrav,Legacy:0/Buys:22/Sales:78,,Hermetica Bloom Tea,,9.0,,AVAILABLE
TheShrav,Legacy:0/Buys:22/Sales:78,Frederic Malle,The Moon,10.0,100.0,,SOLD
TheShrav,Legacy:0/Buys:22/Sales:78,Jo Malone,Wood Sage & Sea Salt,,7.0,,AVAILABLE
TheShrav,Legacy:0/Buys:22/Sales:78,,Vanilla Royale Sugared Patchouli,,20.0,,AVAILABLE
TheShrav,Legacy:0/Buys:22/Sales:78,By Kilian,Smoking Hot,,40.0,,AVAILABLE
TheShrav,Legacy:0/Buys:22/Sales:78,Louis Vuitton,Imagination,,28.0,,AVAILABLE
TheShrav,Legacy:0/Buys:22/Sales:78,Louis Vuitton,Ombre Nomade,,28.0,,SOLD
TheShrav,Legacy:0/Buys:22/Sales:78,Louis Vuitton,Pacific Chill,,28.0,,AVAILABLE
TheShrav,Legacy:0/Buys:22/Sales:78,Montale,Arabian's Tonka,,18.0,,AVAILABLE
TheShrav,Legacy:0/Buys:22/Sales:78,,Il Capriccio del Maestro,,39.0,,AVAILABLE
TheShrav,Legacy:0/Buys:22/Sales:78,,Anubis,,35.0,,AVAILABLE
TheShrav,Legacy:0/Buys:22/Sales:78,,Kopi Luwak,,50.0,,AVAILABLE
TheShrav,Legacy:0/Buys:22/Sales:78,Prada,L’Homme Intense,,20.0,,AVAILABLE
TheShrav,Legacy:0/Buys:22/Sales:78,Tom Ford,Soleil de Feu,,25.0,,LISTED
TheShrav,Legacy:0/Buys:22/Sales:78,,The Spirit of Dubai Turath,,160.0,,LISTED
TheShrav,Legacy:0/Buys:22/Sales:78,Yves Saint Laurent,LNDL Bleu Electrique,,32.0,,LISTED
TheShrav,Legacy:0/Buys:22/Sales:78,,Zimaya Sharaf Blend,,10.0,,LISTED
TheShrav,Legacy:0/Buys:22/Sales:78,,Zoologist Seahorse,,35.0,,LISTED
figofimg,Legacy:0/Buys:17/Sales:72,,Omanluxury Oud Aquilaria,100.0,135.0,,AVAILABLE
SovietStrength,Legacy:48/Buys:106/Sales:171,Le Labo,Eucalyptus,100.0,230.0,90.0,AVAILABLE
SovietStrength,Legacy:48/Buys:106/Sales:171,,Leather,50.0,45.0,98.0,AVAILABLE
SovietStrength,Legacy:48/Buys:106/Sales:171,Maison Francis Kurkdjian,Globe Trotter gold metal travel case (retail 175),,100.0,,AVAILABLE
SovietStrength,Legacy:48/Buys:106/Sales:171,Maison Francis Kurkdjian,Oud,70.0,150.0,93.0,AVAILABLE
SovietStrength,Legacy:48/Buys:106/Sales:171,By Kilian,Gold metal magnetic travel case,,90.0,,AVAILABLE
SovietStrength,Legacy:48/Buys:106/Sales:171,By Kilian,Woman In Gold,7.5,,,AVAILABLE
SovietStrength,Legacy:48/Buys:106/Sales:171,By Kilian,Gold Knight,7.5,,,AVAILABLE
SovietStrength,Legacy:48/Buys:106/Sales:171,Bvlgari,Onekh (tester with box),125.0,280.0,100.0,AVAILABLE
SovietStrength,Legacy:48/Buys:106/Sales:171,Bvlgari,Gyan (original run),100.0,180.0,70.0,AVAILABLE
SovietStrength,Legacy:48/Buys:106/Sales:171,Bvlgari,Kobraa (mini),30.0,75.0,100.0,AVAILABLE
SovietStrength,Legacy:48/Buys:106/Sales:171,Chanel,Bleu de Chanel all over spray (tester with box),150.0,100.0,,AVAILABLE
SovietStrength,Legacy:48/Buys:106/Sales:171,Chanel,Paris Biarritz,125.0,110.0,,AVAILABLE
SovietStrength,Legacy:48/Buys:106/Sales:171,Chanel,Paris Paris,125.0,115.0,,AVAILABLE
SovietStrength,Legacy:48/Buys:106/Sales:171,Louis Vuitton,Meteore,100.0,315.0,99.0,AVAILABLE
SovietStrength,Legacy:48/Buys:106/Sales:171,Louis Vuitton,Nouveau Monde,100.0,320.0,95.0,AVAILABLE
SovietStrength,Legacy:48/Buys:106/Sales:171,Tom Ford,Tuscan Leather (2019 batch),100.0,220.0,99.0,AVAILABLE
SovietStrength,Legacy:48/Buys:106/Sales:171,Tom Ford,Oud Wood,100.0,185.0,97.0,AVAILABLE
SovietStrength,Legacy:48/Buys:106/Sales:171,Tom Ford,Bois Pacifique,100.0,185.0,99.0,AVAILABLE
SovietStrength,Legacy:48/Buys:106/Sales:171,Yves Saint Laurent,37 (2017 batch),125.0,330.0,92.0,AVAILABLE
SovietStrength,Legacy:48/Buys:106/Sales:171,,Gold Leather Absolu,100.0,170.0,95.0,AVAILABLE
SovietStrength,Legacy:48/Buys:106/Sales:171,Bvlgari,Le Gemme Noorah,100.0,200.0,99.0,AVAILABLE
SovietStrength,Legacy:48/Buys:106/Sales:171,Givenchy,Gentlemen Cologne,100.0,85.0,,AVAILABLE
SovietStrength,Legacy:48/Buys:106/Sales:171,Tom Ford,Costa Azzurra Acqua,100.0,110.0,45.0,AVAILABLE
SovietStrength,Legacy:48/Buys:106/Sales:171,,Gris Charnel Extrait,10.0,20.0,80.0,AVAILABLE
SovietStrength,Legacy:48/Buys:106/Sales:171,Byredo,Animalique,2.0,6.0,,AVAILABLE
SovietStrength,Legacy:48/Buys:106/Sales:171,Byredo,Eyes Closed,2.0,6.0,,AVAILABLE
SovietStrength,Legacy:48/Buys:106/Sales:171,Byredo,Eau de Rose EDT,10.0,20.0,90.0,AVAILABLE
SovietStrength,Legacy:48/Buys:106/Sales:171,Byredo,Do Son EDT,10.0,20.0,90.0,AVAILABLE
SovietStrength,Legacy:48/Buys:106/Sales:171,Byredo,Orpheon,10.0,30.0,90.0,SOLD
SovietStrength,Legacy:48/Buys:106/Sales:171,Byredo,Outcast Blue Extrait,12.0,35.0,100.0,SOLD
SovietStrength,Legacy:48/Buys:106/Sales:171,,Secret tryst,12.0,40.0,100.0,AVAILABLE
SovietStrength,Legacy:48/Buys:106/Sales:171,Le Labo,Noir 29,10.0,35.0,95.0,SOLD
SovietStrength,Legacy:48/Buys:106/Sales:171,Le Labo,Eucalyptus,5.0,20.0,,SOLD
SovietStrength,Legacy:48/Buys:106/Sales:171,Le Labo,Rhapsody,10.0,45.0,,AVAILABLE
SovietStrength,Legacy:48/Buys:106/Sales:171,Le Labo,Symphony,5.0,30.0,100.0,AVAILABLE
SovietStrength,Legacy:48/Buys:106/Sales:171,Tom Ford,Fabulous,2.0,6.0,,AVAILABLE
SovietStrength,Legacy:48/Buys:106/Sales:171,Tom Ford,Oud wood,2.0,5.0,,AVAILABLE
SovietStrength,Legacy:48/Buys:106/Sales:171,Tom Ford,Rose prick,2.0,6.0,,AVAILABLE
SovietStrength,Legacy:48/Buys:106/Sales:171,Tom Ford,Tuscan Leather '18,50.0,110.0,,LISTED
SovietStrength,Legacy:48/Buys:106/Sales:171,Tom Ford,Vanille Fatale,2.0,6.0,,LISTED
Omarb2525,Legacy:0/Buys:4/Sales:11,,Ingenious Ginger,100.0,115.0,85.0,LISTED
Omarb2525,Legacy:0/Buys:4/Sales:11,Mancera,Fig Extasy,120.0,67.0,95.83,LISTED
Omarb2525,Legacy:0/Buys:4/Sales:11,Montale,Infinity,,70.0,95.0,LISTED
repitism,Legacy:0/Buys:2/Sales:0,,,,225.0,,LISTED
meridius85,Legacy:0/Buys:18/Sales:46,,Intuition,50.0,,98.0,AVAILABLE
meridius85,Legacy:0/Buys:18/Sales:46,Davidoff,Cool Water Parfum,100.0,,,AVAILABLE
meridius85,Legacy:0/Buys:18/Sales:46,Lacoste,L1212 Blanc eau intense,,,,AVAILABLE
meridius85,Legacy:0/Buys:18/Sales:46,Versace,"Pour Homme (tester, no cap)",100.0,,,SOLD
jengotcha01,Legacy:0/Buys:1/Sales:5,,Vanilla Vice,100.0,95.0,,LISTED
Idiotsandcheapskate,Legacy:0/Buys:6/Sales:21,,,10.0,60.0,,LISTED
Adorable_Stomach3507,Legacy:0/Buys:1/Sales:0,,Eros Flame,100.0,46.0,99.0,LISTED
Adorable_Stomach3507,Legacy:0/Buys:1/Sales:0,,,100.0,46.0,99.0,LISTED
Brisk_Is_Back,Legacy:0/Buys:4/Sales:8,Xerjoff,God Of Fire,50.0,180.0,99.0,AVAILABLE
Brisk_Is_Back,Legacy:0/Buys:4/Sales:8,Xerjoff,Naxos,100.0,155.0,98.0,SOLD
Brisk_Is_Back,Legacy:0/Buys:4/Sales:8,,Jazz Club,100.0,,95.0,LISTED
Brisk_Is_Back,Legacy:0/Buys:4/Sales:8,Guerlain,,,,,AVAILABLE
Katkatkat16,nan,,Dear Polly,100.0,95.0,60.0,SOLD
Katkatkat16,nan,,Lovers Rock,30.0,100.0,100.0,AVAILABLE
Katkatkat16,nan,,Mitti Shikara,30.0,95.0,100.0,AVAILABLE
Katkatkat16,nan,,Musk Hair Mist,50.0,40.0,,AVAILABLE
Katkatkat16,nan,,Bee,100.0,80.0,100.0,AVAILABLE
Katkatkat16,nan,,Lepus,50.0,110.0,,AVAILABLE
Katkatkat16,nan,,Herbae,90.0,70.0,67.0,AVAILABLE
Katkatkat16,nan,,Basilico and Fellini,20.0,80.0,100.0,AVAILABLE
Katkatkat16,nan,,Maison Violet,100.0,170.0,85.0,SOLD
Katkatkat16,nan,,che fico room spray,100.0,40.0,97.0,AVAILABLE
Katkatkat16,nan,,lola james harper rue saint-honore room spray,50.0,42.0,100.0,AVAILABLE
Katkatkat16,nan,,henrik visskov l'eau rouge nature,,130.0,99.0,AVAILABLE
Katkatkat16,nan,,Enchanted alchemy sample set,5.0,30.0,99.0,AVAILABLE
Katkatkat16,nan,,Agatho Pompei collection sample set,2.0,30.0,99.0,AVAILABLE
Katkatkat16,nan,,society sample set,2.0,30.0,99.0,AVAILABLE
Katkatkat16,nan,,Olfactory nyc sample set,2.0,15.0,99.0,AVAILABLE
Katkatkat16,nan,,Olfactory nyc sample set tinker set cam,2.0,10.0,99.0,AVAILABLE
Katkatkat16,nan,,Epc sample set,2.0,50.0,99.0,AVAILABLE
Katkatkat16,nan,,The maker sample set,,30.0,,AVAILABLE
Katkatkat16,nan,,Neptunes Gift,15.0,10.0,,AVAILABLE
Katkatkat16,nan,,Savoir Faire Signature,10.0,18.0,,AVAILABLE
Tyrone-E,Legacy:3/Buys:0/Sales:26,,,,60.0,80.0,LISTED
kctrell,Legacy:5/Buys:10/Sales:171,Creed,"Viking (2017, 17UQ1)",50.0,270.0,,LISTED
Lonely-Application97,Legacy:0/Buys:1/Sales:6,,Black Tie 511,,70.0,,AVAILABLE
Lonely-Application97,Legacy:0/Buys:1/Sales:6,,Ktoret Blue 140,,70.0,,AVAILABLE
Lonely-Application97,Legacy:0/Buys:1/Sales:6,,Spice 139,,70.0,,AVAILABLE
Lonely-Application97,Legacy:0/Buys:1/Sales:6,,San Lucas 831,,70.0,,AVAILABLE
Lonely-Application97,Legacy:0/Buys:1/Sales:6,,Invictus Platinum,100.0,65.0,,AVAILABLE
Lonely-Application97,Legacy:0/Buys:1/Sales:6,,La Rose de Roses,,75.0,,AVAILABLE
Adorable_Stomach3507,Legacy:0/Buys:1/Sales:0,Creed,Aventus Cologne,100.0,180.0,,AVAILABLE
Adorable_Stomach3507,Legacy:0/Buys:1/Sales:0,,Zoologist bee old bottle,60.0,180.0,,AVAILABLE
Adorable_Stomach3507,Legacy:0/Buys:1/Sales:0,,CR Miami,100.0,130.0,,AVAILABLE
Adorable_Stomach3507,Legacy:0/Buys:1/Sales:0,By Kilian,Killian Old fashioned,100.0,190.0,,AVAILABLE
howiscontrol,Legacy:1/Buys:1/Sales:1,,,,120.0,,LISTED
Dry-Patience-346,Legacy:0/Buys:7/Sales:14,Armaf,Club De Nuit Woman,106.0,15.0,80.0,AVAILABLE
Dry-Patience-346,Legacy:0/Buys:7/Sales:14,Carolina Herrera,Good Girl,80.0,85.0,100.0,AVAILABLE
Dry-Patience-346,Legacy:0/Buys:7/Sales:14,Jimmy Choo,Fever,98.0,40.0,70.0,AVAILABLE
Dry-Patience-346,Legacy:0/Buys:7/Sales:14,Jimmy Choo,Fever,38.0,20.0,90.0,AVAILABLE
Dry-Patience-346,Legacy:0/Buys:7/Sales:14,,Cherie,98.0,30.0,95.0,AVAILABLE
Dry-Patience-346,Legacy:0/Buys:7/Sales:14,,New York,98.0,35.0,65.0,AVAILABLE
Dry-Patience-346,Legacy:0/Buys:7/Sales:14,Mugler,Alien EDP,89.0,60.0,60.0,AVAILABLE
SlimBootyTang,Legacy:0/Buys:14/Sales:8,,Blue Talisman,50.0,180.0,98.0,SOLD
SlimBootyTang,Legacy:0/Buys:14/Sales:8,,Contralto,100.0,160.0,99.0,SOLD
SlimBootyTang,Legacy:0/Buys:14/Sales:8,,Liquid Gold,100.0,110.0,99.0,AVAILABLE
SlimBootyTang,Legacy:0/Buys:14/Sales:8,Azzaro,Forever Wanted Elixir,100.0,75.0,98.0,AVAILABLE
SlimBootyTang,Legacy:0/Buys:14/Sales:8,Prada,Carbon,100.0,50.0,85.0,AVAILABLE
jdwilliams5050,Legacy:0/Buys:13/Sales:25,,Neptunes Trident,100.0,275.0,95.0,SOLD
jdwilliams5050,Legacy:0/Buys:13/Sales:25,,Sacred Flame,100.0,215.0,95.0,AVAILABLE
jdwilliams5050,Legacy:0/Buys:13/Sales:25,,Fall of Phaeton,100.0,215.0,95.0,AVAILABLE
jdwilliams5050,Legacy:0/Buys:13/Sales:25,Frederic Malle,Monsieur (Bruno Jovanovic),100.0,175.0,95.0,AVAILABLE
jdwilliams5050,Legacy:0/Buys:13/Sales:25,,Carded Sample Lot + Louis Vuitton Samples,,55.0,,AVAILABLE
jdwilliams5050,Legacy:0/Buys:13/Sales:25,Louis Vuitton,LV Lvers (x2),,,,AVAILABLE
jdwilliams5050,Legacy:0/Buys:13/Sales:25,Penhaligon's,Opus 1870,,,,AVAILABLE
MrBanana5545,Legacy:0/Buys:1/Sales:11,,,100.0,285.0,98.5,LISTED
JScott127,Legacy:0/Buys:1/Sales:19,,Coffee Break EDT,100.0,65.0,,LISTED
Recent_Thought5117,Legacy:0/Buys:0/Sales:1,Amouage,Black Iris (tester),100.0,120.0,97.0,LISTED
Legacy0904,Legacy:0/Buys:51/Sales:18,,Les Indemodables Vanille Havane Extrait Absolute,10.0,90.0,90.0,LISTED
Legacy0904,Legacy:0/Buys:51/Sales:18,,Tiziana Terenzi Laudano Nero,100.0,65.0,90.0,SOLD
Legacy0904,Legacy:0/Buys:51/Sales:18,,Tauer Lonestar Memories,50.0,120.0,90.0,SOLD
Legacy0904,Legacy:0/Buys:51/Sales:18,,SHL Mortal Skin,50.0,120.0,90.0,SOLD
Legacy0904,Legacy:0/Buys:51/Sales:18,,Liquides Imaginaires Fortis,100.0,65.0,90.0,LISTED
Legacy0904,Legacy:0/Buys:51/Sales:18,Xerjoff,Xerjoff 40 Knots,50.0,100.0,90.0,SOLD
Legacy0904,Legacy:0/Buys:51/Sales:18,Armani,Armani Code Absolu,110.0,90.0,90.0,SOLD
Legacy0904,Legacy:0/Buys:51/Sales:18,Hugo Boss,Boss Bottled Absolu,200.0,85.0,90.0,SOLD
Legacy0904,Legacy:0/Buys:51/Sales:18,,Envy of Fomo,100.0,20.0,90.0,LISTED
Legacy0904,Legacy:0/Buys:51/Sales:18,,Barouj Lamasat oud,85.76315,25.0,,AVAILABLE
Legacy0904,Legacy:0/Buys:51/Sales:18,,Turathi blue,100.0,15.0,,AVAILABLE
arieux,Legacy:0/Buys:6/Sales:11,,Speed Legends,100.0,260.0,91.0,AVAILABLE
arieux,Legacy:0/Buys:6/Sales:11,,Le Sel D'issey EDP,50.0,70.0,,AVAILABLE
arieux,Legacy:0/Buys:6/Sales:11,,L'eau D'issey Pour Homme EDP,125.0,30.0,90.0,SOLD
arieux,Legacy:0/Buys:6/Sales:11,,L'Eau d'Issey pour Homme Eau de Parfum,,,,SOLD
arieux,Legacy:0/Buys:6/Sales:11,,Sex Sex,100.0,110.0,95.0,SOLD
arieux,Legacy:0/Buys:6/Sales:11,Nishane,Hacivat,50.0,75.0,80.0,SOLD
arieux,Legacy:0/Buys:6/Sales:11,MM,Desirtoxic,100.0,70.0,80.0,SOLD
arieux,Legacy:0/Buys:6/Sales:11,Parfums de Marly,Haltane,125.0,150.0,,SOLD
arieux,Legacy:0/Buys:6/Sales:11,Parfums de Marly,Percival,50.0,140.0,80.0,AVAILABLE
arieux,Legacy:0/Buys:6/Sales:11,Prada,L'Homme,100.0,60.0,85.0,SOLD
arieux,Legacy:0/Buys:6/Sales:11,,Morning Chess,100.0,155.0,99.0,AVAILABLE
arieux,Legacy:0/Buys:6/Sales:11,Yves Saint Laurent,La Nuit De l'Homme EDT,100.0,45.0,99.0,SOLD
arieux,Legacy:0/Buys:6/Sales:11,,QFO fragrance oil #139,,,,SOLD
arieux,Legacy:0/Buys:6/Sales:11,Carolina Herrera,The 212 (Inspired by MFK 724),,35.0,,SOLD
arieux,Legacy:0/Buys:6/Sales:11,,Bleu Talisman,,35.0,85.0,SOLD
arieux,Legacy:0/Buys:6/Sales:11,Le Labo,Eau Bergamot,,30.0,,SOLD
arieux,Legacy:0/Buys:6/Sales:11,,Elysian Cologne,,35.0,,SOLD
arieux,Legacy:0/Buys:6/Sales:11,,Elysian Intense,,40.0,,SOLD
arieux,Legacy:0/Buys:6/Sales:11,,Marine Zest,,35.0,,SOLD
arieux,Legacy:0/Buys:6/Sales:11,Xerjoff,Torino 2021,,,,SOLD
arieux,Legacy:0/Buys:6/Sales:11,Louis Vuitton,Imaginary Pineapple,,35.0,,SOLD
arieux,Legacy:0/Buys:6/Sales:11,,Alexandria,10.0,15.0,,SOLD
arieux,Legacy:0/Buys:6/Sales:11,Maison Francis Kurkdjian,24 7,,,,SOLD
arieux,Legacy:0/Buys:6/Sales:11,Maison Francis Kurkdjian,Across the Universe (Inspired by MFK Aqua Universalis Forte),,,,AVAILABLE
arieux,Legacy:0/Buys:6/Sales:11,,Lorenzo Pazzalgia Discovery 22 Item Kit,,100.0,,AVAILABLE
arieux,Legacy:0/Buys:6/Sales:11,,Escentric Molecules M+1 Discovery Set (+2 samples),,60.0,,SOLD
arieux,Legacy:0/Buys:6/Sales:11,,M1+Patchouli,,,,SOLD
arieux,Legacy:0/Buys:6/Sales:11,,M1+Iris,,,,SOLD
arieux,Legacy:0/Buys:6/Sales:11,,M1+Mandarin (tested more than 2x),,,,SOLD
arieux,Legacy:0/Buys:6/Sales:11,,M1+Guaiac Wood,,,,SOLD
arieux,Legacy:0/Buys:6/Sales:11,,M1+Black Tea,,,,SOLD
arieux,Legacy:0/Buys:6/Sales:11,,M1+Ginger,,,,SOLD
arieux,Legacy:0/Buys:6/Sales:11,,Molecule 2,,,,SOLD
arieux,Legacy:0/Buys:6/Sales:11,,Molecule 3,,,,SOLD
arieux,Legacy:0/Buys:6/Sales:11,,Niche Sampler (2 × Tier B + 2 × Tier C + 2 × Tier D),,45.0,,AVAILABLE
arieux,Legacy:0/Buys:6/Sales:11,,Designer/Niche Mix (3 × Tier D + 2 × Tier C + 1 × Tier B),,45.0,,AVAILABLE
arieux,Legacy:0/Buys:6/Sales:11,,Anchor Sampler (1 × Tier A + 2 × Tier B + 1 × Tier C + 1 × Tier D),,50.0,,AVAILABLE
arieux,Legacy:0/Buys:6/Sales:11,,Indie Adventure (bundle: 5 × Tier C + 2 × Tier D),2.0,50.0,,LISTED
USATop-Investor-2019,Legacy:0/Buys:20/Sales:90,Parfums de Marly,New Testers,,,,LISTED
drdrip305,Legacy:0/Buys:1/Sales:24,Lattafa,Honor and Glory,100.0,20.0,95.0,AVAILABLE
drdrip305,Legacy:0/Buys:1/Sales:24,,Tobacco Noir,50.0,35.0,98.0,AVAILABLE
drdrip305,Legacy:0/Buys:1/Sales:24,Creed,Neroli Sauvage,75.0,210.0,95.0,AVAILABLE
drdrip305,Legacy:0/Buys:1/Sales:24,,Oriental Zinc,100.0,80.0,95.0,AVAILABLE
drdrip305,Legacy:0/Buys:1/Sales:24,,Calamity J,100.0,80.0,98.0,AVAILABLE
drdrip305,Legacy:0/Buys:1/Sales:24,Nishane,Deziro,100.0,110.0,95.0,AVAILABLE
drdrip305,Legacy:0/Buys:1/Sales:24,,Merakai Absolute,100.0,70.0,95.0,SOLD
drdrip305,Legacy:0/Buys:1/Sales:24,,Vulcan Sable,100.0,30.0,,AVAILABLE
drdrip305,Legacy:0/Buys:1/Sales:24,Tom Ford,Fucking Fabulous,100.0,185.0,70.0,AVAILABLE
drdrip305,Legacy:0/Buys:1/Sales:24,Parfums de Marly,Pegasus Exclusif,125.0,150.0,98.0,AVAILABLE
drdrip305,Legacy:0/Buys:1/Sales:24,Lattafa,Fakhar Platin,100.0,25.0,98.0,AVAILABLE
drdrip305,Legacy:0/Buys:1/Sales:24,,hibiscus mahajad,50.0,195.0,97.0,SOLD
drdrip305,Legacy:0/Buys:1/Sales:24,Chanel,Edition Blanche Deodorant Stick,,45.0,,AVAILABLE
drdrip305,Legacy:0/Buys:1/Sales:24,,Killer Oud Cabana,100.0,30.0,90.0,AVAILABLE
drdrip305,Legacy:0/Buys:1/Sales:24,,Abraaj Brackish,100.0,50.0,90.0,AVAILABLE
drdrip305,Legacy:0/Buys:1/Sales:24,,This is Him,100.0,40.0,80.0,AVAILABLE
drdrip305,Legacy:0/Buys:1/Sales:24,,Deadly Nightcap,50.0,140.0,98.0,AVAILABLE
drdrip305,Legacy:0/Buys:1/Sales:24,,Absolute D’Osmanthe Extrait,50.0,160.0,85.0,AVAILABLE
DonChako,Legacy:0/Buys:0/Sales:3,Tom Ford,Lavender Extreme,6.0,20.0,,AVAILABLE
DonChako,Legacy:0/Buys:0/Sales:3,Xerjoff,Via Cavour I,15.0,65.0,,AVAILABLE
DonChako,Legacy:0/Buys:0/Sales:3,,Kieran Pier NY,40.0,65.0,,AVAILABLE
DonChako,Legacy:0/Buys:0/Sales:3,Bvlgari,Kobraa,25.0,70.0,,AVAILABLE
DonChako,Legacy:0/Buys:0/Sales:3,Giorgio Armani,Acqua Di Gio Elixir,47.0,65.0,,SOLD
DonChako,Legacy:0/Buys:0/Sales:3,Dolce & Gabbana,The One Gentleman,25.0,40.0,,SOLD
DonChako,Legacy:0/Buys:0/Sales:3,Prada,Luna Rossa Carbon,92.0,55.0,,AVAILABLE
DonChako,Legacy:0/Buys:0/Sales:3,Givenchy,Gentleman EDT Intense,96.0,50.0,,AVAILABLE
DonChako,Legacy:0/Buys:0/Sales:3,,Roja Enigma pour Homme edc,96.0,140.0,,AVAILABLE
DonChako,Legacy:0/Buys:0/Sales:3,Dior,Aqua Fahrenheit,95.0,130.0,,AVAILABLE
DonChako,Legacy:0/Buys:0/Sales:3,Prada,Luna Rossa Eau Sport,95.0,85.0,,AVAILABLE
DonChako,Legacy:0/Buys:0/Sales:3,,Mosaic,47.0,140.0,,AVAILABLE
QuietChemist93,Legacy:0/Buys:14/Sales:42,,Most Wanted Parfum,100.0,55.0,100.0,SOLD
QuietChemist93,Legacy:0/Buys:14/Sales:42,Givenchy,Pi,100.0,20.0,,AVAILABLE
The_grope_gatsby,Legacy:0/Buys:1/Sales:1,Tom Ford,Tuscan Leather,,,,LISTED
The_grope_gatsby,Legacy:0/Buys:1/Sales:1,Tom Ford,Tobacco Vanille,,,,LISTED
The_grope_gatsby,Legacy:0/Buys:1/Sales:1,Tom Ford,Ombre Leather Parfum,,,,LISTED
The_grope_gatsby,Legacy:0/Buys:1/Sales:1,Tom Ford,Plum Japonais,,,,LISTED
The_grope_gatsby,Legacy:0/Buys:1/Sales:1,Tom Ford,OG Vanille Fatale,,,,LISTED
The_grope_gatsby,Legacy:0/Buys:1/Sales:1,Tom Ford,Santal Blush,,,,LISTED
The_grope_gatsby,Legacy:0/Buys:1/Sales:1,Creed,GIT,,,,LISTED
The_grope_gatsby,Legacy:0/Buys:1/Sales:1,Creed,Absolu Aventus,,,,LISTED
The_grope_gatsby,Legacy:0/Buys:1/Sales:1,Creed,OG Santal,,,,LISTED
The_grope_gatsby,Legacy:0/Buys:1/Sales:1,Dior,Tobacolor,,,,LISTED
The_grope_gatsby,Legacy:0/Buys:1/Sales:1,Dior,Ambre Nuit,,,,LISTED
The_grope_gatsby,Legacy:0/Buys:1/Sales:1,,babycat,,,,LISTED
The_grope_gatsby,Legacy:0/Buys:1/Sales:1,Gucci,Gucci Guilty Intense,5.0,30.0,,LISTED
The_grope_gatsby,Legacy:0/Buys:1/Sales:1,Yves Saint Laurent,OG YSL M7 Amber Bottle 4 sides,5.0,55.0,,LISTED
The_grope_gatsby,Legacy:0/Buys:1/Sales:1,Yves Saint Laurent,OG YSL M7 Amber Bottle 4 sides,10.0,90.0,,LISTED
The_grope_gatsby,Legacy:0/Buys:1/Sales:1,Jean Paul Gaultier,JPG Le Male Le Parfum - 2020 batch,5.0,20.0,,LISTED
The_grope_gatsby,Legacy:0/Buys:1/Sales:1,Jean Paul Gaultier,JPG Le Male Le Parfum - 2020 batch,10.0,35.0,,LISTED
The_grope_gatsby,Legacy:0/Buys:1/Sales:1,,Oud Maracuja,5.0,35.0,,LISTED
The_grope_gatsby,Legacy:0/Buys:1/Sales:1,,Oud Maracuja,10.0,55.0,,LISTED
The_grope_gatsby,Legacy:0/Buys:1/Sales:1,Guerlain,Guerlain Habit Rouge EDT Listerine Vintage,5.0,35.0,,LISTED
The_grope_gatsby,Legacy:0/Buys:1/Sales:1,Guerlain,Guerlain Habit Rouge EDT Listerine Vintage,10.0,55.0,,LISTED
The_grope_gatsby,Legacy:0/Buys:1/Sales:1,Gucci,Vintage OG Pour homme,,55.0,,LISTED
The_grope_gatsby,Legacy:0/Buys:1/Sales:1,Ralph Lauren,Cosmair Polo Green,,35.0,60.0,LISTED
The_grope_gatsby,Legacy:0/Buys:1/Sales:1,Yves Saint Laurent,Ultime,,25.0,50.0,LISTED
The_grope_gatsby,Legacy:0/Buys:1/Sales:1,Yves Saint Laurent,L'homme 2011 Batch,,20.0,35.0,LISTED
The_grope_gatsby,Legacy:0/Buys:1/Sales:1,,Cartier Declaration Essence Discontinued,,45.0,,LISTED
The_grope_gatsby,Legacy:0/Buys:1/Sales:1,Viktor & Rolf,Spicebomb Infrared,,12.0,20.0,LISTED
The_grope_gatsby,Legacy:0/Buys:1/Sales:1,Viktor & Rolf,Spicebomb OG 2012,,20.0,35.0,LISTED
The_grope_gatsby,Legacy:0/Buys:1/Sales:1,,Paco 1 Million 2017 batch,,22.0,35.0,LISTED
The_grope_gatsby,Legacy:0/Buys:1/Sales:1,,Stash Sarah Jessica Parker,,10.0,15.0,LISTED
The_grope_gatsby,Legacy:0/Buys:1/Sales:1,Lattafa,Ameer al oud intense,,10.0,15.0,LISTED
The_grope_gatsby,Legacy:0/Buys:1/Sales:1,Tom Ford,Mandarino DI Amalfi,25.0,40.0,,AVAILABLE
The_grope_gatsby,Legacy:0/Buys:1/Sales:1,Al Haramain Perfumes,De Jour Noir (Layton Clone),10.0,20.0,,AVAILABLE
The_grope_gatsby,Legacy:0/Buys:1/Sales:1,,Carven Homme (Gucci Envy clone),10.0,20.0,,AVAILABLE
The_grope_gatsby,Legacy:0/Buys:1/Sales:1,,Montage Pineapple Royal,10.0,20.0,,AVAILABLE
The_grope_gatsby,Legacy:0/Buys:1/Sales:1,,Montage Vanille Fraiche,10.0,20.0,,AVAILABLE
The_grope_gatsby,Legacy:0/Buys:1/Sales:1,,Bentley Intense,10.0,20.0,,AVAILABLE
The_grope_gatsby,Legacy:0/Buys:1/Sales:1,,Bentley Absolute,10.0,20.0,,AVAILABLE
The_grope_gatsby,Legacy:0/Buys:1/Sales:1,,Sonoma Scent Studio Winter Woods,10.0,20.0,,AVAILABLE
The_grope_gatsby,Legacy:0/Buys:1/Sales:1,,Versace the Dreamer,10.0,20.0,,AVAILABLE
The_grope_gatsby,Legacy:0/Buys:1/Sales:1,,Balenciaga Pour Homme,4.0,35.0,,AVAILABLE
The_grope_gatsby,Legacy:0/Buys:1/Sales:1,,Amber Oud Tobacco Edition,,30.0,90.0,LISTED
The_grope_gatsby,Legacy:0/Buys:1/Sales:1,,Harajuku Lovers BABY,10.0,50.0,,LISTED
The_grope_gatsby,Legacy:0/Buys:1/Sales:1,,Fragrance World Star Men,100.0,20.0,98.0,LISTED
The_grope_gatsby,Legacy:0/Buys:1/Sales:1,,Intense,100.0,25.0,80.0,LISTED
The_grope_gatsby,Legacy:0/Buys:1/Sales:1,,Silver the Man,50.0,20.0,100.0,LISTED
The_grope_gatsby,Legacy:0/Buys:1/Sales:1,,Silver the Man,50.0,20.0,100.0,LISTED
The_grope_gatsby,Legacy:0/Buys:1/Sales:1,,Silver the Man,50.0,20.0,95.0,LISTED
Jayyy_Knows,Legacy:0/Buys:5/Sales:4,Bond No 9,Bleeker Street,100.0,160.0,80.0,AVAILABLE
sashaenyc,Legacy:1/Buys:7/Sales:6,,Marrakech Intense parfum,10.0,90.0,,AVAILABLE
sashaenyc,Legacy:1/Buys:7/Sales:6,,Sienè extrait,100.0,65.0,,SOLD
sashaenyc,Legacy:1/Buys:7/Sales:6,,Royal Earth parfum,50.0,160.0,,AVAILABLE
sashaenyc,Legacy:1/Buys:7/Sales:6,,Magnolia Michel EdP,50.0,160.0,95.0,AVAILABLE
sashaenyc,Legacy:1/Buys:7/Sales:6,,Bowmakers eau de parfum,50.0,90.0,,AVAILABLE
sashaenyc,Legacy:1/Buys:7/Sales:6,Maison Francis Kurkdjian,Masculin Pluriel (purple) EdT,70.0,165.0,,SOLD
sashaenyc,Legacy:1/Buys:7/Sales:6,Armani,Pivoine Suzhou EdT,100.0,130.0,90.0,SOLD
sashaenyc,Legacy:1/Buys:7/Sales:6,,Iris Cendre EdP,50.0,100.0,60.0,AVAILABLE
sashaenyc,Legacy:1/Buys:7/Sales:6,Chanel,Sycomore EdP,200.0,190.0,47.5,AVAILABLE
SubstantialSite9424,Legacy:0/Buys:0/Sales:5,,OFG Neo,90.0,170.0,99.0,AVAILABLE
SubstantialSite9424,Legacy:0/Buys:0/Sales:5,Maison Francis Kurkdjian,Grand soir,75.0,170.0,99.0,AVAILABLE
SubstantialSite9424,Legacy:0/Buys:0/Sales:5,Creed,Aventus Absolu Triple Age,75.0,285.0,100.0,AVAILABLE
SubstantialSite9424,Legacy:0/Buys:0/Sales:5,Louis Vuitton,Imagination (decant),10.0,30.0,100.0,AVAILABLE
captainS4,Legacy:0/Buys:9/Sales:0,Valentino,Uomo Born in Roma Coral Fantasy,100.0,65.0,92.5,SOLD
captainS4,Legacy:0/Buys:9/Sales:0,Tom Ford,Oud Minerale,50.0,70.0,92.5,AVAILABLE
captainS4,Legacy:0/Buys:9/Sales:0,Hermès,H24 EDT,100.0,50.0,95.0,AVAILABLE
captainS4,Legacy:0/Buys:9/Sales:0,Dolce & Gabbana,Light Blue Eau Intense,50.0,25.0,85.0,AVAILABLE
counterstrikenewbie,Legacy:0/Buys:10/Sales:22,Maison Francis Kurkdjian,Ambre nuit,250.0,380.0,100.0,AVAILABLE
counterstrikenewbie,Legacy:0/Buys:10/Sales:22,Maison Francis Kurkdjian,Rouge Trafalgar,250.0,380.0,100.0,AVAILABLE
counterstrikenewbie,Legacy:0/Buys:10/Sales:22,Louis Vuitton,Sun Song OG (Tester),100.0,260.0,90.0,AVAILABLE
counterstrikenewbie,Legacy:0/Buys:10/Sales:22,Parfums de Marly,Herod,125.0,165.0,99.0,AVAILABLE
counterstrikenewbie,Legacy:0/Buys:10/Sales:22,Christian Dior,Oud ispahan esprit,7.5,30.0,,AVAILABLE
counterstrikenewbie,Legacy:0/Buys:10/Sales:22,Christian Dior,gris dior,7.5,25.0,,AVAILABLE
counterstrikenewbie,Legacy:0/Buys:10/Sales:22,,Soleil de Jeddah,50.0,145.0,96.0,AVAILABLE
counterstrikenewbie,Legacy:0/Buys:10/Sales:22,,mind games queenside,100.0,300.0,99.0,AVAILABLE
counterstrikenewbie,Legacy:0/Buys:10/Sales:22,Christian Dior,Oud Ispahan esprit,80.0,295.0,99.0,AVAILABLE
counterstrikenewbie,Legacy:0/Buys:10/Sales:22,,Lucky Esprit,80.0,295.0,99.0,AVAILABLE
counterstrikenewbie,Legacy:0/Buys:10/Sales:22,Dior,Gris Dior Esprit,80.0,250.0,69.0,AVAILABLE
counterstrikenewbie,Legacy:0/Buys:10/Sales:22,,New Look 1947,250.0,230.0,,AVAILABLE
counterstrikenewbie,Legacy:0/Buys:10/Sales:22,,Belle De Jour,250.0,380.0,,AVAILABLE
counterstrikenewbie,Legacy:0/Buys:10/Sales:22,,Dioramour,250.0,90.0,,AVAILABLE
counterstrikenewbie,Legacy:0/Buys:10/Sales:22,Maison Francis Kurkdjian,724,70.0,150.0,96.0,AVAILABLE
counterstrikenewbie,Legacy:0/Buys:10/Sales:22,Maison Francis Kurkdjian,Petit Matin,70.0,140.0,93.0,AVAILABLE
counterstrikenewbie,Legacy:0/Buys:10/Sales:22,Maison Francis Kurkdjian,Oud Satin Mood EDP,70.0,160.0,94.0,SOLD
counterstrikenewbie,Legacy:0/Buys:10/Sales:22,Maison Francis Kurkdjian,A la Rose,70.0,40.0,21.0,AVAILABLE
counterstrikenewbie,Legacy:0/Buys:10/Sales:22,Tom Ford,Soleil Blanc EDP,50.0,100.0,98.0,SOLD
counterstrikenewbie,Legacy:0/Buys:10/Sales:22,,Rose Gypsy,250.0,190.0,,AVAILABLE
counterstrikenewbie,Legacy:0/Buys:10/Sales:22,,Granville,250.0,350.0,,AVAILABLE
counterstrikenewbie,Legacy:0/Buys:10/Sales:22,Louis Vuitton,Matiere Noire,,185.0,90.0,AVAILABLE
counterstrikenewbie,Legacy:0/Buys:10/Sales:22,Bond No 9,Bond No 9,,,,LISTED
counterstrikenewbie,Legacy:0/Buys:10/Sales:22,Creed,Creed (w/ caps),,,,LISTED
counterstrikenewbie,Legacy:0/Buys:10/Sales:22,Guerlain,Guerlain,200.0,,,LISTED
counterstrikenewbie,Legacy:0/Buys:10/Sales:22,Parfums de Marly,Greenly,125.0,,,LISTED
counterstrikenewbie,Legacy:0/Buys:10/Sales:22,Parfums de Marly,Sedley,125.0,,,LISTED
counterstrikenewbie,Legacy:0/Buys:10/Sales:22,Parfums de Marly,Castley,125.0,,,LISTED
counterstrikenewbie,Legacy:0/Buys:10/Sales:22,Louis Vuitton,Cactus Garden,,,,LISTED
counterstrikenewbie,Legacy:0/Buys:10/Sales:22,,OG Afternoon swim,200.0,,,LISTED
counterstrikenewbie,Legacy:0/Buys:10/Sales:22,Initio,Mind Games,,,,LISTED
Bluemoon022,Legacy:0/Buys:0/Sales:10,,Official Mini,10.0,49.0,,LISTED
Curious_Yak3376,Legacy:0/Buys:5/Sales:0,Giorgio Armani,Armani Code EDP 2024,75.0,50.0,97.33,SOLD
Curious_Yak3376,Legacy:0/Buys:5/Sales:0,,Fragrance World Harmony Code Absolute,100.0,25.0,97.0,SOLD
Curious_Yak3376,Legacy:0/Buys:5/Sales:0,,1:1 clone of Armani Code Absolu,,,,SOLD
Curious_Yak3376,Legacy:0/Buys:5/Sales:0,Salvatore Ferragamo,Acqua Essenziale Blu,50.0,20.0,98.0,SOLD
Curious_Yak3376,Legacy:0/Buys:5/Sales:0,,Maison Alhambra Tobacco Touch,100.0,20.0,99.0,AVAILABLE
Curious_Yak3376,Legacy:0/Buys:5/Sales:0,,Bentley for Men EDT,100.0,20.0,99.0,SOLD
Curious_Yak3376,Legacy:0/Buys:5/Sales:0,,Mankind Kenneth Cole,30.0,10.0,50.0,SOLD
Curious_Yak3376,Legacy:0/Buys:5/Sales:0,Creed,Aventus Cologne (Decant),1.5,6.0,,AVAILABLE
Curious_Yak3376,Legacy:0/Buys:5/Sales:0,Parfums de Marly,Herod,,6.0,,AVAILABLE
Curious_Yak3376,Legacy:0/Buys:5/Sales:0,Parfums de Marly,Percival,,6.0,,AVAILABLE
Curious_Yak3376,Legacy:0/Buys:5/Sales:0,Jean Paul Gaultier,Scandal Absolu,,5.0,,AVAILABLE
Curious_Yak3376,Legacy:0/Buys:5/Sales:0,Jean Paul Gaultier,Scandal Le Parfum,,5.0,,AVAILABLE
Curious_Yak3376,Legacy:0/Buys:5/Sales:0,Dolce & Gabbana,Devotion,,5.0,,AVAILABLE
Curious_Yak3376,Legacy:0/Buys:5/Sales:0,Dior,Dior Homme 2020,,,70.0,AVAILABLE
Curious_Yak3376,Legacy:0/Buys:5/Sales:0,Parfums de Marly,Sedley,,,30.0,AVAILABLE
VictorSanchez_,Legacy:0/Buys:1/Sales:26,Jean Paul Gaultier,Paradise Garden,125.0,60.0,100.0,LISTED
VictorSanchez_,Legacy:0/Buys:1/Sales:26,Valentino,BIR Intense,100.0,75.0,,SOLD
VictorSanchez_,Legacy:0/Buys:1/Sales:26,Lattafa,Bundle,,40.0,,SOLD
VictorSanchez_,Legacy:0/Buys:1/Sales:26,,Asad Boubon,100.0,,95.0,LISTED
VictorSanchez_,Legacy:0/Buys:1/Sales:26,,Art of Nature II,100.0,,,LISTED
hburt1313,Legacy:0/Buys:0/Sales:11,,Whole box sampler,,125.0,,AVAILABLE
hburt1313,Legacy:0/Buys:0/Sales:11,,10ml vial (sampler) x4,10.0,,,AVAILABLE
hburt1313,Legacy:0/Buys:0/Sales:11,,1.8ml vial (sampler) x8,1.8,,,AVAILABLE
hburt1313,Legacy:0/Buys:0/Sales:11,,0.5ml vial (thank you sampler) x6,0.5,,,AVAILABLE
Zjdjdjddi,nan,,Bharara double bleu 4pc gift set,,80.0,100.0,AVAILABLE
hburt1313,Legacy:0/Buys:0/Sales:11,,BTSO Dirty Heaven,50.0,85.0,,AVAILABLE
hburt1313,Legacy:0/Buys:0/Sales:11,,Reinvēnted Ode To Psyche,75.0,75.0,,SOLD
hburt1313,Legacy:0/Buys:0/Sales:11,,The Maker Lover,50.0,85.0,,AVAILABLE
itwasyohan,Legacy:0/Buys:32/Sales:71,Dior,Ambre Nuit,50.0,120.0,90.0,LISTED
OkEconomist6676,Legacy:0/Buys:10/Sales:1,,,,75.0,,LISTED
arabs_legend,Legacy:0/Buys:18/Sales:19,Louis Vuitton,Sur La Route,,300.0,99.5,SOLD
arabs_legend,Legacy:0/Buys:18/Sales:19,Xerjoff,Renaissance,,120.0,95.0,AVAILABLE
arabs_legend,Legacy:0/Buys:18/Sales:19,,Unique Blue,,100.0,100.0,SOLD
arabs_legend,Legacy:0/Buys:18/Sales:19,,Sailing Day,,75.0,99.0,AVAILABLE
arabs_legend,Legacy:0/Buys:18/Sales:19,,Under the lemon tree,,75.0,99.0,AVAILABLE
arabs_legend,Legacy:0/Buys:18/Sales:19,,Pacific NOT AURA!,,13.0,90.0,AVAILABLE
arabs_legend,Legacy:0/Buys:18/Sales:19,,Afro leather,,12.0,99.0,SOLD
arabs_legend,Legacy:0/Buys:18/Sales:19,,Winesome,,12.0,95.0,SOLD
arabs_legend,Legacy:0/Buys:18/Sales:19,,Victorioso Victory,,12.0,99.0,AVAILABLE
arabs_legend,Legacy:0/Buys:18/Sales:19,,Ex Vetiver,,40.0,50.0,AVAILABLE
arabs_legend,Legacy:0/Buys:18/Sales:19,,Gold,,10.0,98.0,AVAILABLE
bkdog69,Legacy:0/Buys:46/Sales:49,Amouage,Interlude Black Iris,100.0,115.0,,LISTED
NC-BST,Legacy:0/Buys:45/Sales:41,,Illusione Bois Nu,50.0,30.0,,AVAILABLE
NC-BST,Legacy:0/Buys:45/Sales:41,Creed,Millesime Imperial (decant),10.0,15.0,,AVAILABLE
NC-BST,Legacy:0/Buys:45/Sales:41,Burberry,Touch,30.0,15.0,,AVAILABLE
NC-BST,Legacy:0/Buys:45/Sales:41,,Aspen,118.0,13.0,,AVAILABLE
NC-BST,Legacy:0/Buys:45/Sales:41,Juicy Couture,Dirty English,50.0,19.0,,AVAILABLE
NC-BST,Legacy:0/Buys:45/Sales:41,,New York Mercer Street,50.0,17.0,,AVAILABLE
NC-BST,Legacy:0/Buys:45/Sales:41,,Millenials,125.0,12.0,,AVAILABLE
NC-BST,Legacy:0/Buys:45/Sales:41,Bath & Body Works,Vanilla Romance (mini),7.0,5.0,,AVAILABLE
NC-BST,Legacy:0/Buys:45/Sales:41,Bath & Body Works,Vanilla Romance (mini),7.0,5.0,,AVAILABLE
NC-BST,Legacy:0/Buys:45/Sales:41,Bath & Body Works,Vanilla Romance,7.0,4.5,,LISTED
Big_Estate9575,Legacy:0/Buys:17/Sales:51,Bond No 9,Hamptons,100.0,125.0,99.0,AVAILABLE
Big_Estate9575,Legacy:0/Buys:17/Sales:51,Parfums de Marly,Kalan,125.0,100.0,88.0,AVAILABLE
Big_Estate9575,Legacy:0/Buys:17/Sales:51,Tom Ford,Fucking Fabulous (Limited Edition 2017 Atomizer),48.0,100.0,50.0,AVAILABLE
Big_Estate9575,Legacy:0/Buys:17/Sales:51,Tom Ford,Lavender Extreme (Decant),30.0,95.0,,AVAILABLE
Big_Estate9575,Legacy:0/Buys:17/Sales:51,Tom Ford,"Oud Minerale (Resort Blend, Discontinued, NIB)",30.0,85.0,100.0,AVAILABLE
3ClassiC,Legacy:0/Buys:1/Sales:4,,,50.0,120.0,80.0,SOLD
OnesieTwosies,Legacy:0/Buys:8/Sales:19,Christian Dior,Eau Sauvage EDT,100.0,100.0,,LISTED
OnesieTwosies,Legacy:0/Buys:8/Sales:19,Christian Dior,Eau Sauvage Extreme,100.0,250.0,99.0,LISTED
OnesieTwosies,Legacy:0/Buys:8/Sales:19,Christian Dior,Eau Sauvage Parfum,100.0,210.0,100.0,LISTED
jerryr88,Legacy:1/Buys:2/Sales:5,Le Labo,Rose 31,50.0,129.0,,LISTED
bad916,Legacy:50/Buys:8/Sales:72,,Oud Nude,200.0,440.0,99.0,LISTED
Glittering_Ocelot_67,Legacy:0/Buys:0/Sales:2,,Invictus Aqua (first release) 2016,100.0,100.0,100.0,LISTED
meridius85,Legacy:0/Buys:18/Sales:46,,,70.0,150.0,95.0,LISTED
korgan1995,Legacy:0/Buys:2/Sales:2,,coral fantasy,100.0,75.0,95.0,SOLD
LosDugs,nan,,Anabasis,50.0,150.0,80.0,LISTED
LosDugs,nan,,After the flood,35.0,110.0,77.14,LISTED
LosDugs,nan,,Brother night,35.0,120.0,97.14,LISTED
LosDugs,nan,,Tindrer edp,50.0,120.0,90.0,LISTED
Illustrious_Theory13,Legacy:0/Buys:48/Sales:88,Aaron Terence Hughes,Onyx Air,10.0,60.0,,AVAILABLE
Illustrious_Theory13,Legacy:0/Buys:48/Sales:88,Aaron Terence Hughes,Tabac,10.0,60.0,,SOLD
Illustrious_Theory13,Legacy:0/Buys:48/Sales:88,Aaron Terence Hughes,Guapo Extreme,10.0,60.0,,AVAILABLE
Illustrious_Theory13,Legacy:0/Buys:48/Sales:88,Aaron Terence Hughes,Notorious,10.0,65.0,,AVAILABLE
Illustrious_Theory13,Legacy:0/Buys:48/Sales:88,,Quantum,100.0,30.0,88.0,AVAILABLE
Illustrious_Theory13,Legacy:0/Buys:48/Sales:88,Giorgio Armani,Acqua di Gio Absolu Instinct,,70.0,55.0,AVAILABLE
Illustrious_Theory13,Legacy:0/Buys:48/Sales:88,Acqua di Parma,Fico di Amalfi,180.0,85.0,99.0,AVAILABLE
Illustrious_Theory13,Legacy:0/Buys:48/Sales:88,Carolina Herrera,Bad Boy Cobalt Parfum Electrique,150.0,105.0,97.0,AVAILABLE
Illustrious_Theory13,Legacy:0/Buys:48/Sales:88,Creed,Millesime Imperial,100.0,160.0,99.0,AVAILABLE
Illustrious_Theory13,Legacy:0/Buys:48/Sales:88,,Phu Quoc,50.0,130.0,96.0,AVAILABLE
Illustrious_Theory13,Legacy:0/Buys:48/Sales:88,,The Ghost in the Shell,,85.0,,AVAILABLE
Illustrious_Theory13,Legacy:0/Buys:48/Sales:88,Jo Malone,Cypress & Grapevine,100.0,80.0,99.0,AVAILABLE
Illustrious_Theory13,Legacy:0/Buys:48/Sales:88,By Kilian,Black Phantom,50.0,130.0,95.0,AVAILABLE
Illustrious_Theory13,Legacy:0/Buys:48/Sales:88,Nishane,Deziro,100.0,130.0,90.0,AVAILABLE
Illustrious_Theory13,Legacy:0/Buys:48/Sales:88,,Tutti Frutti,50.0,120.0,94.0,AVAILABLE
Illustrious_Theory13,Legacy:0/Buys:48/Sales:88,Christian Dior,Sauvage Eau Forte,10.0,20.0,80.0,AVAILABLE
Illustrious_Theory13,Legacy:0/Buys:48/Sales:88,,D.102 (Chanel No 5 inspiration),50.0,20.0,,AVAILABLE
Illustrious_Theory13,Legacy:0/Buys:48/Sales:88,,D.202 (Chanel Coco Mademoiselle inspiration),50.0,20.0,,AVAILABLE
Illustrious_Theory13,Legacy:0/Buys:48/Sales:88,Le Labo,D.408 - Santal 33 inspiration,50.0,20.0,,AVAILABLE
Illustrious_Theory13,Legacy:0/Buys:48/Sales:88,Jo Malone,D.413 - Wood Sage and Sea Salt inspiration,50.0,20.0,,AVAILABLE
Illustrious_Theory13,Legacy:0/Buys:48/Sales:88,Creed,D.915 - Aventus inspiration,50.0,20.0,,AVAILABLE
Illustrious_Theory13,Legacy:0/Buys:48/Sales:88,,Nomad (Who is Elijah official),10.0,25.0,,AVAILABLE
Illustrious_Theory13,Legacy:0/Buys:48/Sales:88,,Oriental Spices,,20.0,,AVAILABLE
Illustrious_Theory13,Legacy:0/Buys:48/Sales:88,,Phlur Golden Rule (official 10ml bottle),10.0,20.0,,AVAILABLE
Illustrious_Theory13,Legacy:0/Buys:48/Sales:88,,Carttley Charm,50.0,20.0,,AVAILABLE
Illustrious_Theory13,Legacy:0/Buys:48/Sales:88,,Middle Eastern Oils (12 pack),,25.0,,AVAILABLE
Illustrious_Theory13,Legacy:0/Buys:48/Sales:88,,Attar Rose,30.0,,,AVAILABLE
Illustrious_Theory13,Legacy:0/Buys:48/Sales:88,,Crazy in Love Roll on oil,10.0,,,AVAILABLE
Illustrious_Theory13,Legacy:0/Buys:48/Sales:88,,Maison d'Orient,8.0,,,AVAILABLE
Illustrious_Theory13,Legacy:0/Buys:48/Sales:88,,Musk Tahara,2.0,,,AVAILABLE
Illustrious_Theory13,Legacy:0/Buys:48/Sales:88,,Pink Musk,2.0,,,AVAILABLE
Illustrious_Theory13,Legacy:0/Buys:48/Sales:88,,Intense Oud,8.0,,,AVAILABLE
Illustrious_Theory13,Legacy:0/Buys:48/Sales:88,,Dragon's Blood,5.0,,,AVAILABLE
Illustrious_Theory13,Legacy:0/Buys:48/Sales:88,,Hibiscus,10.0,,,AVAILABLE
Illustrious_Theory13,Legacy:0/Buys:48/Sales:88,,Swiss Arabian,5.0,,,AVAILABLE
Illustrious_Theory13,Legacy:0/Buys:48/Sales:88,,Unlabeled,8.0,,,AVAILABLE
DangerousKing1041,Legacy:0/Buys:1/Sales:6,Guerlain,Troublantes,,350.0,,AVAILABLE
DangerousKing1041,Legacy:0/Buys:1/Sales:6,Aaron Terence Hughes,Riviera Maya,,185.0,,AVAILABLE
DangerousKing1041,Legacy:0/Buys:1/Sales:6,Yves Saint Laurent,Y,60.0,95.0,,AVAILABLE
DangerousKing1041,Legacy:0/Buys:1/Sales:6,Jean Paul Gaultier,Le Beau,125.0,95.0,,AVAILABLE
levelaimbot,Legacy:0/Buys:7/Sales:6,,Larmes Du Desert,100.0,100.0,,LISTED
fischook15,Legacy:0/Buys:24/Sales:29,Aaron Terence Hughes,Rivera Maya,50.0,185.0,,LISTED
fischook15,Legacy:0/Buys:24/Sales:29,Aaron Terence Hughes,Tabac,10.0,60.0,,LISTED
fischook15,Legacy:0/Buys:24/Sales:29,Aaron Terence Hughes,Raw Cherry,10.0,60.0,,LISTED
PlaugeXI,Legacy:0/Buys:0/Sales:1,Tom Ford,Tom Ford,,,,AVAILABLE
sumuhmuhbitch,MODERATOR,Carolina Herrera,Vetiver Paradise,100.0,77.0,,AVAILABLE
sumuhmuhbitch,MODERATOR,Gucci,Guilty Intense,50.0,67.0,,AVAILABLE
sumuhmuhbitch,MODERATOR,Maison Francis Kurkdjian,Amyris Homme Extrait,70.0,207.0,,SOLD
trunkweasel,Legacy:0/Buys:0/Sales:5,Initio,Oud for Greatness,90.0,155.0,,LISTED
trunkweasel,Legacy:0/Buys:0/Sales:5,Initio,Side Effect,90.0,170.0,,LISTED
trunkweasel,Legacy:0/Buys:0/Sales:5,Initio,High Frequency,90.0,130.0,,LISTED
trunkweasel,Legacy:0/Buys:0/Sales:5,Maison Francis Kurkdjian,Oud Satin Mood EDP,70.0,170.0,,LISTED
Easy_Vacation8040,Legacy:0/Buys:11/Sales:17,Chanel,Bleu De Chanel EDT,150.0,120.0,97.0,SOLD
Easy_Vacation8040,Legacy:0/Buys:11/Sales:17,Prada,Luna Rossa EDT,,45.0,97.0,AVAILABLE
Easy_Vacation8040,Legacy:0/Buys:11/Sales:17,,Versace Eros Flame,200.0,55.0,99.0,SOLD
Easy_Vacation8040,Legacy:0/Buys:11/Sales:17,Giorgio Armani,Acqua Di Gio Parfum,100.0,75.0,95.0,AVAILABLE
Easy_Vacation8040,Legacy:0/Buys:11/Sales:17,,Cheapie bundle,,45.0,,AVAILABLE
Easy_Vacation8040,Legacy:0/Buys:11/Sales:17,,Tommy Hilfiger Impact Together,100.0,,,AVAILABLE
Easy_Vacation8040,Legacy:0/Buys:11/Sales:17,,Mercedes Benz Man EDT,100.0,,,AVAILABLE
Easy_Vacation8040,Legacy:0/Buys:11/Sales:17,,Banana Republic Cypress and Cedar,75.0,,,AVAILABLE
Easy_Vacation8040,Legacy:0/Buys:11/Sales:17,Hugo Boss,Hugo Man,75.0,,,AVAILABLE
Aggressive-Buddy-759,Legacy:0/Buys:0/Sales:14,Montale,Black Aoud,100.0,45.0,,AVAILABLE
Deanwonglikesballz,Legacy:0/Buys:5/Sales:81,,Afternoon Swim,2.0,9.0,,AVAILABLE
Deanwonglikesballz,Legacy:0/Buys:5/Sales:81,,Afternoon Swim,3.0,12.0,,AVAILABLE
Deanwonglikesballz,Legacy:0/Buys:5/Sales:81,,Afternoon Swim,5.0,17.0,,AVAILABLE
Deanwonglikesballz,Legacy:0/Buys:5/Sales:81,,Afternoon Swim,10.0,27.0,,AVAILABLE
Deanwonglikesballz,Legacy:0/Buys:5/Sales:81,,Afternoon Swim,30.0,70.0,,AVAILABLE
Deanwonglikesballz,Legacy:0/Buys:5/Sales:81,,Afternoon Swim,50.0,120.0,,AVAILABLE
Deanwonglikesballz,Legacy:0/Buys:5/Sales:81,,Apogée,2.0,7.0,,AVAILABLE
Deanwonglikesballz,Legacy:0/Buys:5/Sales:81,,Apogée,3.0,9.0,,AVAILABLE
Deanwonglikesballz,Legacy:0/Buys:5/Sales:81,,Apogée,5.0,12.0,,AVAILABLE
Deanwonglikesballz,Legacy:0/Buys:5/Sales:81,,Apogée,10.0,20.0,,AVAILABLE
Deanwonglikesballz,Legacy:0/Buys:5/Sales:81,,Apogée,30.0,60.0,,AVAILABLE
Deanwonglikesballz,Legacy:0/Buys:5/Sales:81,,Apogée,50.0,95.0,,AVAILABLE
Deanwonglikesballz,Legacy:0/Buys:5/Sales:81,,Attrape-Rêves,2.0,9.0,,AVAILABLE
Deanwonglikesballz,Legacy:0/Buys:5/Sales:81,,Attrape-Rêves,3.0,12.0,,AVAILABLE
Deanwonglikesballz,Legacy:0/Buys:5/Sales:81,,Attrape-Rêves,5.0,17.0,,AVAILABLE
Deanwonglikesballz,Legacy:0/Buys:5/Sales:81,,Attrape-Rêves,10.0,23.0,,AVAILABLE
Deanwonglikesballz,Legacy:0/Buys:5/Sales:81,,Attrape-Rêves,30.0,70.0,,AVAILABLE
Deanwonglikesballz,Legacy:0/Buys:5/Sales:81,,Attrape-Rêves,50.0,110.0,,AVAILABLE
Deanwonglikesballz,Legacy:0/Buys:5/Sales:81,,Au Hasard,2.0,7.0,,AVAILABLE
Deanwonglikesballz,Legacy:0/Buys:5/Sales:81,,Au Hasard,3.0,9.0,,AVAILABLE
Deanwonglikesballz,Legacy:0/Buys:5/Sales:81,,Au Hasard,5.0,12.0,,AVAILABLE
Deanwonglikesballz,Legacy:0/Buys:5/Sales:81,,Au Hasard,10.0,20.0,,AVAILABLE
Deanwonglikesballz,Legacy:0/Buys:5/Sales:81,,Au Hasard,30.0,60.0,,AVAILABLE
Deanwonglikesballz,Legacy:0/Buys:5/Sales:81,,Au Hasard,50.0,95.0,,AVAILABLE
Deanwonglikesballz,Legacy:0/Buys:5/Sales:81,,California Dream,2.0,6.0,,AVAILABLE
Deanwonglikesballz,Legacy:0/Buys:5/Sales:81,,California Dream,3.0,8.0,,AVAILABLE
Deanwonglikesballz,Legacy:0/Buys:5/Sales:81,,California Dream,5.0,12.0,,AVAILABLE
Deanwonglikesballz,Legacy:0/Buys:5/Sales:81,,California Dream,10.0,27.0,,AVAILABLE
Deanwonglikesballz,Legacy:0/Buys:5/Sales:81,,California Dream,30.0,70.0,,AVAILABLE
Deanwonglikesballz,Legacy:0/Buys:5/Sales:81,,California Dream,50.0,105.0,,AVAILABLE
Deanwonglikesballz,Legacy:0/Buys:5/Sales:81,,City of Stars,2.0,9.0,,AVAILABLE
Deanwonglikesballz,Legacy:0/Buys:5/Sales:81,,City of Stars,3.0,12.0,,AVAILABLE
Deanwonglikesballz,Legacy:0/Buys:5/Sales:81,,City of Stars,5.0,17.0,,AVAILABLE
Deanwonglikesballz,Legacy:0/Buys:5/Sales:81,,City of Stars,10.0,33.0,,AVAILABLE
Deanwonglikesballz,Legacy:0/Buys:5/Sales:81,,City of Stars,30.0,85.0,,AVAILABLE
Deanwonglikesballz,Legacy:0/Buys:5/Sales:81,,City of Stars,50.0,145.0,,AVAILABLE
Deanwonglikesballz,Legacy:0/Buys:5/Sales:81,,Coeur Battant,2.0,7.0,,AVAILABLE
Deanwonglikesballz,Legacy:0/Buys:5/Sales:81,,Coeur Battant,3.0,9.0,,AVAILABLE
Deanwonglikesballz,Legacy:0/Buys:5/Sales:81,,Coeur Battant,5.0,12.0,,AVAILABLE
Deanwonglikesballz,Legacy:0/Buys:5/Sales:81,,Coeur Battant,10.0,20.0,,AVAILABLE
Deanwonglikesballz,Legacy:0/Buys:5/Sales:81,,Coeur Battant,30.0,60.0,,AVAILABLE
Deanwonglikesballz,Legacy:0/Buys:5/Sales:81,,Coeur Battant,50.0,95.0,,AVAILABLE
Deanwonglikesballz,Legacy:0/Buys:5/Sales:81,,Cosmic Cloud,2.0,12.0,,AVAILABLE
Deanwonglikesballz,Legacy:0/Buys:5/Sales:81,,Cosmic Cloud,3.0,16.0,,AVAILABLE
Deanwonglikesballz,Legacy:0/Buys:5/Sales:81,,Cosmic Cloud,5.0,25.0,,AVAILABLE
Deanwonglikesballz,Legacy:0/Buys:5/Sales:81,,Cosmic Cloud,10.0,45.0,,AVAILABLE
Deanwonglikesballz,Legacy:0/Buys:5/Sales:81,,Cosmic Cloud,30.0,120.0,,AVAILABLE
Deanwonglikesballz,Legacy:0/Buys:5/Sales:81,,Cosmic Cloud,50.0,195.0,,AVAILABLE
Deanwonglikesballz,Legacy:0/Buys:5/Sales:81,,Dans La Peau,2.0,5.0,,AVAILABLE
Deanwonglikesballz,Legacy:0/Buys:5/Sales:81,,Dans La Peau,3.0,7.0,,AVAILABLE
Deanwonglikesballz,Legacy:0/Buys:5/Sales:81,,Dans La Peau,5.0,10.0,,AVAILABLE
Deanwonglikesballz,Legacy:0/Buys:5/Sales:81,,Dans La Peau,10.0,18.0,,AVAILABLE
Deanwonglikesballz,Legacy:0/Buys:5/Sales:81,,Dans La Peau,30.0,60.0,,AVAILABLE
Deanwonglikesballz,Legacy:0/Buys:5/Sales:81,,Dans La Peau,50.0,85.0,,AVAILABLE
Deanwonglikesballz,Legacy:0/Buys:5/Sales:81,,Elves,2.0,9.0,,AVAILABLE
Deanwonglikesballz,Legacy:0/Buys:5/Sales:81,,Elves,3.0,12.0,,AVAILABLE
Deanwonglikesballz,Legacy:0/Buys:5/Sales:81,,Elves,5.0,17.0,,AVAILABLE
Deanwonglikesballz,Legacy:0/Buys:5/Sales:81,,Elves,10.0,33.0,,AVAILABLE
Deanwonglikesballz,Legacy:0/Buys:5/Sales:81,,Elves,30.0,85.0,,AVAILABLE
Deanwonglikesballz,Legacy:0/Buys:5/Sales:81,,Elves,50.0,145.0,,AVAILABLE
Deanwonglikesballz,Legacy:0/Buys:5/Sales:81,,Fleur du Désert,2.0,9.0,,AVAILABLE
Deanwonglikesballz,Legacy:0/Buys:5/Sales:81,,Fleur du Désert,3.0,12.0,,AVAILABLE
Deanwonglikesballz,Legacy:0/Buys:5/Sales:81,,Fleur du Désert,5.0,17.0,,AVAILABLE
Deanwonglikesballz,Legacy:0/Buys:5/Sales:81,,Fleur du Désert,10.0,30.0,,AVAILABLE
Deanwonglikesballz,Legacy:0/Buys:5/Sales:81,,Fleur du Désert,30.0,70.0,,AVAILABLE
Deanwonglikesballz,Legacy:0/Buys:5/Sales:81,,Fleur du Désert,50.0,120.0,,AVAILABLE
Deanwonglikesballz,Legacy:0/Buys:5/Sales:81,,Imagination,2.0,9.0,,AVAILABLE
Deanwonglikesballz,Legacy:0/Buys:5/Sales:81,,Imagination,3.0,12.0,,AVAILABLE
Deanwonglikesballz,Legacy:0/Buys:5/Sales:81,,Imagination,5.0,17.0,,AVAILABLE
Deanwonglikesballz,Legacy:0/Buys:5/Sales:81,,Imagination,10.0,27.0,,AVAILABLE
Deanwonglikesballz,Legacy:0/Buys:5/Sales:81,,Imagination,30.0,71.0,,AVAILABLE
Deanwonglikesballz,Legacy:0/Buys:5/Sales:81,,Imagination,50.0,120.0,,AVAILABLE
Deanwonglikesballz,Legacy:0/Buys:5/Sales:81,,Le Jour Se Lève,2.0,7.0,,AVAILABLE
Deanwonglikesballz,Legacy:0/Buys:5/Sales:81,,Le Jour Se Lève,3.0,9.0,,AVAILABLE
Deanwonglikesballz,Legacy:0/Buys:5/Sales:81,,Le Jour Se Lève,5.0,12.0,,AVAILABLE
Deanwonglikesballz,Legacy:0/Buys:5/Sales:81,,Le Jour Se Lève,10.0,20.0,,AVAILABLE
Deanwonglikesballz,Legacy:0/Buys:5/Sales:81,,Le Jour Se Lève,30.0,60.0,,AVAILABLE
Deanwonglikesballz,Legacy:0/Buys:5/Sales:81,,Le Jour Se Lève,50.0,95.0,,AVAILABLE
Deanwonglikesballz,Legacy:0/Buys:5/Sales:81,,Les Sables Roses,2.0,9.0,,AVAILABLE
Deanwonglikesballz,Legacy:0/Buys:5/Sales:81,,Les Sables Roses,3.0,12.0,,AVAILABLE
Deanwonglikesballz,Legacy:0/Buys:5/Sales:81,,Les Sables Roses,5.0,17.0,,AVAILABLE
Deanwonglikesballz,Legacy:0/Buys:5/Sales:81,,Les Sables Roses,10.0,30.0,,AVAILABLE
Deanwonglikesballz,Legacy:0/Buys:5/Sales:81,,Les Sables Roses,30.0,70.0,,AVAILABLE
Deanwonglikesballz,Legacy:0/Buys:5/Sales:81,,Les Sables Roses,50.0,120.0,,AVAILABLE
Deanwonglikesballz,Legacy:0/Buys:5/Sales:81,,Lovers,2.0,9.0,,AVAILABLE
Deanwonglikesballz,Legacy:0/Buys:5/Sales:81,,Lovers,3.0,12.0,,AVAILABLE
Deanwonglikesballz,Legacy:0/Buys:5/Sales:81,,Lovers,5.0,17.0,,AVAILABLE
Deanwonglikesballz,Legacy:0/Buys:5/Sales:81,,Lovers,10.0,30.0,,AVAILABLE
Deanwonglikesballz,Legacy:0/Buys:5/Sales:81,,Lovers,30.0,70.0,,AVAILABLE
Deanwonglikesballz,Legacy:0/Buys:5/Sales:81,,Lovers,50.0,120.0,,AVAILABLE
Deanwonglikesballz,Legacy:0/Buys:5/Sales:81,,L’Immensité,2.0,9.0,,AVAILABLE
Deanwonglikesballz,Legacy:0/Buys:5/Sales:81,,L’Immensité,3.0,12.0,,AVAILABLE
Deanwonglikesballz,Legacy:0/Buys:5/Sales:81,,L’Immensité,5.0,17.0,,AVAILABLE
Deanwonglikesballz,Legacy:0/Buys:5/Sales:81,,L’Immensité,10.0,27.0,,AVAILABLE
Deanwonglikesballz,Legacy:0/Buys:5/Sales:81,,L’Immensité,30.0,71.0,,AVAILABLE
Deanwonglikesballz,Legacy:0/Buys:5/Sales:81,,L’Immensité,50.0,120.0,,AVAILABLE
Deanwonglikesballz,Legacy:0/Buys:5/Sales:81,Frederic Malle,Matière Noire,2.0,7.0,,AVAILABLE
Deanwonglikesballz,Legacy:0/Buys:5/Sales:81,Frederic Malle,Matière Noire,3.0,9.0,,AVAILABLE
Deanwonglikesballz,Legacy:0/Buys:5/Sales:81,Frederic Malle,Matière Noire,5.0,12.0,,AVAILABLE
Deanwonglikesballz,Legacy:0/Buys:5/Sales:81,Frederic Malle,Matière Noire,10.0,20.0,,AVAILABLE
Deanwonglikesballz,Legacy:0/Buys:5/Sales:81,Frederic Malle,Matière Noire,30.0,60.0,,AVAILABLE
Deanwonglikesballz,Legacy:0/Buys:5/Sales:81,Frederic Malle,Matière Noire,50.0,95.0,,AVAILABLE
Deanwonglikesballz,Legacy:0/Buys:5/Sales:81,,Mille Feux,2.0,5.0,,AVAILABLE
Deanwonglikesballz,Legacy:0/Buys:5/Sales:81,,Mille Feux,3.0,7.0,,AVAILABLE
Deanwonglikesballz,Legacy:0/Buys:5/Sales:81,,Mille Feux,5.0,10.0,,AVAILABLE
Deanwonglikesballz,Legacy:0/Buys:5/Sales:81,,Mille Feux,10.0,18.0,,AVAILABLE
Deanwonglikesballz,Legacy:0/Buys:5/Sales:81,,Mille Feux,30.0,60.0,,AVAILABLE
Deanwonglikesballz,Legacy:0/Buys:5/Sales:81,,Mille Feux,50.0,85.0,,AVAILABLE
Deanwonglikesballz,Legacy:0/Buys:5/Sales:81,,Myriad,2.0,12.0,,AVAILABLE
Deanwonglikesballz,Legacy:0/Buys:5/Sales:81,,Myriad,3.0,16.0,,AVAILABLE
Deanwonglikesballz,Legacy:0/Buys:5/Sales:81,,Myriad,5.0,25.0,,AVAILABLE
Deanwonglikesballz,Legacy:0/Buys:5/Sales:81,,Myriad,10.0,45.0,,AVAILABLE
Deanwonglikesballz,Legacy:0/Buys:5/Sales:81,,Myriad,30.0,115.0,,AVAILABLE
Deanwonglikesballz,Legacy:0/Buys:5/Sales:81,,Myriad,50.0,185.0,,AVAILABLE
Deanwonglikesballz,Legacy:0/Buys:5/Sales:81,,Nouveau Nomade,2.0,7.0,,AVAILABLE
Deanwonglikesballz,Legacy:0/Buys:5/Sales:81,,Nouveau Nomade,3.0,9.0,,AVAILABLE
Deanwonglikesballz,Legacy:0/Buys:5/Sales:81,,Nouveau Nomade,5.0,12.0,,AVAILABLE
Deanwonglikesballz,Legacy:0/Buys:5/Sales:81,,Nouveau Nomade,10.0,20.0,,AVAILABLE
Deanwonglikesballz,Legacy:0/Buys:5/Sales:81,,Nouveau Nomade,30.0,60.0,,AVAILABLE
Deanwonglikesballz,Legacy:0/Buys:5/Sales:81,,Nouveau Nomade,50.0,85.0,,AVAILABLE
Deanwonglikesballz,Legacy:0/Buys:5/Sales:81,,Nuit de Feu,2.0,9.0,,AVAILABLE
Deanwonglikesballz,Legacy:0/Buys:5/Sales:81,,Nuit de Feu,3.0,12.0,,AVAILABLE
Deanwonglikesballz,Legacy:0/Buys:5/Sales:81,,Nuit de Feu,5.0,17.0,,AVAILABLE
Deanwonglikesballz,Legacy:0/Buys:5/Sales:81,,Nuit de Feu,10.0,30.0,,AVAILABLE
Deanwonglikesballz,Legacy:0/Buys:5/Sales:81,,Nuit de Feu,30.0,70.0,,AVAILABLE
Deanwonglikesballz,Legacy:0/Buys:5/Sales:81,,Nuit de Feu,50.0,120.0,,AVAILABLE
Deanwonglikesballz,Legacy:0/Buys:5/Sales:81,,OG Sun Song,2.0,9.0,,AVAILABLE
Deanwonglikesballz,Legacy:0/Buys:5/Sales:81,,OG Sun Song,3.0,12.0,,AVAILABLE
Deanwonglikesballz,Legacy:0/Buys:5/Sales:81,,OG Sun Song,5.0,19.0,,AVAILABLE
Deanwonglikesballz,Legacy:0/Buys:5/Sales:81,,OG Sun Song,10.0,36.0,,AVAILABLE
Deanwonglikesballz,Legacy:0/Buys:5/Sales:81,,OG Sun Song,30.0,105.0,,AVAILABLE
Deanwonglikesballz,Legacy:0/Buys:5/Sales:81,,OG Sun Song,50.0,175.0,,AVAILABLE
Deanwonglikesballz,Legacy:0/Buys:5/Sales:81,,Ombre Nomade,2.0,9.0,,AVAILABLE
Deanwonglikesballz,Legacy:0/Buys:5/Sales:81,,Ombre Nomade,3.0,12.0,,AVAILABLE
Deanwonglikesballz,Legacy:0/Buys:5/Sales:81,,Ombre Nomade,5.0,17.0,,AVAILABLE
Deanwonglikesballz,Legacy:0/Buys:5/Sales:81,,Ombre Nomade,10.0,27.0,,AVAILABLE
Deanwonglikesballz,Legacy:0/Buys:5/Sales:81,,Ombre Nomade,30.0,71.0,,AVAILABLE
Deanwonglikesballz,Legacy:0/Buys:5/Sales:81,,Ombre Nomade,50.0,120.0,,AVAILABLE
Deanwonglikesballz,Legacy:0/Buys:5/Sales:81,,Ombre Nomade 2019,2.0,12.0,,AVAILABLE
Deanwonglikesballz,Legacy:0/Buys:5/Sales:81,,Ombre Nomade 2019,3.0,16.0,,AVAILABLE
Deanwonglikesballz,Legacy:0/Buys:5/Sales:81,,Ombre Nomade 2019,5.0,20.0,,AVAILABLE
Deanwonglikesballz,Legacy:0/Buys:5/Sales:81,,Ombre Nomade 2019,10.0,32.0,,AVAILABLE
Deanwonglikesballz,Legacy:0/Buys:5/Sales:81,,Ombre Nomade 2019,30.0,95.0,,AVAILABLE
Deanwonglikesballz,Legacy:0/Buys:5/Sales:81,,Ombre Nomade 2019,50.0,155.0,,AVAILABLE
Deanwonglikesballz,Legacy:0/Buys:5/Sales:81,,On The Beach,2.0,6.0,,AVAILABLE
Deanwonglikesballz,Legacy:0/Buys:5/Sales:81,,On The Beach,3.0,8.0,,AVAILABLE
Deanwonglikesballz,Legacy:0/Buys:5/Sales:81,,On The Beach,5.0,12.0,,AVAILABLE
Deanwonglikesballz,Legacy:0/Buys:5/Sales:81,,On The Beach,10.0,27.0,,AVAILABLE
Deanwonglikesballz,Legacy:0/Buys:5/Sales:81,,On The Beach,30.0,71.0,,AVAILABLE
Deanwonglikesballz,Legacy:0/Buys:5/Sales:81,,On The Beach,50.0,105.0,,AVAILABLE
Deanwonglikesballz,Legacy:0/Buys:5/Sales:81,,Orage,2.0,7.0,,AVAILABLE
Deanwonglikesballz,Legacy:0/Buys:5/Sales:81,,Orage,3.0,9.0,,AVAILABLE
Deanwonglikesballz,Legacy:0/Buys:5/Sales:81,,Orage,5.0,12.0,,AVAILABLE
Deanwonglikesballz,Legacy:0/Buys:5/Sales:81,,Orage,10.0,20.0,,AVAILABLE
Deanwonglikesballz,Legacy:0/Buys:5/Sales:81,,Orage,30.0,60.0,,AVAILABLE
Deanwonglikesballz,Legacy:0/Buys:5/Sales:81,,Orage,50.0,95.0,,AVAILABLE
Deanwonglikesballz,Legacy:0/Buys:5/Sales:81,,Pacific Chill,2.0,9.0,,AVAILABLE
Deanwonglikesballz,Legacy:0/Buys:5/Sales:81,,Pacific Chill,3.0,12.0,,AVAILABLE
Deanwonglikesballz,Legacy:0/Buys:5/Sales:81,,Pacific Chill,5.0,17.0,,AVAILABLE
Deanwonglikesballz,Legacy:0/Buys:5/Sales:81,,Pacific Chill,10.0,27.0,,AVAILABLE
Deanwonglikesballz,Legacy:0/Buys:5/Sales:81,,Pacific Chill,30.0,71.0,,AVAILABLE
Deanwonglikesballz,Legacy:0/Buys:5/Sales:81,,Pacific Chill,50.0,120.0,,AVAILABLE
Deanwonglikesballz,Legacy:0/Buys:5/Sales:81,,Spell On You,2.0,7.0,,AVAILABLE
Deanwonglikesballz,Legacy:0/Buys:5/Sales:81,,Spell On You,3.0,9.0,,AVAILABLE
Deanwonglikesballz,Legacy:0/Buys:5/Sales:81,,Spell On You,5.0,12.0,,AVAILABLE
Deanwonglikesballz,Legacy:0/Buys:5/Sales:81,,Spell On You,10.0,20.0,,AVAILABLE
Deanwonglikesballz,Legacy:0/Buys:5/Sales:81,,Spell On You,30.0,60.0,,AVAILABLE
Deanwonglikesballz,Legacy:0/Buys:5/Sales:81,,Spell On You,50.0,95.0,,AVAILABLE
Deanwonglikesballz,Legacy:0/Buys:5/Sales:81,,Stellar Times,2.0,12.0,,AVAILABLE
Deanwonglikesballz,Legacy:0/Buys:5/Sales:81,,Stellar Times,3.0,16.0,,AVAILABLE
Deanwonglikesballz,Legacy:0/Buys:5/Sales:81,,Stellar Times,5.0,25.0,,AVAILABLE
Deanwonglikesballz,Legacy:0/Buys:5/Sales:81,,Stellar Times,10.0,45.0,,AVAILABLE
Deanwonglikesballz,Legacy:0/Buys:5/Sales:81,,Stellar Times,30.0,125.0,,AVAILABLE
Deanwonglikesballz,Legacy:0/Buys:5/Sales:81,,Stellar Times,50.0,180.0,,AVAILABLE
Deanwonglikesballz,Legacy:0/Buys:5/Sales:81,,Sur La Route,2.0,7.0,,AVAILABLE
Deanwonglikesballz,Legacy:0/Buys:5/Sales:81,,Sur La Route,3.0,9.0,,AVAILABLE
Deanwonglikesballz,Legacy:0/Buys:5/Sales:81,,Sur La Route,5.0,12.0,,AVAILABLE
Deanwonglikesballz,Legacy:0/Buys:5/Sales:81,,Sur La Route,10.0,20.0,,AVAILABLE
Deanwonglikesballz,Legacy:0/Buys:5/Sales:81,,Sur La Route,30.0,60.0,,AVAILABLE
Deanwonglikesballz,Legacy:0/Buys:5/Sales:81,,Sur La Route,50.0,80.0,,AVAILABLE
Deanwonglikesballz,Legacy:0/Buys:5/Sales:81,,Symphony,2.0,12.0,,AVAILABLE
Deanwonglikesballz,Legacy:0/Buys:5/Sales:81,,Symphony,3.0,16.0,,AVAILABLE
Deanwonglikesballz,Legacy:0/Buys:5/Sales:81,,Symphony,5.0,25.0,,AVAILABLE
Deanwonglikesballz,Legacy:0/Buys:5/Sales:81,,Symphony,10.0,45.0,,AVAILABLE
Deanwonglikesballz,Legacy:0/Buys:5/Sales:81,,Symphony,30.0,130.0,,AVAILABLE
Deanwonglikesballz,Legacy:0/Buys:5/Sales:81,,Symphony,50.0,195.0,,AVAILABLE
Deanwonglikesballz,Legacy:0/Buys:5/Sales:81,,Turbulences,2.0,5.0,,AVAILABLE
Deanwonglikesballz,Legacy:0/Buys:5/Sales:81,,Turbulences,3.0,7.0,,AVAILABLE
Deanwonglikesballz,Legacy:0/Buys:5/Sales:81,,Turbulences,5.0,10.0,,AVAILABLE
Deanwonglikesballz,Legacy:0/Buys:5/Sales:81,,Turbulences,10.0,18.0,,AVAILABLE
Deanwonglikesballz,Legacy:0/Buys:5/Sales:81,,Turbulences,30.0,60.0,,AVAILABLE
Deanwonglikesballz,Legacy:0/Buys:5/Sales:81,,Turbulences,50.0,85.0,,AVAILABLE
Deanwonglikesballz,Legacy:0/Buys:5/Sales:81,,Étoile Filante,2.0,9.0,,AVAILABLE
Deanwonglikesballz,Legacy:0/Buys:5/Sales:81,,Étoile Filante,3.0,12.0,,AVAILABLE
Deanwonglikesballz,Legacy:0/Buys:5/Sales:81,,Étoile Filante,5.0,17.0,,AVAILABLE
Deanwonglikesballz,Legacy:0/Buys:5/Sales:81,,Étoile Filante,10.0,21.0,,AVAILABLE
Deanwonglikesballz,Legacy:0/Buys:5/Sales:81,,Étoile Filante,30.0,70.0,,AVAILABLE
Deanwonglikesballz,Legacy:0/Buys:5/Sales:81,,Étoile Filante,50.0,110.0,,AVAILABLE
LosDugs,nan,,L'Attesa,35.0,60.0,43.0,SOLD
LosDugs,nan,,Concrete rain,100.0,30.0,55.0,AVAILABLE
dize_raw,Legacy:0/Buys:54/Sales:73,,Dragon,,495.0,,SOLD
dize_raw,Legacy:0/Buys:54/Sales:73,,Moonlight,,165.0,,AVAILABLE
dize_raw,Legacy:0/Buys:54/Sales:73,Yves Saint Laurent,Tuxedo,,,,LISTED
bad916,Legacy:50/Buys:8/Sales:72,Maison Francis Kurkdjian,Herbes Troublantes,200.0,430.0,99.0,LISTED
bad916,Legacy:50/Buys:8/Sales:72,Guerlain,Tobacco Honey,200.0,440.0,,LISTED
bad916,Legacy:50/Buys:8/Sales:72,Guerlain,Spiritueuse Double Vanille,200.0,440.0,,LISTED
Javy8229,Legacy:49/Buys:0/Sales:4,,,100.0,100.0,,AVAILABLE
Micheal530,Legacy:0/Buys:6/Sales:3,Al Haramain Perfumes,Amber Oud Aqua Dubai,,,99.9,SOLD
wjmcd4,Legacy:0/Buys:1/Sales:6,,2017 DARK JUICE PDLN1,100.0,1000.0,,LISTED
Sad_Collection_6246,Legacy:0/Buys:0/Sales:31,Louis Vuitton,LV samples,2.0,,,LISTED
Sad_Collection_6246,Legacy:0/Buys:0/Sales:31,Louis Vuitton,L’Immensite,,,,LISTED
Sad_Collection_6246,Legacy:0/Buys:0/Sales:31,Louis Vuitton,L’Immensite (decant),5.0,20.0,,SOLD
Sad_Collection_6246,Legacy:0/Buys:0/Sales:31,Xerjoff,Naxos,100.0,125.0,100.0,SOLD
Sad_Collection_6246,Legacy:0/Buys:0/Sales:31,,Ingenious Ginger,50.0,90.0,100.0,SOLD
Sad_Collection_6246,Legacy:0/Buys:0/Sales:31,,Jo Milano Game of spades King,100.0,45.0,,LISTED
Sad_Collection_6246,Legacy:0/Buys:0/Sales:31,,Rayhaan Tiger cal cologne edition,100.0,20.0,100.0,SOLD
RichoffSpell,nan,Giorgio Armani,Acqua di Gio Parfum,201.0,150.0,,LISTED
RichoffSpell,nan,Giorgio Armani,Acqua di Gio Profondo,201.0,,,
Capable_Tie_8443,Legacy:0/Buys:2/Sales:19,Amouage,Opus V,100.0,105.0,90.0,SOLD
Capable_Tie_8443,Legacy:0/Buys:2/Sales:19,,Royal Cambodian Oud Tola,,100.0,,SOLD
Capable_Tie_8443,Legacy:0/Buys:2/Sales:19,Louis Vuitton,Ombré Nomade (Empty Retail Bottle),100.0,60.0,0.0,SOLD
Capable_Tie_8443,Legacy:0/Buys:2/Sales:19,Dior,Fahrenheit 32,2.0,7.0,,AVAILABLE
Capable_Tie_8443,Legacy:0/Buys:2/Sales:19,Dior,Fahrenheit 32,10.0,30.0,,AVAILABLE
Capable_Tie_8443,Legacy:0/Buys:2/Sales:19,Dior,Fahrenheit 32,2.0,8.0,,AVAILABLE
Capable_Tie_8443,Legacy:0/Buys:2/Sales:19,Dior,Fahrenheit 32,10.0,32.0,,AVAILABLE
Capable_Tie_8443,Legacy:0/Buys:2/Sales:19,,Cherry Punk,2.0,6.0,,AVAILABLE
Capable_Tie_8443,Legacy:0/Buys:2/Sales:19,,Cherry Punk,10.0,26.0,,AVAILABLE
ComprehensiveTower71,Legacy:178/Buys:1/Sales:416,Penhaligon's,Bewitching Yasmine,75.0,225.0,,AVAILABLE
ComprehensiveTower71,Legacy:178/Buys:1/Sales:416,Penhaligon's,Halfeti Leather,100.0,200.0,,AVAILABLE
ComprehensiveTower71,Legacy:178/Buys:1/Sales:416,Penhaligon's,Luna EDT,100.0,170.0,,AVAILABLE
ComprehensiveTower71,Legacy:178/Buys:1/Sales:416,,21:50 Reverie,50.0,150.0,,AVAILABLE
ComprehensiveTower71,Legacy:178/Buys:1/Sales:416,,San Ysidro Drive,100.0,250.0,,AVAILABLE
ComprehensiveTower71,Legacy:178/Buys:1/Sales:416,Gucci,"The Alchemist's Garden, Fiori di Neroli",100.0,300.0,,AVAILABLE
ComprehensiveTower71,Legacy:178/Buys:1/Sales:416,Gucci,The Alchemist's Garden A Reason To Love,100.0,150.0,,AVAILABLE
ComprehensiveTower71,Legacy:178/Buys:1/Sales:416,Armani,Santal Dan Sha,100.0,145.0,,AVAILABLE
ComprehensiveTower71,Legacy:178/Buys:1/Sales:416,Armani,Pivoine Suzhou,100.0,145.0,,AVAILABLE
ComprehensiveTower71,Legacy:178/Buys:1/Sales:416,Armani,Rouge Malachite,100.0,225.0,,AVAILABLE
ComprehensiveTower71,Legacy:178/Buys:1/Sales:416,Armani,Blanc Kogane,100.0,225.0,,AVAILABLE
ComprehensiveTower71,Legacy:178/Buys:1/Sales:416,Byredo,Cuir Obscur,100.0,175.0,,AVAILABLE
ComprehensiveTower71,Legacy:178/Buys:1/Sales:416,,Marfa Fleurs Bohemes,75.0,120.0,,AVAILABLE
ComprehensiveTower71,Legacy:178/Buys:1/Sales:416,Gucci,The Alchemist's Garden A Chant for the Nymph,100.0,200.0,90.0,AVAILABLE
ComprehensiveTower71,Legacy:178/Buys:1/Sales:416,Gucci,The Alchemist's Garden The Eyes of the Tiger,100.0,200.0,90.0,AVAILABLE
ComprehensiveTower71,Legacy:178/Buys:1/Sales:416,Gucci,The Alchemist's Garden A Song For The Rose,100.0,175.0,95.0,AVAILABLE
ComprehensiveTower71,Legacy:178/Buys:1/Sales:416,Byredo,Mister Marvelous,50.0,89.0,,AVAILABLE
ComprehensiveTower71,Legacy:178/Buys:1/Sales:416,Maison Francis Kurkdjian,Baccarat Rouge 540 Extrait,200.0,600.0,,AVAILABLE
ComprehensiveTower71,Legacy:178/Buys:1/Sales:416,Maison Francis Kurkdjian,Baccarat Rouge 540 EDP,200.0,420.0,,AVAILABLE
ComprehensiveTower71,Legacy:178/Buys:1/Sales:416,Maison Francis Kurkdjian,A La Rose EDP,200.0,325.0,,AVAILABLE
ComprehensiveTower71,Legacy:178/Buys:1/Sales:416,Maison Francis Kurkdjian,Aqua Universalis,200.0,300.0,,AVAILABLE
ComprehensiveTower71,Legacy:178/Buys:1/Sales:416,Maison Francis Kurkdjian,Aqua Vitae Cologne Forte EDP,200.0,300.0,,AVAILABLE
ComprehensiveTower71,Legacy:178/Buys:1/Sales:416,Maison Francis Kurkdjian,Baccarat Rouge 540 Extrait,70.0,320.0,,AVAILABLE
ComprehensiveTower71,Legacy:178/Buys:1/Sales:416,Maison Francis Kurkdjian,Amyris Homme Extrait,70.0,250.0,,AVAILABLE
ComprehensiveTower71,Legacy:178/Buys:1/Sales:416,Maison Francis Kurkdjian,Baccarat Rouge 540 EDP,70.0,240.0,,AVAILABLE
ComprehensiveTower71,Legacy:178/Buys:1/Sales:416,Maison Francis Kurkdjian,Baccarat Rouge 540 EDP (No Cap),70.0,220.0,,AVAILABLE
ComprehensiveTower71,Legacy:178/Buys:1/Sales:416,Maison Francis Kurkdjian,Oud Silk Mood,70.0,210.0,,AVAILABLE
ComprehensiveTower71,Legacy:178/Buys:1/Sales:416,Maison Francis Kurkdjian,Kurky,70.0,185.0,,AVAILABLE
ComprehensiveTower71,Legacy:178/Buys:1/Sales:416,Maison Francis Kurkdjian,Gentle Fluidity Gold,70.0,185.0,,AVAILABLE
ComprehensiveTower71,Legacy:178/Buys:1/Sales:416,Maison Francis Kurkdjian,Grand Soir,70.0,185.0,,AVAILABLE
ComprehensiveTower71,Legacy:178/Buys:1/Sales:416,Maison Francis Kurkdjian,724,70.0,175.0,,AVAILABLE
ComprehensiveTower71,Legacy:178/Buys:1/Sales:416,Maison Francis Kurkdjian,APOM,70.0,165.0,,AVAILABLE
ComprehensiveTower71,Legacy:178/Buys:1/Sales:416,Maison Francis Kurkdjian,L'Eau À La Rose EDT,70.0,165.0,,AVAILABLE
ComprehensiveTower71,Legacy:178/Buys:1/Sales:416,Maison Francis Kurkdjian,Aqua Media Cologne Forte,70.0,160.0,,AVAILABLE
ComprehensiveTower71,Legacy:178/Buys:1/Sales:416,Maison Francis Kurkdjian,Amyris Femme,70.0,155.0,,AVAILABLE
ComprehensiveTower71,Legacy:178/Buys:1/Sales:416,Maison Francis Kurkdjian,Aqua Vitae Forte EDP,70.0,155.0,,AVAILABLE
ComprehensiveTower71,Legacy:178/Buys:1/Sales:416,Maison Francis Kurkdjian,Aqua Celestia Cologne Forte,70.0,155.0,,AVAILABLE
ComprehensiveTower71,Legacy:178/Buys:1/Sales:416,Maison Francis Kurkdjian,A La Rose,70.0,155.0,,AVAILABLE
ComprehensiveTower71,Legacy:178/Buys:1/Sales:416,Maison Francis Kurkdjian,Aqua Vitae Cologne Forte EDP,70.0,145.0,,AVAILABLE
ComprehensiveTower71,Legacy:178/Buys:1/Sales:416,Maison Francis Kurkdjian,Aqua Celestia Forte EDP,70.0,145.0,,AVAILABLE
ComprehensiveTower71,Legacy:178/Buys:1/Sales:416,Maison Francis Kurkdjian,Baccarat Rouge 540 Hair Mist,70.0,75.0,,AVAILABLE
ComprehensiveTower71,Legacy:178/Buys:1/Sales:416,Maison Francis Kurkdjian,Baccarat Rouge 540 Body Oil,70.0,65.0,,AVAILABLE
ComprehensiveTower71,Legacy:178/Buys:1/Sales:416,Maison Francis Kurkdjian,APOM,35.0,115.0,,AVAILABLE
ComprehensiveTower71,Legacy:178/Buys:1/Sales:416,Maison Francis Kurkdjian,A La Rose,35.0,99.0,,AVAILABLE
ComprehensiveTower71,Legacy:178/Buys:1/Sales:416,Maison Francis Kurkdjian,Baccarat Rouge 540 Extrait,200.0,550.0,,AVAILABLE
ComprehensiveTower71,Legacy:178/Buys:1/Sales:416,Maison Francis Kurkdjian,Baccarat Rouge 540 Extrait,200.0,500.0,,AVAILABLE
ComprehensiveTower71,Legacy:178/Buys:1/Sales:416,Maison Francis Kurkdjian,Oud Satin Mood,200.0,385.0,,AVAILABLE
ComprehensiveTower71,Legacy:178/Buys:1/Sales:416,Maison Francis Kurkdjian,Oud Satin Mood Extrait,70.0,245.0,,AVAILABLE
ComprehensiveTower71,Legacy:178/Buys:1/Sales:416,Maison Francis Kurkdjian,Oud Extrait,70.0,220.0,,AVAILABLE
ComprehensiveTower71,Legacy:178/Buys:1/Sales:416,Maison Francis Kurkdjian,Baccarat Rouge 540 EDP,70.0,200.0,,AVAILABLE
ComprehensiveTower71,Legacy:178/Buys:1/Sales:416,Maison Francis Kurkdjian,Kurky,70.0,160.0,,AVAILABLE
ComprehensiveTower71,Legacy:178/Buys:1/Sales:416,Maison Francis Kurkdjian,Gentle Fluidity Gold,70.0,150.0,,AVAILABLE
ComprehensiveTower71,Legacy:178/Buys:1/Sales:416,Maison Francis Kurkdjian,L'eau A La Rose,70.0,145.0,,AVAILABLE
ComprehensiveTower71,Legacy:178/Buys:1/Sales:416,Maison Francis Kurkdjian,Petit Matin,70.0,140.0,,AVAILABLE
ComprehensiveTower71,Legacy:178/Buys:1/Sales:416,Maison Francis Kurkdjian,724,70.0,140.0,,AVAILABLE
ComprehensiveTower71,Legacy:178/Buys:1/Sales:416,Maison Francis Kurkdjian,A La Rose,70.0,125.0,,AVAILABLE
ComprehensiveTower71,Legacy:178/Buys:1/Sales:416,Maison Francis Kurkdjian,Gentle Fluidity Gold,35.0,120.0,,AVAILABLE
ComprehensiveTower71,Legacy:178/Buys:1/Sales:416,,Fétiche Le Cuir,80.0,200.0,,AVAILABLE
ComprehensiveTower71,Legacy:178/Buys:1/Sales:416,,Fétiche La Rose,80.0,185.0,,AVAILABLE
ComprehensiveTower71,Legacy:178/Buys:1/Sales:416,,Loubiluna,90.0,185.0,,AVAILABLE
ComprehensiveTower71,Legacy:178/Buys:1/Sales:416,,Loubiprince,90.0,185.0,,AVAILABLE
ComprehensiveTower71,Legacy:178/Buys:1/Sales:416,,Loubidoo Rose Encens,90.0,185.0,,AVAILABLE
ComprehensiveTower71,Legacy:178/Buys:1/Sales:416,,Loubidoo,90.0,175.0,,AVAILABLE
ComprehensiveTower71,Legacy:178/Buys:1/Sales:416,,Loubirouge,90.0,175.0,,AVAILABLE
ComprehensiveTower71,Legacy:178/Buys:1/Sales:416,,Loubimar,90.0,175.0,,AVAILABLE
ComprehensiveTower71,Legacy:178/Buys:1/Sales:416,,Loubicrown,90.0,175.0,,AVAILABLE
ComprehensiveTower71,Legacy:178/Buys:1/Sales:416,,Loubifunk,90.0,175.0,,AVAILABLE
ComprehensiveTower71,Legacy:178/Buys:1/Sales:416,,Loubicharme,90.0,175.0,,AVAILABLE
ComprehensiveTower71,Legacy:178/Buys:1/Sales:416,,Loubicrown,50.0,110.0,,AVAILABLE
ComprehensiveTower71,Legacy:178/Buys:1/Sales:416,,Loubiprince,50.0,110.0,,AVAILABLE
ComprehensiveTower71,Legacy:178/Buys:1/Sales:416,,Loubidoo Rose Limited Edition,,99.0,,AVAILABLE
ComprehensiveTower71,Legacy:178/Buys:1/Sales:416,Bvlgari,Tygar,100.0,335.0,,AVAILABLE
ComprehensiveTower71,Legacy:178/Buys:1/Sales:416,Bvlgari,Yasep,100.0,300.0,,AVAILABLE
ComprehensiveTower71,Legacy:178/Buys:1/Sales:416,Bvlgari,Tygar (No Cap + Scuffs),100.0,300.0,,AVAILABLE
ComprehensiveTower71,Legacy:178/Buys:1/Sales:416,Bvlgari,Orom (No Cap),100.0,290.0,,AVAILABLE
ComprehensiveTower71,Legacy:178/Buys:1/Sales:416,Creed,Aventus F1422,30.0,165.0,,AVAILABLE
ComprehensiveTower71,Legacy:178/Buys:1/Sales:416,Creed,Carmina,30.0,165.0,,AVAILABLE
ComprehensiveTower71,Legacy:178/Buys:1/Sales:416,,Spring Flower (2023),,160.0,,LISTED
ComprehensiveTower71,Legacy:178/Buys:1/Sales:416,,Spring Flower (2023) (No Cap),,150.0,,LISTED
ComprehensiveTower71,Legacy:178/Buys:1/Sales:416,Creed,Aventus For Her,,150.0,,LISTED
ComprehensiveTower71,Legacy:178/Buys:1/Sales:416,Creed,Aventus For Her (No Cap),,140.0,,LISTED
ComprehensiveTower71,Legacy:178/Buys:1/Sales:416,Creed,Love In White,,135.0,,LISTED
ComprehensiveTower71,Legacy:178/Buys:1/Sales:416,,Acqua Fiorentina,,125.0,,LISTED
ComprehensiveTower71,Legacy:178/Buys:1/Sales:416,,Acqua Fiorentina (No Cap),,110.0,,LISTED
ComprehensiveTower71,Legacy:178/Buys:1/Sales:416,Creed,Aventus F239/1752,50.0,170.0,,LISTED
ComprehensiveTower71,Legacy:178/Buys:1/Sales:416,Creed,Aventus Cologne F,50.0,165.0,,LISTED
ComprehensiveTower71,Legacy:178/Buys:1/Sales:416,,Delphinus F2848,,165.0,,AVAILABLE
ComprehensiveTower71,Legacy:178/Buys:1/Sales:416,Creed,Virgin Island Water,,155.0,,AVAILABLE
ComprehensiveTower71,Legacy:178/Buys:1/Sales:416,,Viking Cologne S9821P01/S9821P01,,145.0,,AVAILABLE
ComprehensiveTower71,Legacy:178/Buys:1/Sales:416,Creed,Silver Mountain Water F160/F222,,145.0,,AVAILABLE
ComprehensiveTower71,Legacy:178/Buys:1/Sales:416,Creed,Silver Mountain Water M3520K01,,165.0,,AVAILABLE
ComprehensiveTower71,Legacy:178/Buys:1/Sales:416,Creed,Green Irish Tweed F2042,,145.0,,AVAILABLE
ComprehensiveTower71,Legacy:178/Buys:1/Sales:416,,Spice and Wood,75.0,290.0,,AVAILABLE
ComprehensiveTower71,Legacy:178/Buys:1/Sales:416,,Queen of Silk F2199/F2302,75.0,240.0,,AVAILABLE
ComprehensiveTower71,Legacy:178/Buys:1/Sales:416,,Carmina,75.0,225.0,,AVAILABLE
ComprehensiveTower71,Legacy:178/Buys:1/Sales:416,Creed,Aventus For Her,,190.0,,AVAILABLE
ComprehensiveTower71,Legacy:178/Buys:1/Sales:416,Creed,Spring Flower,,190.0,,AVAILABLE
ComprehensiveTower71,Legacy:178/Buys:1/Sales:416,Creed,Acqua Fiorentina,,185.0,,AVAILABLE
ComprehensiveTower71,Legacy:178/Buys:1/Sales:416,Creed,Wind Flower,75.0,180.0,,AVAILABLE
ComprehensiveTower71,Legacy:178/Buys:1/Sales:416,Creed,Love In White,,180.0,,AVAILABLE
ComprehensiveTower71,Legacy:178/Buys:1/Sales:416,Creed,Aventus For Her,,175.0,,AVAILABLE
ComprehensiveTower71,Legacy:178/Buys:1/Sales:416,Creed,Acqua Fiorentina,,170.0,,AVAILABLE
ComprehensiveTower71,Legacy:178/Buys:1/Sales:416,Creed,Spring Flower,,170.0,,AVAILABLE
ComprehensiveTower71,Legacy:178/Buys:1/Sales:416,Creed,Love In White For Summer,,145.0,,AVAILABLE
ComprehensiveTower71,Legacy:178/Buys:1/Sales:416,Creed,Love in Black,,155.0,,AVAILABLE
ComprehensiveTower71,Legacy:178/Buys:1/Sales:416,Creed,Silver Mountain Water Oil,,145.0,,AVAILABLE
ComprehensiveTower71,Legacy:178/Buys:1/Sales:416,Creed,Love in White Oil,,145.0,,AVAILABLE
ComprehensiveTower71,Legacy:178/Buys:1/Sales:416,Creed,Original Vétiver Oil,,145.0,,AVAILABLE
ComprehensiveTower71,Legacy:178/Buys:1/Sales:416,Creed,Aventus for Her Oil,,145.0,,AVAILABLE
ComprehensiveTower71,Legacy:178/Buys:1/Sales:416,Creed,Aventus for Her Oil,,130.0,,AVAILABLE
ComprehensiveTower71,Legacy:178/Buys:1/Sales:416,Creed,Aventus F1607/F1770,100.0,245.0,,AVAILABLE
ComprehensiveTower71,Legacy:178/Buys:1/Sales:416,Creed,Aventus Cologne F1398/F551,100.0,245.0,,AVAILABLE
ComprehensiveTower71,Legacy:178/Buys:1/Sales:416,Creed,Virgin Island Water,100.0,235.0,,AVAILABLE
ComprehensiveTower71,Legacy:178/Buys:1/Sales:416,,Delphinus F2841,100.0,225.0,,AVAILABLE
ComprehensiveTower71,Legacy:178/Buys:1/Sales:416,Creed,Tabarome Millesime FBatch,,200.0,,AVAILABLE
ComprehensiveTower71,Legacy:178/Buys:1/Sales:416,Creed,Millesime Imperial F3175,,200.0,,AVAILABLE
ComprehensiveTower71,Legacy:178/Buys:1/Sales:416,,Original Vetiver FBatch,,200.0,,AVAILABLE
ComprehensiveTower71,Legacy:178/Buys:1/Sales:416,Creed,Green Irish Tweed F2088/F694,,200.0,,AVAILABLE
ComprehensiveTower71,Legacy:178/Buys:1/Sales:416,Creed,Himalaya F2206,,200.0,,AVAILABLE
ComprehensiveTower71,Legacy:178/Buys:1/Sales:416,Creed,Viking F495,,200.0,,AVAILABLE
ComprehensiveTower71,Legacy:178/Buys:1/Sales:416,Creed,Viking Cologne,,180.0,,AVAILABLE
ComprehensiveTower71,Legacy:178/Buys:1/Sales:416,Creed,Viking F495 (Cosmetic Damage),,180.0,,AVAILABLE
ComprehensiveTower71,Legacy:178/Buys:1/Sales:416,Creed,Aventus L4221W11A (Cosmetic Damage),100.0,300.0,,AVAILABLE
ComprehensiveTower71,Legacy:178/Buys:1/Sales:416,Creed,Himalaya F1701 (No Cap),100.0,150.0,,AVAILABLE
ComprehensiveTower71,Legacy:178/Buys:1/Sales:416,Creed,Delphinus,100.0,200.0,,AVAILABLE
ComprehensiveTower71,Legacy:178/Buys:1/Sales:416,Creed,Aventus Cologne,100.0,200.0,,AVAILABLE
ComprehensiveTower71,Legacy:178/Buys:1/Sales:416,Creed,Aventus,100.0,200.0,,AVAILABLE
ComprehensiveTower71,Legacy:178/Buys:1/Sales:416,Creed,Aventus,100.0,200.0,,AVAILABLE
ComprehensiveTower71,Legacy:178/Buys:1/Sales:416,Creed,Royal Water,50.0,140.0,,AVAILABLE
ComprehensiveTower71,Legacy:178/Buys:1/Sales:416,Creed,Aventus For Her,75.0,175.0,,AVAILABLE
ComprehensiveTower71,Legacy:178/Buys:1/Sales:416,Creed,Viking Cologne,100.0,185.0,,AVAILABLE
ComprehensiveTower71,Legacy:178/Buys:1/Sales:416,Creed,Millesime Imperial,55.0,155.0,,AVAILABLE
ComprehensiveTower71,Legacy:178/Buys:1/Sales:416,Creed,Millesime Imperial,100.0,155.0,,AVAILABLE
ComprehensiveTower71,Legacy:178/Buys:1/Sales:416,Creed,Fleurissimo,75.0,160.0,,AVAILABLE
ComprehensiveTower71,Legacy:178/Buys:1/Sales:416,Creed,Original Santal,50.0,155.0,,AVAILABLE
ComprehensiveTower71,Legacy:178/Buys:1/Sales:416,Creed,Green Irish Tweed,50.0,145.0,,AVAILABLE
ComprehensiveTower71,Legacy:178/Buys:1/Sales:416,Creed,Aventus 21,50.0,155.0,,AVAILABLE
ComprehensiveTower71,Legacy:178/Buys:1/Sales:416,Creed,Aventus,50.0,150.0,,AVAILABLE
ComprehensiveTower71,Legacy:178/Buys:1/Sales:416,Creed,Aventus Cologne,50.0,150.0,,AVAILABLE
ComprehensiveTower71,Legacy:178/Buys:1/Sales:416,Parfums de Marly,Carmina,,199.0,,AVAILABLE
ComprehensiveTower71,Legacy:178/Buys:1/Sales:416,Creed,Aventus for Her,30.0,120.0,,AVAILABLE
ComprehensiveTower71,Legacy:178/Buys:1/Sales:416,Parfums de Marly,Carmina,30.0,100.0,,AVAILABLE
ComprehensiveTower71,Legacy:178/Buys:1/Sales:416,Le Labo,Neroli 36,50.0,140.0,,AVAILABLE
ComprehensiveTower71,Legacy:178/Buys:1/Sales:416,Byredo,Another 13,,290.0,,AVAILABLE
ComprehensiveTower71,Legacy:178/Buys:1/Sales:416,Le Labo,Rose 31,,225.0,,AVAILABLE
ComprehensiveTower71,Legacy:178/Buys:1/Sales:416,Frederic Malle,Vibrant and Warm Travel Set,,150.0,,AVAILABLE
ComprehensiveTower71,Legacy:178/Buys:1/Sales:416,Frederic Malle,Portrait of a Lady Hair Mist,100.0,150.0,,AVAILABLE
ComprehensiveTower71,Legacy:178/Buys:1/Sales:416,Frederic Malle,Portrait of a Lady,100.0,250.0,,AVAILABLE
ComprehensiveTower71,Legacy:178/Buys:1/Sales:416,Frederic Malle,Portrait of a Lady,100.0,220.0,90.0,AVAILABLE
ComprehensiveTower71,Legacy:178/Buys:1/Sales:416,Frederic Malle,Carnal Flower,100.0,225.0,,AVAILABLE
ComprehensiveTower71,Legacy:178/Buys:1/Sales:416,Frederic Malle,Cologne Indelebile,100.0,225.0,,AVAILABLE
ComprehensiveTower71,Legacy:178/Buys:1/Sales:416,Diptyque,L'eau D'Hiver,100.0,225.0,,AVAILABLE
ComprehensiveTower71,Legacy:178/Buys:1/Sales:416,,Rose Tonnerre,100.0,185.0,,AVAILABLE
ComprehensiveTower71,Legacy:178/Buys:1/Sales:416,Frederic Malle,Lipstick Rose,100.0,185.0,,AVAILABLE
ComprehensiveTower71,Legacy:178/Buys:1/Sales:416,Frederic Malle,Portrait of a Lady,50.0,185.0,,AVAILABLE
ComprehensiveTower71,Legacy:178/Buys:1/Sales:416,Frederic Malle,Carnal Flower,50.0,165.0,,AVAILABLE
ComprehensiveTower71,Legacy:178/Buys:1/Sales:416,,Bigarade Concentree,48.0,150.0,,AVAILABLE
ComprehensiveTower71,Legacy:178/Buys:1/Sales:416,By Kilian,Good Girl Gone Bad Icon Set,50.0,200.0,,AVAILABLE
ComprehensiveTower71,Legacy:178/Buys:1/Sales:416,By Kilian,Good Girl Gone Bad w/ Coffret,50.0,180.0,,AVAILABLE
ComprehensiveTower71,Legacy:178/Buys:1/Sales:416,Ariana Grande,Princess Eau Fraiche,,95.0,,AVAILABLE
ComprehensiveTower71,Legacy:178/Buys:1/Sales:416,Carolina Herrera,Good Girl Gone Bad,100.0,250.0,,AVAILABLE
ComprehensiveTower71,Legacy:178/Buys:1/Sales:416,,Kissing,100.0,170.0,,AVAILABLE
ComprehensiveTower71,Legacy:178/Buys:1/Sales:416,Carolina Herrera,Good Girl Gone Bad,100.0,225.0,,AVAILABLE
ComprehensiveTower71,Legacy:178/Buys:1/Sales:416,Carolina Herrera,Good Girl Gone Bad,50.0,150.0,,AVAILABLE
ComprehensiveTower71,Legacy:178/Buys:1/Sales:416,,Rolling in Love,50.0,150.0,,AVAILABLE
ComprehensiveTower71,Legacy:178/Buys:1/Sales:416,,Voulez-vous Coucher Avec Moi,50.0,150.0,,AVAILABLE
ComprehensiveTower71,Legacy:178/Buys:1/Sales:416,,Dark Lord,50.0,145.0,,AVAILABLE
ComprehensiveTower71,Legacy:178/Buys:1/Sales:416,,L'Heure Verte,,145.0,,AVAILABLE
ComprehensiveTower71,Legacy:178/Buys:1/Sales:416,,Good Girl Gone Bad Eau Fraiche,,90.0,,AVAILABLE
ComprehensiveTower71,Legacy:178/Buys:1/Sales:416,,Love Don't Be Shy Special Blend 2023,50.0,225.0,,AVAILABLE
ComprehensiveTower71,Legacy:178/Buys:1/Sales:416,Tom Ford,Soliel Neige,30.0,115.0,,AVAILABLE
ComprehensiveTower71,Legacy:178/Buys:1/Sales:416,Tom Ford,Soleil de Feu,30.0,115.0,97.0,AVAILABLE
ComprehensiveTower71,Legacy:178/Buys:1/Sales:416,Tom Ford,Santal Blush,30.0,125.0,,AVAILABLE
ComprehensiveTower71,Legacy:178/Buys:1/Sales:416,Tom Ford,Cafe Rose,30.0,75.0,,AVAILABLE
ComprehensiveTower71,Legacy:178/Buys:1/Sales:416,Tom Ford,Tubereuse Nue,,150.0,,AVAILABLE
ComprehensiveTower71,Legacy:178/Buys:1/Sales:416,Tom Ford,White Suede,,150.0,,AVAILABLE
ComprehensiveTower71,Legacy:178/Buys:1/Sales:416,Tom Ford,Rose De Chine,,150.0,,AVAILABLE
ComprehensiveTower71,Legacy:178/Buys:1/Sales:416,Tom Ford,Cafe Rose,,110.0,,AVAILABLE
ComprehensiveTower71,Legacy:178/Buys:1/Sales:416,Tom Ford,Black Orchid Parfum,,110.0,,AVAILABLE
ComprehensiveTower71,Legacy:178/Buys:1/Sales:416,Tom Ford,Velvet Orchid,,95.0,,AVAILABLE
ComprehensiveTower71,Legacy:178/Buys:1/Sales:416,Tom Ford,Ombre Leather,100.0,165.0,,AVAILABLE
ComprehensiveTower71,Legacy:178/Buys:1/Sales:416,Tom Ford,Ombre Leather (Body Spray),150.0,165.0,,AVAILABLE
ComprehensiveTower71,Legacy:178/Buys:1/Sales:416,Tom Ford,Velvet Orchid,,135.0,,AVAILABLE
ComprehensiveTower71,Legacy:178/Buys:1/Sales:416,Tom Ford,Velvet Orchid,,130.0,,AVAILABLE
ComprehensiveTower71,Legacy:178/Buys:1/Sales:416,,Vanilla Sx,30.0,175.0,,LISTED
ComprehensiveTower71,Legacy:178/Buys:1/Sales:416,Frederic Malle,Fcking Fabulous,30.0,145.0,,LISTED
ComprehensiveTower71,Legacy:178/Buys:1/Sales:416,,Vanille Fatale,30.0,145.0,,LISTED
ComprehensiveTower71,Legacy:178/Buys:1/Sales:416,,Vanille Fatale,30.0,140.0,,LISTED
ComprehensiveTower71,Legacy:178/Buys:1/Sales:416,,Cherry Smoke,30.0,145.0,,LISTED
ComprehensiveTower71,Legacy:178/Buys:1/Sales:416,,Electric Cherry,30.0,145.0,,LISTED
ComprehensiveTower71,Legacy:178/Buys:1/Sales:416,,Cherry Smoke,30.0,140.0,,LISTED
ComprehensiveTower71,Legacy:178/Buys:1/Sales:416,,Myrrhe Mystere,30.0,125.0,,LISTED
ComprehensiveTower71,Legacy:178/Buys:1/Sales:416,Tom Ford,Oud Wood,30.0,115.0,,LISTED
ComprehensiveTower71,Legacy:178/Buys:1/Sales:416,Tom Ford,Oud Wood,,110.0,,AVAILABLE
ComprehensiveTower71,Legacy:178/Buys:1/Sales:416,,Soleil de Feu,,100.0,,AVAILABLE
ComprehensiveTower71,Legacy:178/Buys:1/Sales:416,,Soleil de Feu,,110.0,,AVAILABLE
ComprehensiveTower71,Legacy:178/Buys:1/Sales:416,,Tubereuse Nue,,110.0,,AVAILABLE
ComprehensiveTower71,Legacy:178/Buys:1/Sales:416,Tom Ford,Bois Marocain,,110.0,,AVAILABLE
ComprehensiveTower71,Legacy:178/Buys:1/Sales:416,Tom Ford,Santal Blush,,110.0,,AVAILABLE
ComprehensiveTower71,Legacy:178/Buys:1/Sales:416,,Soleil Neige,,110.0,,AVAILABLE
ComprehensiveTower71,Legacy:178/Buys:1/Sales:416,Tom Ford,Soleil Blanc,,110.0,,AVAILABLE
ComprehensiveTower71,Legacy:178/Buys:1/Sales:416,,White Suede,,110.0,,AVAILABLE
ComprehensiveTower71,Legacy:178/Buys:1/Sales:416,,Rose de Chine,,95.0,,AVAILABLE
ComprehensiveTower71,Legacy:178/Buys:1/Sales:416,Mancera,Cafe Rose,50.0,75.0,,LISTED
ComprehensiveTower71,Legacy:178/Buys:1/Sales:416,Maison Francis Kurkdjian,Soleil Neige Parfum,,295.0,,LISTED
ComprehensiveTower71,Legacy:178/Buys:1/Sales:416,,Black Lacquer,,200.0,,LISTED
ComprehensiveTower71,Legacy:178/Buys:1/Sales:416,,Vanilla Sx,,200.0,,LISTED
ComprehensiveTower71,Legacy:178/Buys:1/Sales:416,Tom Ford,Lost Cherry,,200.0,,LISTED
ComprehensiveTower71,Legacy:178/Buys:1/Sales:416,Tom Ford,Fcking Fabulous,,185.0,,SOLD
ComprehensiveTower71,Legacy:178/Buys:1/Sales:416,Tom Ford,Rose Prick,,175.0,,LISTED
ComprehensiveTower71,Legacy:178/Buys:1/Sales:416,,Rose Exposed,,175.0,,LISTED
ComprehensiveTower71,Legacy:178/Buys:1/Sales:416,Tom Ford,Noir de Noir,,165.0,,LISTED
ComprehensiveTower71,Legacy:178/Buys:1/Sales:416,Tom Ford,Tuscan Leather,,165.0,,LISTED
ComprehensiveTower71,Legacy:178/Buys:1/Sales:416,,Ebene Fume,,160.0,,LISTED
ComprehensiveTower71,Legacy:178/Buys:1/Sales:416,Tom Ford,Noir de Noir,,150.0,,LISTED
ComprehensiveTower71,Legacy:178/Buys:1/Sales:416,,Soleil Brulant,,145.0,,LISTED
ComprehensiveTower71,Legacy:178/Buys:1/Sales:416,Tom Ford,Rose de Chine,,145.0,,LISTED
ComprehensiveTower71,Legacy:178/Buys:1/Sales:416,Tom Ford,Oud Wood,,145.0,,LISTED
ComprehensiveTower71,Legacy:178/Buys:1/Sales:416,,Soliel de Feu,,145.0,,LISTED
ComprehensiveTower71,Legacy:178/Buys:1/Sales:416,,Soleil Neige,,145.0,,LISTED
ComprehensiveTower71,Legacy:178/Buys:1/Sales:416,Tom Ford,Santal Blush,,145.0,,LISTED
ComprehensiveTower71,Legacy:178/Buys:1/Sales:416,Tom Ford,Tubereuse Nue,,145.0,,LISTED
ComprehensiveTower71,Legacy:178/Buys:1/Sales:416,Tom Ford,Jasmin Rouge,,145.0,,LISTED
ComprehensiveTower71,Legacy:178/Buys:1/Sales:416,Tom Ford,Jasmin Rouge,,140.0,,LISTED
ComprehensiveTower71,Legacy:178/Buys:1/Sales:416,Tom Ford,White Suede,,145.0,,LISTED
ComprehensiveTower71,Legacy:178/Buys:1/Sales:416,,Rose D'Amalfi,,145.0,,LISTED
ComprehensiveTower71,Legacy:178/Buys:1/Sales:416,Tom Ford,Ombre Leather Parfum,,125.0,,LISTED
ComprehensiveTower71,Legacy:178/Buys:1/Sales:416,,Oud Mineral,,110.0,,LISTED
ComprehensiveTower71,Legacy:178/Buys:1/Sales:416,Tom Ford,Eau De Soleil Blanc,,110.0,,LISTED
ComprehensiveTower71,Legacy:178/Buys:1/Sales:416,Tom Ford,Black Orchid Parfum,,105.0,,LISTED
ComprehensiveTower71,Legacy:178/Buys:1/Sales:416,Tom Ford,Grey Vetiver Parfum,,105.0,,LISTED
ComprehensiveTower71,Legacy:178/Buys:1/Sales:416,Tom Ford,Eau de Soliel Blanc,,99.0,,LISTED
ComprehensiveTower71,Legacy:178/Buys:1/Sales:416,Tom Ford,Cafe Rose,,99.0,,AVAILABLE
ComprehensiveTower71,Legacy:178/Buys:1/Sales:416,Tom Ford,Velvet Orchid,,85.0,,AVAILABLE
ComprehensiveTower71,Legacy:178/Buys:1/Sales:416,Tom Ford,Black Orchid,,85.0,,AVAILABLE
ComprehensiveTower71,Legacy:178/Buys:1/Sales:416,Tom Ford,Noir Extreme,,85.0,,AVAILABLE
ComprehensiveTower71,Legacy:178/Buys:1/Sales:416,Tom Ford,Oud Wood,100.0,200.0,,AVAILABLE
ComprehensiveTower71,Legacy:178/Buys:1/Sales:416,Tom Ford,Soliel Neige,100.0,200.0,,AVAILABLE
ComprehensiveTower71,Legacy:178/Buys:1/Sales:416,Tom Ford,Jasmin Rouge,100.0,200.0,,AVAILABLE
ComprehensiveTower71,Legacy:178/Buys:1/Sales:416,Tom Ford,Ombre Leather Parfum,100.0,175.0,,AVAILABLE
ComprehensiveTower71,Legacy:178/Buys:1/Sales:416,Tom Ford,White Suede,100.0,175.0,,AVAILABLE
ComprehensiveTower71,Legacy:178/Buys:1/Sales:416,Tom Ford,Bois Pacifique,100.0,160.0,,LISTED
ComprehensiveTower71,Legacy:178/Buys:1/Sales:416,Tom Ford,Costa Azzurra,,155.0,,LISTED
ComprehensiveTower71,Legacy:178/Buys:1/Sales:416,Tom Ford,Black Orchid Parfum,,155.0,,LISTED
ComprehensiveTower71,Legacy:178/Buys:1/Sales:416,Tom Ford,Noir Extreme Parfum,,160.0,,LISTED
ComprehensiveTower71,Legacy:178/Buys:1/Sales:416,Tom Ford,Noir Extreme Parfum (No Cap),,155.0,,LISTED
ComprehensiveTower71,Legacy:178/Buys:1/Sales:416,Tom Ford,Ombre Leather,,140.0,,LISTED
ComprehensiveTower71,Legacy:178/Buys:1/Sales:416,Tom Ford,Noir Extreme,,135.0,,LISTED
ComprehensiveTower71,Legacy:178/Buys:1/Sales:416,Tom Ford,Black Orchid,,135.0,,LISTED
ComprehensiveTower71,Legacy:178/Buys:1/Sales:416,Tom Ford,Velvet Orchid,,135.0,,LISTED
ComprehensiveTower71,Legacy:178/Buys:1/Sales:416,Tom Ford,Eau de Soliel Blanc,,130.0,,LISTED
ComprehensiveTower71,Legacy:178/Buys:1/Sales:416,,Black Lacquer,50.0,175.0,,AVAILABLE
ComprehensiveTower71,Legacy:178/Buys:1/Sales:416,,Bois Pacifique,100.0,150.0,,AVAILABLE
ComprehensiveTower71,Legacy:178/Buys:1/Sales:416,,Bois Pacifique,100.0,140.0,,AVAILABLE
ComprehensiveTower71,Legacy:178/Buys:1/Sales:416,Tom Ford,Ombre Leather,100.0,125.0,,AVAILABLE
ComprehensiveTower71,Legacy:178/Buys:1/Sales:416,,Vanilla Sx,50.0,160.0,,AVAILABLE
ComprehensiveTower71,Legacy:178/Buys:1/Sales:416,Tom Ford,Santal Blush,50.0,120.0,,AVAILABLE
ComprehensiveTower71,Legacy:178/Buys:1/Sales:416,Tom Ford,Rose Prick,50.0,160.0,,AVAILABLE
ComprehensiveTower71,Legacy:178/Buys:1/Sales:416,Tom Ford,Santal Blush,50.0,135.0,,AVAILABLE
ComprehensiveTower71,Legacy:178/Buys:1/Sales:416,Tom Ford,Velvet Orchid,,100.0,,AVAILABLE
ComprehensiveTower71,Legacy:178/Buys:1/Sales:416,Tom Ford,Grey Vetiver EDP,50.0,80.0,,AVAILABLE
ComprehensiveTower71,Legacy:178/Buys:1/Sales:416,Tom Ford,Velvet Orchid,,70.0,,AVAILABLE
ComprehensiveTower71,Legacy:178/Buys:1/Sales:416,,Soliel de Feu 50 ML,50.0,125.0,,AVAILABLE
ComprehensiveTower71,Legacy:178/Buys:1/Sales:416,,Soilel de Feu 30 ML,30.0,99.0,,AVAILABLE
ComprehensiveTower71,Legacy:178/Buys:1/Sales:416,,Soliel de Feu 30 ML,30.0,90.0,,AVAILABLE
ComprehensiveTower71,Legacy:178/Buys:1/Sales:416,Tom Ford,White Suede 29/30 ML,30.0,100.0,97.0,AVAILABLE
ComprehensiveTower71,Legacy:178/Buys:1/Sales:416,,Soliel Neige 20/30 ML,30.0,70.0,67.0,AVAILABLE
ComprehensiveTower71,Legacy:178/Buys:1/Sales:416,,Soliel Neige 28/30,30.0,99.0,93.0,AVAILABLE
ComprehensiveTower71,Legacy:178/Buys:1/Sales:416,,Soliel Neige 15/30 ML,30.0,75.0,50.0,AVAILABLE
ComprehensiveTower71,Legacy:178/Buys:1/Sales:416,,Rose de Chine 30 ML,30.0,80.0,,AVAILABLE
ComprehensiveTower71,Legacy:178/Buys:1/Sales:416,Tom Ford,Lost Cherry 25/50 ML,50.0,140.0,50.0,AVAILABLE
ComprehensiveTower71,Legacy:178/Buys:1/Sales:416,Tom Ford,Fcking Fabulous,35.0,120.0,,AVAILABLE
ComprehensiveTower71,Legacy:178/Buys:1/Sales:416,Tom Ford,Fcking Fabulous,50.0,120.0,,AVAILABLE
ComprehensiveTower71,Legacy:178/Buys:1/Sales:416,,Cafe Rose,100.0,95.0,,AVAILABLE
ComprehensiveTower71,Legacy:178/Buys:1/Sales:416,,Cafe Rose,50.0,69.0,,AVAILABLE
ComprehensiveTower71,Legacy:178/Buys:1/Sales:416,Jo Malone,Cologne Intense,100.0,115.0,,LISTED
ComprehensiveTower71,Legacy:178/Buys:1/Sales:416,Jo Malone,Cologne Intense,50.0,75.0,,LISTED
ComprehensiveTower71,Legacy:178/Buys:1/Sales:416,Jo Malone,Hinoki and Cedarwood,100.0,175.0,,LISTED
ComprehensiveTower71,Legacy:178/Buys:1/Sales:416,Jo Malone,Rose and White Musk Absolu,100.0,175.0,,LISTED
ComprehensiveTower71,Legacy:178/Buys:1/Sales:416,,Gardenia,50.0,175.0,,LISTED
ComprehensiveTower71,Legacy:178/Buys:1/Sales:416,,Oud Absolu,50.0,175.0,,LISTED
ComprehensiveTower71,Legacy:178/Buys:1/Sales:416,,Huntsman Birch & Black Pepper,50.0,175.0,,LISTED
ComprehensiveTower71,Legacy:178/Buys:1/Sales:416,,Oud and Bergamot,100.0,108.0,95.0,LISTED
ComprehensiveTower71,Legacy:178/Buys:1/Sales:416,,Jasmin Sambac & Marigold,100.0,108.0,90.0,LISTED
ComprehensiveTower71,Legacy:178/Buys:1/Sales:416,,Myrrh and Tonka,100.0,108.0,80.0,LISTED
ComprehensiveTower71,Legacy:178/Buys:1/Sales:416,Jo Malone,Cologne,100.0,85.0,,LISTED
ComprehensiveTower71,Legacy:178/Buys:1/Sales:416,Jo Malone,Cologne,50.0,60.0,,LISTED
ComprehensiveTower71,Legacy:178/Buys:1/Sales:416,Jo Malone London,English Pear and Sweet Pea,100.0,90.0,,AVAILABLE
ComprehensiveTower71,Legacy:178/Buys:1/Sales:416,Jo Malone London,Red Roses,100.0,90.0,,AVAILABLE
ComprehensiveTower71,Legacy:178/Buys:1/Sales:416,,Sunlit Cherimoya,50.0,80.0,,AVAILABLE
ComprehensiveTower71,Legacy:178/Buys:1/Sales:416,,Rose Amber,50.0,85.0,,AVAILABLE
ComprehensiveTower71,Legacy:178/Buys:1/Sales:416,,Rose Magnolia,50.0,85.0,,AVAILABLE
ComprehensiveTower71,Legacy:178/Buys:1/Sales:416,,Yellow Hisbiscus,50.0,80.0,,AVAILABLE
ComprehensiveTower71,Legacy:178/Buys:1/Sales:416,,Yellow Hisbiscus (BNIB),50.0,85.0,,AVAILABLE
ComprehensiveTower71,Legacy:178/Buys:1/Sales:416,Jo Malone London,Yuzu Zest,50.0,85.0,,AVAILABLE
ComprehensiveTower71,Legacy:178/Buys:1/Sales:416,Jo Malone London,English Pear and Sweet Pea,100.0,75.0,95.0,AVAILABLE
ComprehensiveTower71,Legacy:178/Buys:1/Sales:416,Jo Malone London,Honeysuckle and Davana,100.0,,98.0,AVAILABLE
ComprehensiveTower71,Legacy:178/Buys:1/Sales:416,Jo Malone London,Basil Neroli,100.0,,95.0,AVAILABLE
ComprehensiveTower71,Legacy:178/Buys:1/Sales:416,,Rose Blush,50.0,,,AVAILABLE
ComprehensiveTower71,Legacy:178/Buys:1/Sales:416,Jo Malone London,Nectarine Blossom and Honey,100.0,,,AVAILABLE
ComprehensiveTower71,Legacy:178/Buys:1/Sales:416,,Sakura Cherry Blossom,,10.0,,AVAILABLE
ComprehensiveTower71,Legacy:178/Buys:1/Sales:416,Jo Malone London,English Pear,9.0,,,AVAILABLE
ComprehensiveTower71,Legacy:178/Buys:1/Sales:416,,Sweet Pea,9.0,,,AVAILABLE
ComprehensiveTower71,Legacy:178/Buys:1/Sales:416,,Fressia,9.0,,,AVAILABLE
ComprehensiveTower71,Legacy:178/Buys:1/Sales:416,Jo Malone London,Wild Bluebell,30.0,,,AVAILABLE
ComprehensiveTower71,Legacy:178/Buys:1/Sales:416,Hermès,H24 EDT,100.0,60.0,,AVAILABLE
ComprehensiveTower71,Legacy:178/Buys:1/Sales:416,Gucci,Bloom EDP,100.0,55.0,,AVAILABLE
ComprehensiveTower71,Legacy:178/Buys:1/Sales:416,Gucci,Guilty Femme,90.0,55.0,,AVAILABLE
ComprehensiveTower71,Legacy:178/Buys:1/Sales:416,Gucci,Guilty Absolute,50.0,50.0,,AVAILABLE
ComprehensiveTower71,Legacy:178/Buys:1/Sales:416,Carolina Herrera,CH Men EDT,100.0,50.0,,AVAILABLE
ComprehensiveTower71,Legacy:178/Buys:1/Sales:416,Hermès,Terre d'Hermès Eau Intense Vetiver,200.0,110.0,,AVAILABLE
ComprehensiveTower71,Legacy:178/Buys:1/Sales:416,,Sheep's Clothing,50.0,85.0,,AVAILABLE
ComprehensiveTower71,Legacy:178/Buys:1/Sales:416,Viktor & Rolf,Spicebomb Extreme,90.0,85.0,,AVAILABLE
ComprehensiveTower71,Legacy:178/Buys:1/Sales:416,Jean Paul Gaultier,Scandal Le Parfum,100.0,80.0,,AVAILABLE
ComprehensiveTower71,Legacy:178/Buys:1/Sales:416,Jean Paul Gaultier,Scandal EDT,100.0,70.0,,AVAILABLE
ComprehensiveTower71,Legacy:178/Buys:1/Sales:416,Hermès,24 Faubourg EDP,100.0,115.0,,AVAILABLE
ComprehensiveTower71,Legacy:178/Buys:1/Sales:416,Yves Saint Laurent,Black Opium Le Parfum,50.0,100.0,,AVAILABLE
ComprehensiveTower71,Legacy:178/Buys:1/Sales:416,Hermès,Eau de Pamplemousse Rose,100.0,85.0,,AVAILABLE
ComprehensiveTower71,Legacy:178/Buys:1/Sales:416,Yves Saint Laurent,Black Opium Le Parfum,30.0,75.0,,AVAILABLE
ComprehensiveTower71,Legacy:178/Buys:1/Sales:416,Lancôme,Idole Now EDP,50.0,60.0,,AVAILABLE
ComprehensiveTower71,Legacy:178/Buys:1/Sales:416,Dolce & Gabbana,Velvet Tender Oud,100.0,220.0,,AVAILABLE
ComprehensiveTower71,Legacy:178/Buys:1/Sales:416,Dolce & Gabbana,Velvet Blue Musk,100.0,220.0,,AVAILABLE
ComprehensiveTower71,Legacy:178/Buys:1/Sales:416,Carolina Herrera,Mystery Tobacco,100.0,200.0,,AVAILABLE
ComprehensiveTower71,Legacy:178/Buys:1/Sales:416,Giorgio Armani,Aqua Di Gio Parfum,125.0,120.0,,AVAILABLE
ComprehensiveTower71,Legacy:178/Buys:1/Sales:416,Hermès,Terre d'Hermes EDP Intense,100.0,120.0,,AVAILABLE
ComprehensiveTower71,Legacy:178/Buys:1/Sales:416,Christian Dior,Sauvage Eau Forte,100.0,115.0,,AVAILABLE
ComprehensiveTower71,Legacy:178/Buys:1/Sales:416,Yves Saint Laurent,Y EDP Intense,100.0,110.0,,AVAILABLE
ComprehensiveTower71,Legacy:178/Buys:1/Sales:416,Giorgio Armani,Aqua Di Gio EDP,200.0,105.0,,AVAILABLE
ComprehensiveTower71,Legacy:178/Buys:1/Sales:416,Giorgio Armani,Stronger With You Absolutely Parfum,100.0,100.0,,AVAILABLE
ComprehensiveTower71,Legacy:178/Buys:1/Sales:416,,Declaration EDP,100.0,100.0,,AVAILABLE
ComprehensiveTower71,Legacy:178/Buys:1/Sales:416,Giorgio Armani,Aqua Di Gio Parfum,100.0,100.0,,AVAILABLE
ComprehensiveTower71,Legacy:178/Buys:1/Sales:416,,Shoreditch Leather,100.0,100.0,,AVAILABLE
ComprehensiveTower71,Legacy:178/Buys:1/Sales:416,,Phantom Parfum,100.0,95.0,,AVAILABLE
ComprehensiveTower71,Legacy:178/Buys:1/Sales:416,Carolina Herrera,Bad Boy Colbalt,100.0,90.0,,AVAILABLE
ComprehensiveTower71,Legacy:178/Buys:1/Sales:416,Bvlgari,Man Glacial Essence,100.0,85.0,,AVAILABLE
ComprehensiveTower71,Legacy:178/Buys:1/Sales:416,Ralph Lauren,Club Elixir,100.0,85.0,,AVAILABLE
ComprehensiveTower71,Legacy:178/Buys:1/Sales:416,Prada,Luna Rossa Ocean EDP,100.0,85.0,,AVAILABLE
ComprehensiveTower71,Legacy:178/Buys:1/Sales:416,Carolina Herrera,Bad Boy Le Parfum,100.0,85.0,,AVAILABLE
ComprehensiveTower71,Legacy:178/Buys:1/Sales:416,Yves Saint Laurent,La Nuit De L'Homme,100.0,85.0,,AVAILABLE
ComprehensiveTower71,Legacy:178/Buys:1/Sales:416,Viktor & Rolf,Spicebomb Extreme,90.0,85.0,,AVAILABLE
ComprehensiveTower71,Legacy:178/Buys:1/Sales:416,Bvlgari,Man Wood Essence,150.0,85.0,,AVAILABLE
ComprehensiveTower71,Legacy:178/Buys:1/Sales:416,Burberry,Hero Parfum,100.0,80.0,,AVAILABLE
ComprehensiveTower71,Legacy:178/Buys:1/Sales:416,Gucci,Guilty Parfum Pour Homme,90.0,80.0,,AVAILABLE
ComprehensiveTower71,Legacy:178/Buys:1/Sales:416,Valentino,Uomo EDT,100.0,80.0,,AVAILABLE
ComprehensiveTower71,Legacy:178/Buys:1/Sales:416,Jean Paul Gaultier,Le Male Le Parfum,125.0,80.0,,AVAILABLE
ComprehensiveTower71,Legacy:178/Buys:1/Sales:416,,Pasha Noir Absolu,100.0,80.0,,AVAILABLE
ComprehensiveTower71,Legacy:178/Buys:1/Sales:416,,Black Meisterstuck,125.0,75.0,,AVAILABLE
ComprehensiveTower71,Legacy:178/Buys:1/Sales:416,,Patchouli Ink,125.0,75.0,,AVAILABLE
ComprehensiveTower71,Legacy:178/Buys:1/Sales:416,Yves Saint Laurent,L'Homme EDP,60.0,75.0,,AVAILABLE
ComprehensiveTower71,Legacy:178/Buys:1/Sales:416,Azzaro,Most Wanted Parfum,100.0,75.0,,AVAILABLE
ComprehensiveTower71,Legacy:178/Buys:1/Sales:416,Hermès,H24 EDP,100.0,75.0,,AVAILABLE
ComprehensiveTower71,Legacy:178/Buys:1/Sales:416,Burberry,Hero EDP,100.0,75.0,,AVAILABLE
ComprehensiveTower71,Legacy:178/Buys:1/Sales:416,,Invictus Platinum,100.0,75.0,,AVAILABLE
ComprehensiveTower71,Legacy:178/Buys:1/Sales:416,Giorgio Armani,Aqua Di Gio Parfum,75.0,75.0,,AVAILABLE
ComprehensiveTower71,Legacy:178/Buys:1/Sales:416,Prada,Luna Rossa Black,100.0,70.0,,AVAILABLE
ComprehensiveTower71,Legacy:178/Buys:1/Sales:416,Hermès,Terre D'Hermes Eau Intense Vetiver,100.0,70.0,,AVAILABLE
ComprehensiveTower71,Legacy:178/Buys:1/Sales:416,Hermès,Terre D'Hermes Parfum,75.0,70.0,,AVAILABLE
ComprehensiveTower71,Legacy:178/Buys:1/Sales:416,,Pasha Noir EDT,150.0,70.0,,AVAILABLE
ComprehensiveTower71,Legacy:178/Buys:1/Sales:416,,Pasha Noir Sport EDT,150.0,70.0,,AVAILABLE
ComprehensiveTower71,Legacy:178/Buys:1/Sales:416,,Declaration Parfum,100.0,70.0,,AVAILABLE
ComprehensiveTower71,Legacy:178/Buys:1/Sales:416,,Invictus Victory EDP Intense,,70.0,,AVAILABLE
ComprehensiveTower71,Legacy:178/Buys:1/Sales:416,,Eros Parfum,100.0,70.0,,AVAILABLE
ComprehensiveTower71,Legacy:178/Buys:1/Sales:416,Gucci,Guilty Black EDT,90.0,70.0,,AVAILABLE
ComprehensiveTower71,Legacy:178/Buys:1/Sales:416,Gucci,Guilty Essence,90.0,70.0,,AVAILABLE
ComprehensiveTower71,Legacy:178/Buys:1/Sales:416,,One Million Parfum,100.0,70.0,,AVAILABLE
ComprehensiveTower71,Legacy:178/Buys:1/Sales:416,Hermès,H24 Herbes Vives,100.0,70.0,,AVAILABLE
ComprehensiveTower71,Legacy:178/Buys:1/Sales:416,Armani,Code EDP,50.0,65.0,,AVAILABLE
ComprehensiveTower71,Legacy:178/Buys:1/Sales:416,Prada,Infusion de Vanille,100.0,300.0,,AVAILABLE
ComprehensiveTower71,Legacy:178/Buys:1/Sales:416,Prada,D'Iris,100.0,300.0,,AVAILABLE
ComprehensiveTower71,Legacy:178/Buys:1/Sales:416,Prada,D'Ylang,100.0,300.0,,AVAILABLE
ComprehensiveTower71,Legacy:178/Buys:1/Sales:416,Prada,Fleur de Orangee,100.0,300.0,,AVAILABLE
ComprehensiveTower71,Legacy:178/Buys:1/Sales:416,,Rose de Grasse Parfum,50.0,175.0,,AVAILABLE
ComprehensiveTower71,Legacy:178/Buys:1/Sales:416,Yves Saint Laurent,Libre L'Absolu Platine,90.0,145.0,,AVAILABLE
ComprehensiveTower71,Legacy:178/Buys:1/Sales:416,Burberry,Her EDP Petals LE,88.0,145.0,,AVAILABLE
ComprehensiveTower71,Legacy:178/Buys:1/Sales:416,,Atelier Des Fleurs Neroli,150.0,145.0,,AVAILABLE
ComprehensiveTower71,Legacy:178/Buys:1/Sales:416,,Atelier Des Fleurs Santalum,150.0,145.0,,AVAILABLE
ComprehensiveTower71,Legacy:178/Buys:1/Sales:416,,Rose de Grasse Joyful Bloom,100.0,140.0,,AVAILABLE
ComprehensiveTower71,Legacy:178/Buys:1/Sales:416,,Tuberose Gardenia,100.0,125.0,,AVAILABLE
ComprehensiveTower71,Legacy:178/Buys:1/Sales:416,,Hibiscus Palm,100.0,125.0,,AVAILABLE
ComprehensiveTower71,Legacy:178/Buys:1/Sales:416,,Rouge Rose de Grasse Joyfull Bloom,50.0,125.0,,AVAILABLE
ComprehensiveTower71,Legacy:178/Buys:1/Sales:416,,Rose de Grasse Parfum,50.0,125.0,,AVAILABLE
ComprehensiveTower71,Legacy:178/Buys:1/Sales:416,Christian Dior,Miss Dior Absolutely Blooming,100.0,125.0,,AVAILABLE
ComprehensiveTower71,Legacy:178/Buys:1/Sales:416,Yves Saint Laurent,Black Opium Glitter,90.0,120.0,,AVAILABLE
ComprehensiveTower71,Legacy:178/Buys:1/Sales:416,Carolina Herrera,Very Good Girl Elixir,80.0,115.0,,AVAILABLE
ComprehensiveTower71,Legacy:178/Buys:1/Sales:416,Yves Saint Laurent,Black Opium Over Red,90.0,110.0,,AVAILABLE
ComprehensiveTower71,Legacy:178/Buys:1/Sales:416,Dolce & Gabbana,Devotion EDP Intense,100.0,110.0,,AVAILABLE
ComprehensiveTower71,Legacy:178/Buys:1/Sales:416,Hermès,Elixir de Merveilles,100.0,100.0,,AVAILABLE
ComprehensiveTower71,Legacy:178/Buys:1/Sales:416,Viktor & Rolf,FlowerBomb Extreme,100.0,100.0,,AVAILABLE
ComprehensiveTower71,Legacy:178/Buys:1/Sales:416,,Atelier des Fleurs Santalum,50.0,100.0,,AVAILABLE
ComprehensiveTower71,Legacy:178/Buys:1/Sales:416,,Atelier Des Fleurs Hibiscus Abelmoschus,50.0,100.0,,AVAILABLE
ComprehensiveTower71,Legacy:178/Buys:1/Sales:416,Prada,Infusion d'lris,100.0,100.0,,AVAILABLE
ComprehensiveTower71,Legacy:178/Buys:1/Sales:416,Prada,Infusion d'Amande,100.0,100.0,,AVAILABLE
ComprehensiveTower71,Legacy:178/Buys:1/Sales:416,,Must de Cartier Parfum,50.0,100.0,,AVAILABLE
ComprehensiveTower71,Legacy:178/Buys:1/Sales:416,Burberry,Goddess Intense EDP,100.0,100.0,,AVAILABLE
ComprehensiveTower71,Legacy:178/Buys:1/Sales:416,,Daring Rose,90.0,100.0,,AVAILABLE
ComprehensiveTower71,Legacy:178/Buys:1/Sales:416,,Signature,100.0,100.0,,AVAILABLE
ComprehensiveTower71,Legacy:178/Buys:1/Sales:416,,Luminous,90.0,100.0,,AVAILABLE
ComprehensiveTower71,Legacy:178/Buys:1/Sales:416,Chanel,No 5 EDP,100.0,100.0,,AVAILABLE
ComprehensiveTower71,Legacy:178/Buys:1/Sales:416,,Cashmere & Tiare Flower,100.0,100.0,,AVAILABLE
ComprehensiveTower71,Legacy:178/Buys:1/Sales:416,,Cashmere & Wild Fig,100.0,100.0,,AVAILABLE
ComprehensiveTower71,Legacy:178/Buys:1/Sales:416,,Sublime,90.0,100.0,,AVAILABLE
ComprehensiveTower71,Legacy:178/Buys:1/Sales:416,Burberry,Goddess EDP,100.0,100.0,,AVAILABLE
ComprehensiveTower71,Legacy:178/Buys:1/Sales:416,Burberry,Her Elixir,100.0,100.0,,AVAILABLE
ComprehensiveTower71,Legacy:178/Buys:1/Sales:416,,Rose Gold Intense,75.0,100.0,,AVAILABLE
ComprehensiveTower71,Legacy:178/Buys:1/Sales:416,Marc Jacobs,Daisy Eau So Fresh Pop EDT,75.0,95.0,,AVAILABLE
ComprehensiveTower71,Legacy:178/Buys:1/Sales:416,Chanel,No 5 Eau Premiere,100.0,95.0,,AVAILABLE
ComprehensiveTower71,Legacy:178/Buys:1/Sales:416,Lancôme,La Vie Est Belle L'eau de Parfum,100.0,95.0,,AVAILABLE
ComprehensiveTower71,Legacy:178/Buys:1/Sales:416,Dolce & Gabbana,Devotion EDP,100.0,95.0,,AVAILABLE
ComprehensiveTower71,Legacy:178/Buys:1/Sales:416,Chanel,Coco EDT,100.0,95.0,,AVAILABLE
ComprehensiveTower71,Legacy:178/Buys:1/Sales:416,Carolina Herrera,Alegria de Vivir,100.0,95.0,,AVAILABLE
ComprehensiveTower71,Legacy:178/Buys:1/Sales:416,Valentino,Donna EDP,100.0,90.0,,AVAILABLE
ComprehensiveTower71,Legacy:178/Buys:1/Sales:416,Yves Saint Laurent,Mon Paris,90.0,90.0,,AVAILABLE
ComprehensiveTower71,Legacy:178/Buys:1/Sales:416,Yves Saint Laurent,Libre EDP,100.0,90.0,,AVAILABLE
ComprehensiveTower71,Legacy:178/Buys:1/Sales:416,,Cedar Violet,50.0,90.0,,AVAILABLE
ComprehensiveTower71,Legacy:178/Buys:1/Sales:416,,Amber Musk Santal,50.0,90.0,,AVAILABLE
ComprehensiveTower71,Legacy:178/Buys:1/Sales:416,Armani,My Way Parfum,90.0,90.0,,AVAILABLE
ComprehensiveTower71,Legacy:178/Buys:1/Sales:416,,Rose Gold,75.0,90.0,,AVAILABLE
ComprehensiveTower71,Legacy:178/Buys:1/Sales:416,Burberry,Her EDP,100.0,90.0,,AVAILABLE
ComprehensiveTower71,Legacy:178/Buys:1/Sales:416,,Atelier Des Fleurs Magnolia Alba,75.0,90.0,,AVAILABLE
ComprehensiveTower71,Legacy:178/Buys:1/Sales:416,,Must EDT,100.0,90.0,,AVAILABLE
ComprehensiveTower71,Legacy:178/Buys:1/Sales:416,,Soir Eau Du Soir,100.0,90.0,,AVAILABLE
ComprehensiveTower71,Legacy:178/Buys:1/Sales:416,,La Panthere EDP,75.0,90.0,,AVAILABLE
ComprehensiveTower71,Legacy:178/Buys:1/Sales:416,,La Panthere EDP,100.0,90.0,,AVAILABLE
ComprehensiveTower71,Legacy:178/Buys:1/Sales:416,,Mediterranean Honeysuckle Clementina,50.0,90.0,,AVAILABLE
ComprehensiveTower71,Legacy:178/Buys:1/Sales:416,Yves Saint Laurent,Black Opium EDP,90.0,90.0,,AVAILABLE
ComprehensiveTower71,Legacy:178/Buys:1/Sales:416,Bvlgari,Au the Vert,150.0,90.0,,AVAILABLE
ComprehensiveTower71,Legacy:178/Buys:1/Sales:416,Jimmy Choo,I Want Choo Le Parfum,100.0,85.0,,AVAILABLE
ComprehensiveTower71,Legacy:178/Buys:1/Sales:416,Paco Rabanne,Million Gold,50.0,85.0,,AVAILABLE
ComprehensiveTower71,Legacy:178/Buys:1/Sales:416,Carolina Herrera,Me First,100.0,85.0,,AVAILABLE
ComprehensiveTower71,Legacy:178/Buys:1/Sales:416,Mugler,Alien Hypersense,90.0,85.0,,AVAILABLE
ComprehensiveTower71,Legacy:178/Buys:1/Sales:416,Gucci,Flora Gorgeous Gardenia,100.0,85.0,,LISTED
ComprehensiveTower71,Legacy:178/Buys:1/Sales:416,,Baiser Vole Parfum,100.0,85.0,,LISTED
ComprehensiveTower71,Legacy:178/Buys:1/Sales:416,Yves Saint Laurent,Black Opium Illicit Green,75.0,85.0,,LISTED
ComprehensiveTower71,Legacy:178/Buys:1/Sales:416,,Amber Musk Santal,50.0,80.0,,LISTED
ComprehensiveTower71,Legacy:178/Buys:1/Sales:416,Prada,Paradoxe,50.0,80.0,,LISTED
ComprehensiveTower71,Legacy:178/Buys:1/Sales:416,Serge Lutens,La Fille de Berlin,100.0,80.0,,LISTED
ComprehensiveTower71,Legacy:178/Buys:1/Sales:416,Versace,Bright Crystal Parfum,90.0,80.0,,LISTED
ComprehensiveTower71,Legacy:178/Buys:1/Sales:416,Burberry,Her EDP,100.0,80.0,,LISTED
ComprehensiveTower71,Legacy:178/Buys:1/Sales:416,Yves Saint Laurent,Le Parfum,50.0,80.0,,LISTED
ComprehensiveTower71,Legacy:178/Buys:1/Sales:416,Armani,My Way EDP,90.0,80.0,,LISTED
ComprehensiveTower71,Legacy:178/Buys:1/Sales:416,,La Panther Parfum,100.0,80.0,75.0,LISTED
ComprehensiveTower71,Legacy:178/Buys:1/Sales:416,Giorgio Armani,Si Passione Eclat,100.0,80.0,,LISTED
ComprehensiveTower71,Legacy:178/Buys:1/Sales:416,Giorgio Armani,Si EDP,100.0,80.0,,LISTED
ComprehensiveTower71,Legacy:178/Buys:1/Sales:416,,Sublime Rose,90.0,80.0,,LISTED
ComprehensiveTower71,Legacy:178/Buys:1/Sales:416,Jimmy Choo,I Want Choo Forever,100.0,75.0,,LISTED
ComprehensiveTower71,Legacy:178/Buys:1/Sales:416,,Perfect EDP,100.0,75.0,,LISTED
ComprehensiveTower71,Legacy:178/Buys:1/Sales:416,Yves Saint Laurent,Opium,90.0,75.0,,LISTED
ComprehensiveTower71,Legacy:178/Buys:1/Sales:416,,Tiffany EDP,75.0,75.0,,LISTED
ComprehensiveTower71,Legacy:178/Buys:1/Sales:416,Gucci,Flora Gorgeous Orchid,50.0,70.0,,LISTED
ComprehensiveTower71,Legacy:178/Buys:1/Sales:416,Yves Saint Laurent,Libre EDP,50.0,70.0,,LISTED
ComprehensiveTower71,Legacy:178/Buys:1/Sales:416,Burberry,Godess EDP Intense,50.0,70.0,,AVAILABLE
ComprehensiveTower71,Legacy:178/Buys:1/Sales:416,Burberry,Her EDT,100.0,70.0,,AVAILABLE
ComprehensiveTower71,Legacy:178/Buys:1/Sales:416,Prada,Candy,90.0,70.0,,AVAILABLE
ComprehensiveTower71,Legacy:178/Buys:1/Sales:416,Burberry,Her EDP,50.0,70.0,,AVAILABLE
ComprehensiveTower71,Legacy:178/Buys:1/Sales:416,Lancôme,Idole Now EDP,100.0,70.0,,AVAILABLE
ComprehensiveTower71,Legacy:178/Buys:1/Sales:416,Bvlgari,Au the Vert,75.0,65.0,,AVAILABLE
ComprehensiveTower71,Legacy:178/Buys:1/Sales:416,Yves Saint Laurent,Mon Paris Intensement,30.0,65.0,,AVAILABLE
ComprehensiveTower71,Legacy:178/Buys:1/Sales:416,Lancôme,La Vie Est Belle Intensement,50.0,65.0,,AVAILABLE
ComprehensiveTower71,Legacy:178/Buys:1/Sales:416,Jimmy Choo,I Want Choo EDP,100.0,60.0,,AVAILABLE
ComprehensiveTower71,Legacy:178/Buys:1/Sales:416,Prada,Paradoxe EDP,50.0,60.0,,AVAILABLE
ComprehensiveTower71,Legacy:178/Buys:1/Sales:416,,Rue St Honore,50.0,50.0,,AVAILABLE
ComprehensiveTower71,Legacy:178/Buys:1/Sales:416,,North Bondi,50.0,50.0,,AVAILABLE
ComprehensiveTower71,Legacy:178/Buys:1/Sales:416,,Tuberose Le Jour Parfum,50.0,125.0,,AVAILABLE
ComprehensiveTower71,Legacy:178/Buys:1/Sales:416,Burberry,Hero EDP,150.0,110.0,,AVAILABLE
ComprehensiveTower71,Legacy:178/Buys:1/Sales:416,Armani,Code Parfum,125.0,105.0,,AVAILABLE
ComprehensiveTower71,Legacy:178/Buys:1/Sales:416,Bvlgari,Man In Black,150.0,105.0,,AVAILABLE
ComprehensiveTower71,Legacy:178/Buys:1/Sales:416,Yves Saint Laurent,Black Opium Over Red,90.0,100.0,,AVAILABLE
ComprehensiveTower71,Legacy:178/Buys:1/Sales:416,Yves Saint Laurent,Libre Flowers and Flame,90.0,90.0,,AVAILABLE
ComprehensiveTower71,Legacy:178/Buys:1/Sales:416,Carolina Herrera,Good Girl EDP,80.0,90.0,,AVAILABLE
ComprehensiveTower71,Legacy:178/Buys:1/Sales:416,,Shoreditch Leather,100.0,85.0,,AVAILABLE
ComprehensiveTower71,Legacy:178/Buys:1/Sales:416,Burberry,Goddess EDP,100.0,80.0,,AVAILABLE
ComprehensiveTower71,Legacy:178/Buys:1/Sales:416,Giorgio Armani,Stronger With You Intensely,100.0,80.0,,AVAILABLE
ComprehensiveTower71,Legacy:178/Buys:1/Sales:416,Gucci,Guilty Pour Femme,90.0,70.0,,AVAILABLE
ComprehensiveTower71,Legacy:178/Buys:1/Sales:416,Jimmy Choo,I Want Choo Le Parfum,100.0,70.0,,AVAILABLE
ComprehensiveTower71,Legacy:178/Buys:1/Sales:416,Giorgio Armani,Si EDP,100.0,70.0,,AVAILABLE
ComprehensiveTower71,Legacy:178/Buys:1/Sales:416,Hermès,H24 Herbes Vives,100.0,65.0,,AVAILABLE
ComprehensiveTower71,Legacy:178/Buys:1/Sales:416,,By The Fireplace,30.0,125.0,,AVAILABLE
ComprehensiveTower71,Legacy:178/Buys:1/Sales:416,,By The Fireplace (100ML Refill),100.0,125.0,,AVAILABLE
ComprehensiveTower71,Legacy:178/Buys:1/Sales:416,,Jazz Club (Travel Set),30.0,75.0,,AVAILABLE
ComprehensiveTower71,Legacy:178/Buys:1/Sales:416,,Jazz Club (Travel Set),10.0,75.0,,AVAILABLE
ComprehensiveTower71,Legacy:178/Buys:1/Sales:416,,Bubble Bath,,85.0,,AVAILABLE
ComprehensiveTower71,Legacy:178/Buys:1/Sales:416,,Flying,,125.0,,AVAILABLE
ComprehensiveTower71,Legacy:178/Buys:1/Sales:416,,Dancing On The Moon,,125.0,,AVAILABLE
ComprehensiveTower71,Legacy:178/Buys:1/Sales:416,,Bubble Bath,,70.0,,AVAILABLE
sufon,Legacy:0/Buys:1/Sales:0,,,,160.0,,LISTED
Secure-Ocelot-3749,Legacy:0/Buys:2/Sales:9,Xerjoff,Lua,50.0,115.0,90.0,AVAILABLE
Secure-Ocelot-3749,Legacy:0/Buys:2/Sales:9,,Soscientific,100.0,115.0,90.0,AVAILABLE
Secure-Ocelot-3749,Legacy:0/Buys:2/Sales:9,Clive Christian,,50.0,153.25,90.0,AVAILABLE
Secure-Ocelot-3749,Legacy:0/Buys:2/Sales:9,Bond No 9,Scent of Peace for her,100.0,180.0,45.0,AVAILABLE
Secure-Ocelot-3749,Legacy:0/Buys:2/Sales:9,,No.10,100.0,77.5,95.0,AVAILABLE
Secure-Ocelot-3749,Legacy:0/Buys:2/Sales:9,,Deja Vu,75.0,147.0,90.0,AVAILABLE
Secure-Ocelot-3749,Legacy:0/Buys:2/Sales:9,,Summer/Autumn,30.0,115.0,95.0,AVAILABLE
Secure-Ocelot-3749,Legacy:0/Buys:2/Sales:9,Mancera,Melody of the Suns,120.0,62.5,80.0,SOLD
Secure-Ocelot-3749,Legacy:0/Buys:2/Sales:9,,Love Flames,100.0,183.5,90.0,LISTED
Asstronomer6969,Legacy:2/Buys:0/Sales:0,,VOLARE BUNDLE,,75.0,,LISTED
Asstronomer6969,Legacy:2/Buys:0/Sales:0,,CLONE BUNDLE,,30.0,,LISTED
Asstronomer6969,Legacy:2/Buys:0/Sales:0,Clive Christian,EXCELLENT CLIVE CHRISTIAN CLONES BY MILESTONE,,,,LISTED
Asstronomer6969,Legacy:2/Buys:0/Sales:0,,MONTAGNE BUNDLE,,100.0,,LISTED
Asstronomer6969,Legacy:2/Buys:0/Sales:0,,GIANT BUNDLE EVERYTHING BELOW HERE TO THE BOTTOM,,,,LISTED
Asstronomer6969,Legacy:2/Buys:0/Sales:0,,Benetton ALL,,130.0,,LISTED
Asstronomer6969,Legacy:2/Buys:0/Sales:0,,SCENTUAL OBSESSIONS OR TAKE ALL,,220.0,,LISTED
Asstronomer6969,Legacy:2/Buys:0/Sales:0,,DAPPER FRAGRANCES OR TAKE ALL,,110.0,,LISTED
Asstronomer6969,Legacy:2/Buys:0/Sales:0,,BARRETT FRAGRANCES TAKE ALL,,40.0,,LISTED
Asstronomer6969,Legacy:2/Buys:0/Sales:0,,GENERIC FRAGRANCES CLONE HOUSE BUNDLE,,50.0,,LISTED
Novel-Statistician39,Legacy:0/Buys:21/Sales:31,,Versace Eros Energy,100.0,55.0,85.0,AVAILABLE
Novel-Statistician39,Legacy:0/Buys:21/Sales:31,Burberry,Hero EDP,100.0,55.0,95.0,AVAILABLE
Novel-Statistician39,Legacy:0/Buys:21/Sales:31,Tom Ford,Oud Minerale,50.0,50.0,35.0,AVAILABLE
Novel-Statistician39,Legacy:0/Buys:21/Sales:31,Yves Saint Laurent,L’Nuit De L’Homme,60.0,45.0,45.0,AVAILABLE
Novel-Statistician39,Legacy:0/Buys:21/Sales:31,Parfums de Marly,Aether Extrait (PDM Greenly),100.0,35.0,98.0,AVAILABLE
Novel-Statistician39,Legacy:0/Buys:21/Sales:31,Parfums de Marly,Liquid Brun (PDM Althair),100.0,35.0,98.0,AVAILABLE
Novel-Statistician39,Legacy:0/Buys:21/Sales:31,,Theoreme (Tygar),100.0,20.0,99.0,AVAILABLE
Novel-Statistician39,Legacy:0/Buys:21/Sales:31,Maison Francis Kurkdjian,Oud Silk Mood,,4.0,,SOLD
Novel-Statistician39,Legacy:0/Buys:21/Sales:31,Maison Francis Kurkdjian,L’Homme A la Rose,,4.0,,SOLD
Novel-Statistician39,Legacy:0/Buys:21/Sales:31,Maison Francis Kurkdjian,Aqua Vitae Forte,,4.0,,SOLD
Novel-Statistician39,Legacy:0/Buys:21/Sales:31,Maison Francis Kurkdjian,BR540 EDP,,4.0,,SOLD
Novel-Statistician39,Legacy:0/Buys:21/Sales:31,Maison Francis Kurkdjian,Aqua Vitae (decant),,4.0,,SOLD
Novel-Statistician39,Legacy:0/Buys:21/Sales:31,Nishane,Hacivat,3.0,4.0,,SOLD
Novel-Statistician39,Legacy:0/Buys:21/Sales:31,Christian Dior,Dior Homme Intense,10.0,10.0,90.0,SOLD
Novel-Statistician39,Legacy:0/Buys:21/Sales:31,Yves Saint Laurent,Y Eau Fraiche,5.0,10.0,,SOLD
Novel-Statistician39,Legacy:0/Buys:21/Sales:31,Dolce & Gabbana,Pour Homme,3.0,3.0,,SOLD
Novel-Statistician39,Legacy:0/Buys:21/Sales:31,Dolce & Gabbana,Pour Homme,5.0,3.0,,SOLD
Novel-Statistician39,Legacy:0/Buys:21/Sales:31,Valentino,Coral Fantasy,,3.0,,LISTED
Novel-Statistician39,Legacy:0/Buys:21/Sales:31,Armani,Code Profumo,,3.0,,LISTED
Novel-Statistician39,Legacy:0/Buys:21/Sales:31,Jimmy Choo,Man Intense,,2.0,,LISTED
IClutchMuch,Legacy:30/Buys:22/Sales:17,Prada,L'Homme,100.0,70.0,100.0,SOLD
IClutchMuch,Legacy:30/Buys:22/Sales:17,,Silky Woods Elixir,100.0,110.0,99.0,SOLD
RevolutionarySir7674,Legacy:0/Buys:11/Sales:138,,Shirley,30.0,260.0,100.0,AVAILABLE
RevolutionarySir7674,Legacy:0/Buys:11/Sales:138,,Rufio,10.0,90.0,100.0,AVAILABLE
RevolutionarySir7674,Legacy:0/Buys:11/Sales:138,,POP,30.0,240.0,90.0,AVAILABLE
RevolutionarySir7674,Legacy:0/Buys:11/Sales:138,,Fjerne,30.0,350.0,100.0,AVAILABLE
RevolutionarySir7674,Legacy:0/Buys:11/Sales:138,Serge Lutens,Ambre Sultan (vintage 2006),50.0,300.0,98.0,AVAILABLE
RevolutionarySir7674,Legacy:0/Buys:11/Sales:138,,Rosa Fiorita,100.0,200.0,100.0,AVAILABLE
RevolutionarySir7674,Legacy:0/Buys:11/Sales:138,Kilian,Back to Black (vintage 2009),50.0,275.0,96.0,AVAILABLE
RevolutionarySir7674,Legacy:0/Buys:11/Sales:138,,Esco Pazzo,50.0,125.0,100.0,AVAILABLE
RevolutionarySir7674,Legacy:0/Buys:11/Sales:138,,Santal Vanille,50.0,160.0,100.0,AVAILABLE
RevolutionarySir7674,Legacy:0/Buys:11/Sales:138,,Vanilla is my Love Language,50.0,440.0,100.0,AVAILABLE
RevolutionarySir7674,Legacy:0/Buys:11/Sales:138,,Aromas de Salazar Rose,50.0,160.0,100.0,LISTED
RevolutionarySir7674,Legacy:0/Buys:11/Sales:138,,Aromas de Salazar Leather,50.0,155.0,100.0,LISTED
RevolutionarySir7674,Legacy:0/Buys:11/Sales:138,,Roja Midsummer Dream,100.0,190.0,99.0,LISTED
RevolutionarySir7674,Legacy:0/Buys:11/Sales:138,,Siam 1928 Yodbeer,50.0,110.0,32.0,LISTED
RevolutionarySir7674,Legacy:0/Buys:11/Sales:138,Xerjoff,Naxos (old dark batch),100.0,110.0,27.0,LISTED
RevolutionarySir7674,Legacy:0/Buys:11/Sales:138,,House of BO Oro Verde,40.0,135.0,100.0,LISTED
RevolutionarySir7674,Legacy:0/Buys:11/Sales:138,,Une Nuit Nomade Sugar Leather,50.0,100.0,73.0,LISTED
RevolutionarySir7674,Legacy:0/Buys:11/Sales:138,,Bortnikoff Cologne de la Terre,50.0,130.0,29.0,LISTED
RevolutionarySir7674,Legacy:0/Buys:11/Sales:138,,Bortnikoff Tabac Dore (First Batch),50.0,200.0,35.0,LISTED
RevolutionarySir7674,Legacy:0/Buys:11/Sales:138,,Bortnikoff Sayat Nova (First Batch),50.0,220.0,41.0,LISTED
RevolutionarySir7674,Legacy:0/Buys:11/Sales:138,,One Umbrella for 2,50.0,200.0,62.0,LISTED
RevolutionarySir7674,Legacy:0/Buys:11/Sales:138,,Mountain Standing Still,50.0,255.0,100.0,LISTED
RevolutionarySir7674,Legacy:0/Buys:11/Sales:138,,Les Delices Banana Split,100.0,155.0,80.0,LISTED
RevolutionarySir7674,Legacy:0/Buys:11/Sales:138,Dior,Diorissimo,60.0,180.0,92.0,LISTED
RevolutionarySir7674,Legacy:0/Buys:11/Sales:138,Xerjoff,Symphonium,50.0,180.0,100.0,LISTED
RevolutionarySir7674,Legacy:0/Buys:11/Sales:138,,Poudextrase,,100.0,90.0,LISTED
RevolutionarySir7674,Legacy:0/Buys:11/Sales:138,,Montecristo,30.0,60.0,100.0,LISTED
RevolutionarySir7674,Legacy:0/Buys:11/Sales:138,,Coton de Egyptien,100.0,105.0,97.0,LISTED
RevolutionarySir7674,Legacy:0/Buys:11/Sales:138,,Ode to Dullness,100.0,85.0,100.0,LISTED
RevolutionarySir7674,Legacy:0/Buys:11/Sales:138,,Andy Warhol You're In,100.0,80.0,88.0,LISTED
RevolutionarySir7674,Legacy:0/Buys:11/Sales:138,,Yodbeer,,,,LISTED
RevolutionarySir7674,Legacy:0/Buys:11/Sales:138,Serge Lutens,Unknown (vintage),,,,LISTED
RevolutionarySir7674,Legacy:0/Buys:11/Sales:138,Guerlain,Frenchy Lavande,,,,LISTED
RevolutionarySir7674,Legacy:0/Buys:11/Sales:138,,Trat Treat 2,,,,LISTED
RevolutionarySir7674,Legacy:0/Buys:11/Sales:138,,Oud Soda,,,,LISTED
RevolutionarySir7674,Legacy:0/Buys:11/Sales:138,Dior,Mitzah (vintage),,,,LISTED
RevolutionarySir7674,Legacy:0/Buys:11/Sales:138,,Aromatics Awakening Winter 2.0,,,,LISTED
jravitz,Legacy:291/Buys:4/Sales:266,Aaron Terence Hughes,Tabac Extrait,50.0,255.0,99.0,AVAILABLE
jravitz,Legacy:291/Buys:4/Sales:266,Amouage,Enclave,100.0,185.0,100.0,AVAILABLE
jravitz,Legacy:291/Buys:4/Sales:266,Amouage,Guidance EdP,100.0,225.0,100.0,AVAILABLE
jravitz,Legacy:291/Buys:4/Sales:266,Amouage,Honour 43 Extrait,100.0,165.0,100.0,AVAILABLE
jravitz,Legacy:291/Buys:4/Sales:266,Amouage,Honour Woman,100.0,160.0,100.0,AVAILABLE
jravitz,Legacy:291/Buys:4/Sales:266,Amouage,Love Delight Woman,100.0,185.0,100.0,AVAILABLE
jravitz,Legacy:291/Buys:4/Sales:266,Amouage,Opus VII Reckless Leather,100.0,185.0,100.0,AVAILABLE
jravitz,Legacy:291/Buys:4/Sales:266,Amouage,Orris Wakan Attar,12.0,250.0,99.0,AVAILABLE
jravitz,Legacy:291/Buys:4/Sales:266,Amouage,Overture Woman,100.0,165.0,100.0,AVAILABLE
jravitz,Legacy:291/Buys:4/Sales:266,Amouage,Purpose,100.0,175.0,100.0,AVAILABLE
jravitz,Legacy:291/Buys:4/Sales:266,Amouage,Reasons Essence de Parfum,100.0,175.0,100.0,AVAILABLE
jravitz,Legacy:291/Buys:4/Sales:266,Amouage,Reflection Woman,100.0,175.0,100.0,AVAILABLE
jravitz,Legacy:291/Buys:4/Sales:266,Amouage,Rose Aqor Attar,12.0,250.0,99.0,AVAILABLE
jravitz,Legacy:291/Buys:4/Sales:266,,Vetiver,200.0,200.0,90.0,AVAILABLE
jravitz,Legacy:291/Buys:4/Sales:266,,Safari Extreme,75.0,150.0,99.0,AVAILABLE
jravitz,Legacy:291/Buys:4/Sales:266,Bond No 9,Central Park West,100.0,105.0,100.0,AVAILABLE
jravitz,Legacy:291/Buys:4/Sales:266,Bond No 9,Dubai Jade,100.0,180.0,100.0,AVAILABLE
jravitz,Legacy:291/Buys:4/Sales:266,Bond No 9,Madison Square Park,100.0,105.0,100.0,LISTED
jravitz,Legacy:291/Buys:4/Sales:266,Bond No 9,So New York,100.0,105.0,100.0,LISTED
jravitz,Legacy:291/Buys:4/Sales:266,Bvlgari,EMPYR,125.0,225.0,100.0,LISTED
jravitz,Legacy:291/Buys:4/Sales:266,Bvlgari,GYAN,125.0,245.0,100.0,LISTED
jravitz,Legacy:291/Buys:4/Sales:266,Bvlgari,ONEKH,125.0,225.0,100.0,LISTED
jravitz,Legacy:291/Buys:4/Sales:266,Bvlgari,OROM,125.0,225.0,100.0,LISTED
jravitz,Legacy:291/Buys:4/Sales:266,Bvlgari,SAHARE,125.0,225.0,100.0,LISTED
jravitz,Legacy:291/Buys:4/Sales:266,By Kilian,Bamboo Harmony,100.0,175.0,100.0,LISTED
jravitz,Legacy:291/Buys:4/Sales:266,By Kilian,Black Phantom,50.0,180.0,100.0,LISTED
jravitz,Legacy:291/Buys:4/Sales:266,By Kilian,Forbidden Games,50.0,125.0,98.0,LISTED
jravitz,Legacy:291/Buys:4/Sales:266,By Kilian,Gold Knight,100.0,175.0,100.0,AVAILABLE
jravitz,Legacy:291/Buys:4/Sales:266,By Kilian,Gold Knight,50.0,145.0,98.0,AVAILABLE
jravitz,Legacy:291/Buys:4/Sales:266,By Kilian,Good Girl Gone Bad,250.0,449.0,99.0,AVAILABLE
jravitz,Legacy:291/Buys:4/Sales:266,By Kilian,Good Girl Gone Bad,50.0,155.0,100.0,AVAILABLE
jravitz,Legacy:291/Buys:4/Sales:266,By Kilian,Good Girl Gone Bad,50.0,125.0,98.0,AVAILABLE
jravitz,Legacy:291/Buys:4/Sales:266,By Kilian,Good Girl Gone Bad Eau Fraiche,50.0,155.0,100.0,AVAILABLE
jravitz,Legacy:291/Buys:4/Sales:266,By Kilian,L'Heure Verte,50.0,120.0,100.0,AVAILABLE
jravitz,Legacy:291/Buys:4/Sales:266,By Kilian,Moonlight In Heaven,100.0,175.0,99.0,AVAILABLE
jravitz,Legacy:291/Buys:4/Sales:266,By Kilian,Roses on Ice,50.0,120.0,100.0,AVAILABLE
jravitz,Legacy:291/Buys:4/Sales:266,Byredo,Black Saffron,100.0,160.0,100.0,AVAILABLE
jravitz,Legacy:291/Buys:4/Sales:266,Byredo,Eyes Closed,50.0,125.0,100.0,LISTED
jravitz,Legacy:291/Buys:4/Sales:266,Byredo,Lil Fleur,100.0,125.0,100.0,LISTED
jravitz,Legacy:291/Buys:4/Sales:266,Byredo,Tobacco Mandarin Extrait,50.0,215.0,100.0,LISTED
jravitz,Legacy:291/Buys:4/Sales:266,Byredo,Sunday Cologne,100.0,135.0,100.0,LISTED
jravitz,Legacy:291/Buys:4/Sales:266,,LES HEURES VOYAGEUSES - Oud Absolu,45.0,99.0,100.0,LISTED
jravitz,Legacy:291/Buys:4/Sales:266,,LES HEURES VOYAGEUSES - Oud Musc,75.0,99.0,100.0,LISTED
jravitz,Legacy:291/Buys:4/Sales:266,,LES HEURES VOYAGEUSES - Oud Pink,75.0,99.0,100.0,LISTED
jravitz,Legacy:291/Buys:4/Sales:266,Chanel,1932 EdP,200.0,309.0,100.0,LISTED
jravitz,Legacy:291/Buys:4/Sales:266,Chanel,Beige EdP,200.0,319.0,100.0,LISTED
jravitz,Legacy:291/Buys:4/Sales:266,Chanel,Bel Respiro EdP,200.0,329.0,100.0,LISTED
jravitz,Legacy:291/Buys:4/Sales:266,,Bois des Isles EdP,200.0,339.0,100.0,LISTED
jravitz,Legacy:291/Buys:4/Sales:266,,Comete EdP,200.0,349.0,100.0,LISTED
jravitz,Legacy:291/Buys:4/Sales:266,,Coromandel Body Oil,250.0,175.0,100.0,LISTED
jravitz,Legacy:291/Buys:4/Sales:266,,Coromandel EdP,200.0,349.0,100.0,LISTED
jravitz,Legacy:291/Buys:4/Sales:266,,Coromandel EdP,200.0,459.0,100.0,LISTED
jravitz,Legacy:291/Buys:4/Sales:266,,Eau de Cologne,200.0,309.0,100.0,LISTED
jravitz,Legacy:291/Buys:4/Sales:266,,Gardenia EdP,200.0,319.0,100.0,LISTED
jravitz,Legacy:291/Buys:4/Sales:266,,No. 18 EdP,200.0,309.0,100.0,LISTED
jravitz,Legacy:291/Buys:4/Sales:266,,Sycomore EdP,200.0,349.0,100.0,LISTED
jravitz,Legacy:291/Buys:4/Sales:266,Christian Dior,Diorissima,7.5,30.0,100.0,LISTED
jravitz,Legacy:291/Buys:4/Sales:266,,Loubicroc,90.0,145.0,100.0,LISTED
jravitz,Legacy:291/Buys:4/Sales:266,,Loubikiss,90.0,145.0,100.0,LISTED
jravitz,Legacy:291/Buys:4/Sales:266,,Loubimar,90.0,145.0,100.0,LISTED
jravitz,Legacy:291/Buys:4/Sales:266,,Loubiprince,90.0,145.0,100.0,LISTED
jravitz,Legacy:291/Buys:4/Sales:266,,Loubiraj,90.0,145.0,100.0,LISTED
jravitz,Legacy:291/Buys:4/Sales:266,Clive Christian,I Pour Femme (Woody Floral with Vintage Rose),50.0,169.0,99.0,LISTED
jravitz,Legacy:291/Buys:4/Sales:266,Creed,Aventus Cologne,100.0,209.0,100.0,LISTED
jravitz,Legacy:291/Buys:4/Sales:266,Creed,Aventus for Her,75.0,180.0,100.0,LISTED
jravitz,Legacy:291/Buys:4/Sales:266,Creed,Carmina,75.0,169.0,100.0,LISTED
jravitz,Legacy:291/Buys:4/Sales:266,Creed,Centaurus,100.0,185.0,100.0,LISTED
jravitz,Legacy:291/Buys:4/Sales:266,,Erolfa,100.0,179.0,100.0,AVAILABLE
jravitz,Legacy:291/Buys:4/Sales:266,,Green Irish Tweed,100.0,180.0,100.0,AVAILABLE
jravitz,Legacy:291/Buys:4/Sales:266,,Jardin D'Amalfi,75.0,190.0,100.0,AVAILABLE
jravitz,Legacy:291/Buys:4/Sales:266,,Millesime Imperial,100.0,185.0,100.0,AVAILABLE
jravitz,Legacy:291/Buys:4/Sales:266,,Oud Zizarian,100.0,335.0,100.0,AVAILABLE
jravitz,Legacy:291/Buys:4/Sales:266,,Queen of Silk,75.0,179.0,100.0,AVAILABLE
jravitz,Legacy:291/Buys:4/Sales:266,,Royal Oud,100.0,219.0,100.0,AVAILABLE
jravitz,Legacy:291/Buys:4/Sales:266,,Royal Water,100.0,160.0,100.0,AVAILABLE
jravitz,Legacy:291/Buys:4/Sales:266,,Viking Cologne,100.0,140.0,100.0,AVAILABLE
jravitz,Legacy:291/Buys:4/Sales:266,,Viking EdP,100.0,185.0,100.0,AVAILABLE
jravitz,Legacy:291/Buys:4/Sales:266,Diptyque,Vetyverio EdP,75.0,115.0,99.0,AVAILABLE
jravitz,Legacy:291/Buys:4/Sales:266,,Cannabis Intense,100.0,200.0,100.0,AVAILABLE
jravitz,Legacy:291/Buys:4/Sales:266,,Cavort,100.0,200.0,100.0,AVAILABLE
jravitz,Legacy:291/Buys:4/Sales:266,,Heritage,100.0,315.0,100.0,AVAILABLE
jravitz,Legacy:291/Buys:4/Sales:266,,Lovers,100.0,315.0,100.0,AVAILABLE
jravitz,Legacy:291/Buys:4/Sales:266,,New York Intense,100.0,210.0,100.0,AVAILABLE
jravitz,Legacy:291/Buys:4/Sales:266,,Oud Jaune Intense,100.0,330.0,100.0,AVAILABLE
jravitz,Legacy:291/Buys:4/Sales:266,,Oud Orange Intense,100.0,330.0,100.0,AVAILABLE
jravitz,Legacy:291/Buys:4/Sales:266,,Secret Tryst,100.0,200.0,100.0,AVAILABLE
jravitz,Legacy:291/Buys:4/Sales:266,,Black Tie,100.0,70.0,100.0,AVAILABLE
jravitz,Legacy:291/Buys:4/Sales:266,,Club for Men,100.0,70.0,100.0,LISTED
jravitz,Legacy:291/Buys:4/Sales:266,,Date for Men,100.0,60.0,100.0,LISTED
jravitz,Legacy:291/Buys:4/Sales:266,,The Mint - Energy,50.0,70.0,100.0,LISTED
jravitz,Legacy:291/Buys:4/Sales:266,Frederic Malle,Cologne Indellible,100.0,160.0,85.0,LISTED
jravitz,Legacy:291/Buys:4/Sales:266,Frederic Malle,Eau de Magnolia,10.0,55.0,100.0,LISTED
jravitz,Legacy:291/Buys:4/Sales:266,,Bergamot Silk,100.0,79.0,99.0,LISTED
jravitz,Legacy:291/Buys:4/Sales:266,Giorgio Armani,Pierre de Lune,100.0,155.0,100.0,LISTED
jravitz,Legacy:291/Buys:4/Sales:266,Giorgio Armani,Rose Alexandrie,100.0,155.0,100.0,LISTED
jravitz,Legacy:291/Buys:4/Sales:266,Guerlain,Gourmand Coquin,75.0,489.0,95.0,LISTED
jravitz,Legacy:291/Buys:4/Sales:266,Guerlain,Jasmin Bonheur,200.0,389.0,100.0,LISTED
jravitz,Legacy:291/Buys:4/Sales:266,Guerlain,Rose Barbare,200.0,389.0,100.0,AVAILABLE
jravitz,Legacy:291/Buys:4/Sales:266,Hermès,Cedre Sambac EdT,100.0,170.0,100.0,AVAILABLE
jravitz,Legacy:291/Buys:4/Sales:266,Hermès,Paprika Brasil EdT,100.0,329.0,100.0,AVAILABLE
jravitz,Legacy:291/Buys:4/Sales:266,,Nouez Moi,75.0,120.0,99.0,AVAILABLE
jravitz,Legacy:291/Buys:4/Sales:266,Initio,High Frequency,90.0,165.0,100.0,AVAILABLE
jravitz,Legacy:291/Buys:4/Sales:266,,Premier Figuier Extreme EdP,100.0,149.0,100.0,AVAILABLE
jravitz,Legacy:291/Buys:4/Sales:266,Le Labo,Gaiac 10,50.0,250.0,100.0,AVAILABLE
jravitz,Legacy:291/Buys:4/Sales:266,Le Labo,Gaiac 10,100.0,325.0,100.0,AVAILABLE
jravitz,Legacy:291/Buys:4/Sales:266,Le Labo,Lavande 31,50.0,175.0,100.0,AVAILABLE
jravitz,Legacy:291/Buys:4/Sales:266,Le Labo,Lys 41,15.0,50.0,100.0,AVAILABLE
jravitz,Legacy:291/Buys:4/Sales:266,Le Labo,Matcha 26,100.0,225.0,100.0,LISTED
jravitz,Legacy:291/Buys:4/Sales:266,Le Labo,Mousse de Chene 30 - Amsterdam City Exclusive,50.0,270.0,100.0,LISTED
jravitz,Legacy:291/Buys:4/Sales:266,Le Labo,Santal 33,15.0,60.0,100.0,LISTED
jravitz,Legacy:291/Buys:4/Sales:266,Le Labo,The Noir 29,50.0,180.0,100.0,LISTED
jravitz,Legacy:291/Buys:4/Sales:266,,Fleuve Tendre,100.0,65.0,100.0,LISTED
jravitz,Legacy:291/Buys:4/Sales:266,Louis Vuitton,Ombre Nomade,100.0,290.0,98.0,LISTED
jravitz,Legacy:291/Buys:4/Sales:266,Maison Francis Kurkdjian,724,200.0,300.0,100.0,LISTED
jravitz,Legacy:291/Buys:4/Sales:266,Maison Francis Kurkdjian,APOM,70.0,155.0,100.0,LISTED
jravitz,Legacy:291/Buys:4/Sales:266,Maison Francis Kurkdjian,Aqua Celestia Cologne Forte,70.0,155.0,100.0,LISTED
jravitz,Legacy:291/Buys:4/Sales:266,Maison Francis Kurkdjian,Aqua Celestia EdT,70.0,125.0,100.0,LISTED
jravitz,Legacy:291/Buys:4/Sales:266,Maison Francis Kurkdjian,Aqua Celestia EdT,200.0,235.0,100.0,AVAILABLE
jravitz,Legacy:291/Buys:4/Sales:266,Maison Francis Kurkdjian,Aqua Media Cologne Forte,70.0,165.0,100.0,AVAILABLE
jravitz,Legacy:291/Buys:4/Sales:266,Maison Francis Kurkdjian,Aqua Univeralis Forte,70.0,155.0,100.0,AVAILABLE
jravitz,Legacy:291/Buys:4/Sales:266,Maison Francis Kurkdjian,Aqua Universalis EdT,70.0,125.0,100.0,AVAILABLE
jravitz,Legacy:291/Buys:4/Sales:266,Maison Francis Kurkdjian,Aqua Vitae Cologne Forte,70.0,125.0,100.0,AVAILABLE
jravitz,Legacy:291/Buys:4/Sales:266,Maison Francis Kurkdjian,Aqua Vitae EdT,70.0,125.0,100.0,AVAILABLE
jravitz,Legacy:291/Buys:4/Sales:266,Maison Francis Kurkdjian,Aqua Vitae Forte,70.0,155.0,100.0,AVAILABLE
jravitz,Legacy:291/Buys:4/Sales:266,Maison Francis Kurkdjian,Baccarat Rouge 540 EdP,200.0,405.0,100.0,AVAILABLE
jravitz,Legacy:291/Buys:4/Sales:266,Maison Francis Kurkdjian,Baccarat Rouge 540 Extrait,70.0,290.0,100.0,AVAILABLE
jravitz,Legacy:291/Buys:4/Sales:266,Maison Francis Kurkdjian,Baccarat Rouge 540 Extrait,70.0,249.0,98.0,AVAILABLE
jravitz,Legacy:291/Buys:4/Sales:266,Maison Francis Kurkdjian,Baccarat Rouge 540 Extrait,200.0,580.0,100.0,AVAILABLE
jravitz,Legacy:291/Buys:4/Sales:266,Maison Francis Kurkdjian,Feminine Pluriel EdP,70.0,160.0,100.0,AVAILABLE
jravitz,Legacy:291/Buys:4/Sales:266,Maison Francis Kurkdjian,Gentle Fluidity Gold,70.0,170.0,100.0,AVAILABLE
jravitz,Legacy:291/Buys:4/Sales:266,Maison Francis Kurkdjian,Gentle Fluidity Gold,200.0,315.0,100.0,AVAILABLE
jravitz,Legacy:291/Buys:4/Sales:266,Maison Francis Kurkdjian,Gentle Fluidity Silver,35.0,125.0,100.0,AVAILABLE
jravitz,Legacy:291/Buys:4/Sales:266,Maison Francis Kurkdjian,Oud EdP,70.0,165.0,100.0,AVAILABLE
jravitz,Legacy:291/Buys:4/Sales:266,Maison Francis Kurkdjian,Oud Silk Mood EdP,70.0,165.0,100.0,AVAILABLE
jravitz,Legacy:291/Buys:4/Sales:266,Maison Francis Kurkdjian,Oud Silk Mood Extrait,70.0,190.0,100.0,AVAILABLE
jravitz,Legacy:291/Buys:4/Sales:266,Maison Francis Kurkdjian,Petit Matin,200.0,300.0,100.0,AVAILABLE
jravitz,Legacy:291/Buys:4/Sales:266,Maison Francis Kurkdjian,Petit Matin,70.0,155.0,100.0,AVAILABLE
jravitz,Legacy:291/Buys:4/Sales:266,Mancera,Cedrat Boise Intense,120.0,85.0,100.0,LISTED
jravitz,Legacy:291/Buys:4/Sales:266,,Vanilla Powder,50.0,175.0,100.0,LISTED
jravitz,Legacy:291/Buys:4/Sales:266,,French Leather,75.0,115.0,100.0,LISTED
jravitz,Legacy:291/Buys:4/Sales:266,,Italian Leather,75.0,115.0,100.0,LISTED
jravitz,Legacy:291/Buys:4/Sales:266,,Lailabella,75.0,115.0,100.0,LISTED
jravitz,Legacy:291/Buys:4/Sales:266,,Marfa,75.0,115.0,100.0,LISTED
jravitz,Legacy:291/Buys:4/Sales:266,,Oriental Leather,75.0,115.0,100.0,LISTED
jravitz,Legacy:291/Buys:4/Sales:266,,As-Suli's Diamond,100.0,219.0,100.0,LISTED
jravitz,Legacy:291/Buys:4/Sales:266,,Blockade,100.0,219.0,100.0,LISTED
jravitz,Legacy:291/Buys:4/Sales:266,,Caissa,100.0,219.0,100.0,LISTED
jravitz,Legacy:291/Buys:4/Sales:266,,Double Attack,100.0,229.0,100.0,AVAILABLE
jravitz,Legacy:291/Buys:4/Sales:266,,Gambit,100.0,229.0,100.0,AVAILABLE
jravitz,Legacy:291/Buys:4/Sales:266,,Gambit,100.0,219.0,100.0,AVAILABLE
jravitz,Legacy:291/Buys:4/Sales:266,,Gardez,100.0,229.0,100.0,AVAILABLE
jravitz,Legacy:291/Buys:4/Sales:266,,Queening,100.0,229.0,100.0,AVAILABLE
jravitz,Legacy:291/Buys:4/Sales:266,,Ruy Lopez,100.0,219.0,100.0,AVAILABLE
jravitz,Legacy:291/Buys:4/Sales:266,,Scholar's Mate,100.0,219.0,100.0,AVAILABLE
jravitz,Legacy:291/Buys:4/Sales:266,,Ideal Oud,100.0,130.0,100.0,AVAILABLE
jravitz,Legacy:291/Buys:4/Sales:266,,Perfect Oud,100.0,130.0,100.0,AVAILABLE
jravitz,Legacy:291/Buys:4/Sales:266,Montale,Lucky Candy,100.0,150.0,100.0,AVAILABLE
jravitz,Legacy:291/Buys:4/Sales:266,,M.O.U.S.S.E.,50.0,110.0,99.0,LISTED
jravitz,Legacy:291/Buys:4/Sales:266,,Damask EdP,88.0,185.0,100.0,LISTED
jravitz,Legacy:291/Buys:4/Sales:266,,Levant,88.0,165.0,100.0,LISTED
jravitz,Legacy:291/Buys:4/Sales:266,,Ormonde Man Parfum,88.0,185.0,100.0,LISTED
jravitz,Legacy:291/Buys:4/Sales:266,,Tanger,88.0,165.0,100.0,LISTED
jravitz,Legacy:291/Buys:4/Sales:266,Penhaligon's,Elixir,100.0,225.0,90.0,LISTED
jravitz,Legacy:291/Buys:4/Sales:266,Penhaligon's,Petra,100.0,175.0,100.0,LISTED
jravitz,Legacy:291/Buys:4/Sales:266,Penhaligon's,Terrible Teddy,75.0,179.0,100.0,LISTED
jravitz,Legacy:291/Buys:4/Sales:266,,Angel's Share,9.0,40.0,70.0,LISTED
jravitz,Legacy:291/Buys:4/Sales:266,,Iced Juniper,75.0,125.0,95.0,LISTED
jravitz,Legacy:291/Buys:4/Sales:266,,Neroli,100.0,189.0,99.0,LISTED
jravitz,Legacy:291/Buys:4/Sales:266,,Creation-E Essence de Parfum,100.0,145.0,100.0,LISTED
jravitz,Legacy:291/Buys:4/Sales:266,,Elixir Essence Pour Femme,100.0,175.0,100.0,LISTED
jravitz,Legacy:291/Buys:4/Sales:266,,Qatar,50.0,319.0,99.0,LISTED
jravitz,Legacy:291/Buys:4/Sales:266,,Scandal Essence de Parfum,50.0,180.0,98.0,LISTED
jravitz,Legacy:291/Buys:4/Sales:266,,United Arab Emirates (UAE),50.0,250.0,100.0,LISTED
jravitz,Legacy:291/Buys:4/Sales:266,,Citrico,100.0,125.0,98.0,LISTED
jravitz,Legacy:291/Buys:4/Sales:266,,Deep Amber Ocean,100.0,129.0,100.0,LISTED
jravitz,Legacy:291/Buys:4/Sales:266,,Bahar,50.0,150.0,100.0,LISTED
jravitz,Legacy:291/Buys:4/Sales:266,,Rimal,50.0,150.0,100.0,LISTED
jravitz,Legacy:291/Buys:4/Sales:266,,Golden Wood Extrait,50.0,150.0,100.0,AVAILABLE
jravitz,Legacy:291/Buys:4/Sales:266,,Magnetic Wood Extrait,50.0,150.0,100.0,AVAILABLE
jravitz,Legacy:291/Buys:4/Sales:266,,Andromeda,100.0,125.0,100.0,AVAILABLE
jravitz,Legacy:291/Buys:4/Sales:266,,Attar Cas,13.0,200.0,100.0,AVAILABLE
jravitz,Legacy:291/Buys:4/Sales:266,,Draconis,100.0,125.0,100.0,AVAILABLE
jravitz,Legacy:291/Buys:4/Sales:266,Tom Ford,Beau de Jour,1000.0,750.0,100.0,AVAILABLE
jravitz,Legacy:291/Buys:4/Sales:266,Tom Ford,Ebene Fume,30.0,125.0,100.0,AVAILABLE
jravitz,Legacy:291/Buys:4/Sales:266,Tom Ford,Fougere Platine,1000.0,750.0,100.0,AVAILABLE
jravitz,Legacy:291/Buys:4/Sales:266,Tom Ford,Fucking Fabulous,50.0,185.0,100.0,AVAILABLE
jravitz,Legacy:291/Buys:4/Sales:266,Tom Ford,Plum Japonais,50.0,215.0,100.0,AVAILABLE
jravitz,Legacy:291/Buys:4/Sales:266,Tom Ford,Rose de Chine,50.0,135.0,100.0,AVAILABLE
jravitz,Legacy:291/Buys:4/Sales:266,Tom Ford,Soleil de Feu,50.0,175.0,100.0,AVAILABLE
jravitz,Legacy:291/Buys:4/Sales:266,Tom Ford,Soleil Neige,1000.0,650.0,100.0,AVAILABLE
jravitz,Legacy:291/Buys:4/Sales:266,Tom Ford,Tuscan Leather,50.0,165.0,100.0,AVAILABLE
jravitz,Legacy:291/Buys:4/Sales:266,Tom Ford,White Suede,1000.0,650.0,100.0,AVAILABLE
jravitz,Legacy:291/Buys:4/Sales:266,,Black Tie,100.0,125.0,95.0,AVAILABLE
jravitz,Legacy:291/Buys:4/Sales:266,Acqua di Parma,Buongiorno EdP,180.0,250.0,99.0,AVAILABLE
jravitz,Legacy:291/Buys:4/Sales:266,Acqua di Parma,Magnolia Nobile,100.0,95.0,100.0,AVAILABLE
jravitz,Legacy:291/Buys:4/Sales:266,Chanel,Bleu de Chanel - Aftershave Balm,100.0,55.0,99.0,AVAILABLE
jravitz,Legacy:291/Buys:4/Sales:266,Chanel,Bleu de Chanel - Aftershave Lotion,100.0,55.0,99.0,AVAILABLE
jravitz,Legacy:291/Buys:4/Sales:266,Chanel,Chance Eau Splendide,100.0,115.0,100.0,LISTED
jravitz,Legacy:291/Buys:4/Sales:266,Chanel,Coco EdT,100.0,70.0,99.0,LISTED
jravitz,Legacy:291/Buys:4/Sales:266,Chanel,Coco Mademoiselle - Moisturizing Body Lotion,200.0,55.0,99.0,LISTED
jravitz,Legacy:291/Buys:4/Sales:266,Chanel,Cristalle Eau Vert EdT Concentree,100.0,115.0,100.0,LISTED
jravitz,Legacy:291/Buys:4/Sales:266,Chanel,Cristalle EdP,50.0,115.0,95.0,LISTED
jravitz,Legacy:291/Buys:4/Sales:266,Chanel,Gabrielle EdP,100.0,95.0,100.0,LISTED
jravitz,Legacy:291/Buys:4/Sales:266,Chanel,Gabrielle EdP,100.0,100.0,100.0,LISTED
jravitz,Legacy:291/Buys:4/Sales:266,Chanel,No. 19 EdT,100.0,115.0,100.0,LISTED
jravitz,Legacy:291/Buys:4/Sales:266,Chanel,No. 5 Eau Premiere,100.0,95.0,100.0,LISTED
jravitz,Legacy:291/Buys:4/Sales:266,Chanel,No. 5 L'eau,100.0,95.0,100.0,LISTED
jravitz,Legacy:291/Buys:4/Sales:266,Christian Dior,Dior Homme Sport,125.0,115.0,100.0,AVAILABLE
jravitz,Legacy:291/Buys:4/Sales:266,,Lily of the Valley,100.0,65.0,100.0,AVAILABLE
jravitz,Legacy:291/Buys:4/Sales:266,Givenchy,Gentleman EdP Boisee,100.0,65.0,100.0,AVAILABLE
jravitz,Legacy:291/Buys:4/Sales:266,Gucci,Gucci Guilty Absolute,90.0,65.0,100.0,AVAILABLE
jravitz,Legacy:291/Buys:4/Sales:266,Jo Malone,Amber & Lavender,30.0,52.0,90.0,AVAILABLE
jravitz,Legacy:291/Buys:4/Sales:266,Jo Malone,English Oak & Redcurrant,30.0,49.0,80.0,AVAILABLE
jravitz,Legacy:291/Buys:4/Sales:266,Jo Malone,English Pear & Freesia,100.0,180.0,100.0,AVAILABLE
jravitz,Legacy:291/Buys:4/Sales:266,,Ombre Noire,100.0,70.0,100.0,AVAILABLE
jravitz,Legacy:291/Buys:4/Sales:266,Loewe,7 Anonimo,100.0,115.0,100.0,AVAILABLE
jravitz,Legacy:291/Buys:4/Sales:266,Loewe,7 EdT,100.0,90.0,100.0,AVAILABLE
jravitz,Legacy:291/Buys:4/Sales:266,Loewe,Aire Anthesis,100.0,90.0,100.0,AVAILABLE
jravitz,Legacy:291/Buys:4/Sales:266,Loewe,Essencia EdP,100.0,140.0,100.0,AVAILABLE
jravitz,Legacy:291/Buys:4/Sales:266,Loewe,Solo Ella,100.0,90.0,100.0,AVAILABLE
jravitz,Legacy:291/Buys:4/Sales:266,,Royal Eagle Silver,100.0,90.0,100.0,AVAILABLE
jravitz,Legacy:291/Buys:4/Sales:266,Mugler,A*MEN,100.0,75.0,99.0,AVAILABLE
jravitz,Legacy:291/Buys:4/Sales:266,Tom Ford,Oud Minerale,100.0,115.0,100.0,AVAILABLE
jravitz,Legacy:291/Buys:4/Sales:266,Amouage,Cristal,50.0,389.0,99.0,AVAILABLE
jravitz,Legacy:291/Buys:4/Sales:266,Amouage,Gold Ladies,50.0,389.0,99.0,AVAILABLE
jravitz,Legacy:291/Buys:4/Sales:266,,Santos EdT,100.0,299.0,100.0,AVAILABLE
jravitz,Legacy:291/Buys:4/Sales:266,Chanel,Bois Noir,250.0,750.0,50.0,AVAILABLE
jravitz,Legacy:291/Buys:4/Sales:266,Chanel,Egoiste Platinum,100.0,300.0,90.0,AVAILABLE
jravitz,Legacy:291/Buys:4/Sales:266,Chanel,Gardenia EdT,100.0,350.0,100.0,LISTED
jravitz,Legacy:291/Buys:4/Sales:266,Davidoff,Classic,125.0,279.0,99.0,LISTED
jravitz,Legacy:291/Buys:4/Sales:266,,Magnetism,50.0,175.0,99.0,LISTED
jravitz,Legacy:291/Buys:4/Sales:266,,Pour Homme Aftershave,125.0,240.0,100.0,LISTED
jravitz,Legacy:291/Buys:4/Sales:266,,Pour Homme Aftershave,75.0,165.0,100.0,LISTED
jravitz,Legacy:291/Buys:4/Sales:266,,Pink Grapefruit EdT,100.0,175.0,95.0,LISTED
jravitz,Legacy:291/Buys:4/Sales:266,,Zizanie,240.0,240.0,80.0,LISTED
jravitz,Legacy:291/Buys:4/Sales:266,,Ajaccio Violets,100.0,40.0,99.0,LISTED
jravitz,Legacy:291/Buys:4/Sales:266,Gucci,Envy Aftershave,100.0,215.0,100.0,LISTED
jravitz,Legacy:291/Buys:4/Sales:266,Gucci,Envy Aftershave,50.0,140.0,100.0,LISTED
jravitz,Legacy:291/Buys:4/Sales:266,Gucci,Rush for Men,50.0,190.0,100.0,AVAILABLE
jravitz,Legacy:291/Buys:4/Sales:266,Gucci,Rush for Men Aftershave,100.0,140.0,100.0,AVAILABLE
jravitz,Legacy:291/Buys:4/Sales:266,Lacoste,Eau de Sport Vivifiante,100.0,110.0,99.0,AVAILABLE
jravitz,Legacy:291/Buys:4/Sales:266,Lacoste,Land,100.0,130.0,99.0,AVAILABLE
jravitz,Legacy:291/Buys:4/Sales:266,,Fair Play Pour Homme,100.0,275.0,99.0,AVAILABLE
jravitz,Legacy:291/Buys:4/Sales:266,,Pour Homme Eau de Toilette Super Concentrate,60.0,190.0,99.0,AVAILABLE
jravitz,Legacy:291/Buys:4/Sales:266,,Pour Homme Eau de Toilette Super Concentrate,90.0,290.0,99.0,AVAILABLE
jravitz,Legacy:291/Buys:4/Sales:266,,Classic EdT,100.0,250.0,99.0,AVAILABLE
ObjectiveTrue3696,Legacy:0/Buys:32/Sales:59,,Roja Aoud parfum,100.0,245.0,100.0,AVAILABLE
ObjectiveTrue3696,Legacy:0/Buys:32/Sales:59,Aaron Terence Hughes,Slut,50.0,159.0,,SOLD
ObjectiveTrue3696,Legacy:0/Buys:32/Sales:59,Aaron Terence Hughes,Onyx,50.0,175.0,,SOLD
OutsideStrawberry609,Legacy:0/Buys:0/Sales:8,,Brivido Della Caccia,100.0,120.0,,LISTED
OutsideStrawberry609,Legacy:0/Buys:0/Sales:8,,Triumph of Bacchus,100.0,130.0,,SOLD
OutsideStrawberry609,Legacy:0/Buys:0/Sales:8,,Elysium Pour Homme Parfum,50.0,140.0,,SOLD
OutsideStrawberry609,Legacy:0/Buys:0/Sales:8,,Elysium Cologne,100.0,60.0,,LISTED
Strict_Inspector_585,Legacy:0/Buys:10/Sales:19,,,,150.0,92.5,LISTED
K1NGKHAN,Legacy:0/Buys:1/Sales:2,Jean Paul Gaultier,Le Male Parfum,74.0,50.0,95.0,SOLD
K1NGKHAN,Legacy:0/Buys:1/Sales:2,Jean Paul Gaultier,Le Male,40.0,15.0,95.0,SOLD
K1NGKHAN,Legacy:0/Buys:1/Sales:2,,Hawas,100.0,20.0,95.0,SOLD
K1NGKHAN,Legacy:0/Buys:1/Sales:2,,Midnight Hours,75.0,15.0,95.0,SOLD
K1NGKHAN,Legacy:0/Buys:1/Sales:2,Tom Ford,Oud Minerale Decant,20.0,30.0,,SOLD
K1NGKHAN,Legacy:0/Buys:1/Sales:2,Frederic Malle,Musc Ravageur,9.0,20.0,90.0,SOLD
K1NGKHAN,Legacy:0/Buys:1/Sales:2,MM,Lazy Sunday Morning,100.0,60.0,100.0,SOLD
K1NGKHAN,Legacy:0/Buys:1/Sales:2,MM,At the Barbers,30.0,30.0,95.0,SOLD
K1NGKHAN,Legacy:0/Buys:1/Sales:2,Acqua di Parma,Colonia Essenza,100.0,45.0,95.0,SOLD
K1NGKHAN,Legacy:0/Buys:1/Sales:2,Acqua di Parma,Fico di Amalfi,150.0,40.0,,SOLD
esesleepy17,Legacy:1/Buys:0/Sales:2,Creed,Silver Mountain Water,100.0,,100.0,SOLD
esesleepy17,Legacy:1/Buys:0/Sales:2,Yves Saint Laurent,Y EDP,100.0,,,SOLD
esesleepy17,Legacy:1/Buys:0/Sales:2,,Ranger Station 1992,50.0,,100.0,SOLD
St0nksG08rrr,Legacy:0/Buys:2/Sales:0,Parfums de Marly,Castley,125.0,,100.0,LISTED
St0nksG08rrr,Legacy:0/Buys:2/Sales:0,Tom Ford,Beau De Jour,100.0,,100.0,LISTED
St0nksG08rrr,Legacy:0/Buys:2/Sales:0,Tom Ford,Beau De Jour,100.0,,100.0,LISTED
St0nksG08rrr,Legacy:0/Buys:2/Sales:0,Amouage,Interlude Black Iris,,,99.0,LISTED
pillowbrains,nan,Penhaligon's,Endymion,100.0,160.0,100.0,AVAILABLE
pillowbrains,nan,Penhaligon's,Endymion concentree,100.0,199.0,100.0,AVAILABLE
pillowbrains,nan,,Toy Boy,100.0,30.0,99.0,AVAILABLE
pillowbrains,nan,,CDNIM,100.0,20.0,99.0,AVAILABLE
DanielFromNigeria,nan,Coach,Coach for Men,60.0,40.0,92.0,AVAILABLE
DanielFromNigeria,nan,Armaf,Club De Nuit Intense,105.0,25.0,98.0,AVAILABLE
DanielFromNigeria,nan,,Halloween X,75.0,25.0,87.0,AVAILABLE
DanielFromNigeria,nan,Afnan,9PM,100.0,20.0,60.0,AVAILABLE
DanielFromNigeria,nan,,Hawas,100.0,35.0,70.0,AVAILABLE
DanielFromNigeria,nan,Parfums de Marly,Pegasus,125.0,205.0,96.0,AVAILABLE
DanielFromNigeria,nan,,Dylan Blue,100.0,55.0,90.0,AVAILABLE
DanielFromNigeria,nan,,1 Million Elixir,200.0,140.0,93.0,AVAILABLE
DanielFromNigeria,nan,,Bright Peach,80.0,25.0,94.0,AVAILABLE
DanielFromNigeria,nan,Yves Saint Laurent,Y EDP,100.0,115.0,85.0,AVAILABLE
DanielFromNigeria,nan,,Eros,100.0,65.0,90.0,AVAILABLE
DanielFromNigeria,nan,Dolce & Gabbana,Light Blue Intense,100.0,60.0,90.0,AVAILABLE
DanielFromNigeria,nan,Xerjoff,Decas,100.0,170.0,98.0,AVAILABLE
DanielFromNigeria,nan,Jean Paul Gaultier,Le Beau EDT,125.0,90.0,,AVAILABLE
DanielFromNigeria,nan,Xerjoff,Erba Pura,100.0,160.0,80.0,AVAILABLE
DanielFromNigeria,nan,Azzaro,The Most Wanted Parfum,100.0,90.0,85.0,AVAILABLE
3ClassiC,Legacy:0/Buys:1/Sales:4,Tom Ford,Ombre Leather,50.0,55.0,80.0,SOLD
FM_AA,Legacy:0/Buys:0/Sales:22,Maison Francis Kurkdjian,Aqua Universalis Cologne Forte,,160.0,,LISTED
FM_AA,Legacy:0/Buys:0/Sales:22,Frederic Malle,Lipstick Rose,100.0,150.0,,LISTED
FM_AA,Legacy:0/Buys:0/Sales:22,Montale,Aoud Leather,100.0,55.0,,LISTED
FM_AA,Legacy:0/Buys:0/Sales:22,By Kilian,Good Girl Gone Bad Icon Set (includes 50mL bottle and travel atomizer case),50.0,160.0,,LISTED
FM_AA,Legacy:0/Buys:0/Sales:22,Tom Ford,Rose Prick,50.0,135.0,,LISTED
FM_AA,Legacy:0/Buys:0/Sales:22,Tom Ford,Oud Wood,50.0,115.0,,LISTED
Mindless-Guava-5819,Legacy:0/Buys:0/Sales:71,Kilian,Random Kilian (unknown),,,99.0,LISTED
Mindless-Guava-5819,Legacy:0/Buys:0/Sales:71,,Elizabeth James Nirvana For Her Black EDP,100.0,30.0,99.0,LISTED
Mindless-Guava-5819,Legacy:0/Buys:0/Sales:71,Dior,Addict,100.0,50.0,99.0,LISTED
Mindless-Guava-5819,Legacy:0/Buys:0/Sales:71,,Clean Reserve Radiant Nectar,100.0,30.0,99.0,LISTED
Mindless-Guava-5819,Legacy:0/Buys:0/Sales:71,,"Heures D'Absence (Tester, no atomizer/no cap)",100.0,20.0,0.0,LISTED
Mindless-Guava-5819,Legacy:0/Buys:0/Sales:71,Bath & Body Works,Sport,100.0,20.0,99.0,LISTED
Mindless-Guava-5819,Legacy:0/Buys:0/Sales:71,,Skylar Lime Sands,50.0,25.0,,AVAILABLE
Mindless-Guava-5819,Legacy:0/Buys:0/Sales:71,,Skylar Peach Fields,50.0,25.0,,AVAILABLE
Mindless-Guava-5819,Legacy:0/Buys:0/Sales:71,,JLove EDP (Tester),50.0,15.0,,AVAILABLE
Mindless-Guava-5819,Legacy:0/Buys:0/Sales:71,,JLove EDP (Tester),50.0,15.0,,AVAILABLE
Mindless-Guava-5819,Legacy:0/Buys:0/Sales:71,,5 Sens Burn for You,30.0,20.0,,AVAILABLE
ihavezeroanswersbro,Legacy:0/Buys:0/Sales:13,,Sugar leather,100.0,156.0,,AVAILABLE
ihavezeroanswersbro,Legacy:0/Buys:0/Sales:13,Nishane,Nanshe,50.0,,60.0,SOLD
ihavezeroanswersbro,Legacy:0/Buys:0/Sales:13,Nishane,Ambra Calabria,50.0,,45.0,SOLD
ihavezeroanswersbro,Legacy:0/Buys:0/Sales:13,Nishane,B-612,50.0,,30.0,SOLD
ihavezeroanswersbro,Legacy:0/Buys:0/Sales:13,Nishane,Fan Your Flames X,50.0,,10.0,SOLD
ihavezeroanswersbro,Legacy:0/Buys:0/Sales:13,Nishane,Sultan Vetiver,50.0,,75.0,SOLD
Tennisgeek314,Legacy:0/Buys:9/Sales:6,Jean Paul Gaultier,Scandal Pour Homme Le Parfum,50.0,55.0,99.0,AVAILABLE
hburt1313,Legacy:0/Buys:0/Sales:11,,,100.0,120.0,99.0,LISTED
Dry-Breakfast128,nan,,Pacific chill,100.0,320.0,95.0,LISTED
Dry-Breakfast128,nan,Dior,Sauvage,59.15,80.0,95.0,LISTED
Dry-Breakfast128,nan,Giorgio Armani,ADG Profondo Parfum,47.32,70.0,98.0,LISTED
Professional-Fix4459,Legacy:0/Buys:1/Sales:0,Creed,Aventus,99.0,190.0,,AVAILABLE
Professional-Fix4459,Legacy:0/Buys:1/Sales:0,,SMW,99.0,200.0,85.0,AVAILABLE
Professional-Fix4459,Legacy:0/Buys:1/Sales:0,,The Noir,101.0,150.0,,SOLD
PecansNPies,Legacy:0/Buys:4/Sales:7,Yves Saint Laurent,MYSLF Le Parfum,60.0,62.0,,LISTED
SCENSE-Aroma,Legacy:0/Buys:0/Sales:64,Maison Francis Kurkdjian,Oud Satin Mood,,,,LISTED
SCENSE-Aroma,Legacy:0/Buys:0/Sales:64,Maison Francis Kurkdjian,Baccarat Rouge 540,,,,LISTED
SCENSE-Aroma,Legacy:0/Buys:0/Sales:64,Maison Francis Kurkdjian,Baccarat Rouge 540 Extrait,,,,LISTED
SCENSE-Aroma,Legacy:0/Buys:0/Sales:64,Louis Vuitton,Limmensite,,,,LISTED
SCENSE-Aroma,Legacy:0/Buys:0/Sales:64,Creed,Aventus,,,,LISTED
SCENSE-Aroma,Legacy:0/Buys:0/Sales:64,Creed,Green Irish Tweed,,,,LISTED
SCENSE-Aroma,Legacy:0/Buys:0/Sales:64,Creed,Royal Oud,,,,LISTED
SCENSE-Aroma,Legacy:0/Buys:0/Sales:64,Creed,Millesime Imperial,,,,AVAILABLE
SCENSE-Aroma,Legacy:0/Buys:0/Sales:64,Creed,Silver Mountain Water,,,,AVAILABLE
SCENSE-Aroma,Legacy:0/Buys:0/Sales:64,Creed,Original Vetiver,,,,AVAILABLE
SCENSE-Aroma,Legacy:0/Buys:0/Sales:64,Creed,Virgin Island water,,,,AVAILABLE
SCENSE-Aroma,Legacy:0/Buys:0/Sales:64,Le Labo,Another 13,,,,AVAILABLE
SCENSE-Aroma,Legacy:0/Buys:0/Sales:64,Le Labo,Bergamote 22,,,,AVAILABLE
SCENSE-Aroma,Legacy:0/Buys:0/Sales:64,Parfums de Marly,Oajan,,,,AVAILABLE
SCENSE-Aroma,Legacy:0/Buys:0/Sales:64,Parfums de Marly,Layton Exclusif,,,,AVAILABLE
SCENSE-Aroma,Legacy:0/Buys:0/Sales:64,Parfums de Marly,Carlisle,,,,AVAILABLE
SCENSE-Aroma,Legacy:0/Buys:0/Sales:64,Parfums de Marly,Delina,,,,AVAILABLE
SCENSE-Aroma,Legacy:0/Buys:0/Sales:64,Parfums de Marly,Delina Exclusif,,,,AVAILABLE
SCENSE-Aroma,Legacy:0/Buys:0/Sales:64,Parfums de Marly,Pegasus Exclusif,,,,AVAILABLE
SCENSE-Aroma,Legacy:0/Buys:0/Sales:64,Parfums de Marly,Pegasus,,,,AVAILABLE
SCENSE-Aroma,Legacy:0/Buys:0/Sales:64,Parfums de Marly,Haltane,,,,AVAILABLE
SCENSE-Aroma,Legacy:0/Buys:0/Sales:64,Parfums de Marly,Greenly,,,,AVAILABLE
SCENSE-Aroma,Legacy:0/Buys:0/Sales:64,Parfums de Marly,Percival,,,,AVAILABLE
SCENSE-Aroma,Legacy:0/Buys:0/Sales:64,Kilian,Black Phantom,,,,AVAILABLE
SCENSE-Aroma,Legacy:0/Buys:0/Sales:64,Kilian,Angels Share,,,,AVAILABLE
SCENSE-Aroma,Legacy:0/Buys:0/Sales:64,Kilian,Apple Brandy on the Rocks,,,,AVAILABLE
SCENSE-Aroma,Legacy:0/Buys:0/Sales:64,Tom Ford,Tuscan Leather,,,,AVAILABLE
SCENSE-Aroma,Legacy:0/Buys:0/Sales:64,Tom Ford,Ombre Leather,,,,LISTED
SCENSE-Aroma,Legacy:0/Buys:0/Sales:64,Giorgio Armani,Acqua di Gio,,,,LISTED
SCENSE-Aroma,Legacy:0/Buys:0/Sales:64,Giorgio Armani,Black,,,,LISTED
SCENSE-Aroma,Legacy:0/Buys:0/Sales:64,Giorgio Armani,Code Parfum,,,,LISTED
SCENSE-Aroma,Legacy:0/Buys:0/Sales:64,Giorgio Armani,Code Absolu,,,,LISTED
SCENSE-Aroma,Legacy:0/Buys:0/Sales:64,Giorgio Armani,Acqua di Gio Absolu,,,,LISTED
SCENSE-Aroma,Legacy:0/Buys:0/Sales:64,Giorgio Armani,Acqua di Gioia (Women),,,,LISTED
SCENSE-Aroma,Legacy:0/Buys:0/Sales:64,Azzaro,Most Wanted Parfum,,,,LISTED
SCENSE-Aroma,Legacy:0/Buys:0/Sales:64,Bvlgari,Tygar,,,,LISTED
SCENSE-Aroma,Legacy:0/Buys:0/Sales:64,Carolina Herrera,Bad Boy Cobalt Parfum Electrique,,,,LISTED
SCENSE-Aroma,Legacy:0/Buys:0/Sales:64,Carolina Herrera,Bad boy Extreme,,,,AVAILABLE
SCENSE-Aroma,Legacy:0/Buys:0/Sales:64,Carolina Herrera,Good Girl,,,,AVAILABLE
SCENSE-Aroma,Legacy:0/Buys:0/Sales:64,Chanel,Coco M.,,,,AVAILABLE
SCENSE-Aroma,Legacy:0/Buys:0/Sales:64,Chanel,Coco Noir,,,,AVAILABLE
SCENSE-Aroma,Legacy:0/Buys:0/Sales:64,Diptyque,L’Ombre Dans L’Eau EDT,,,,AVAILABLE
SCENSE-Aroma,Legacy:0/Buys:0/Sales:64,Diptyque,Oud Palao,,,,AVAILABLE
SCENSE-Aroma,Legacy:0/Buys:0/Sales:64,Diptyque,TAM DAO,,,,AVAILABLE
SCENSE-Aroma,Legacy:0/Buys:0/Sales:64,Dior,Absolutely Blooming,,,,AVAILABLE
SCENSE-Aroma,Legacy:0/Buys:0/Sales:64,Dolce & Gabbana,Light Blue,,,,AVAILABLE
SCENSE-Aroma,Legacy:0/Buys:0/Sales:64,,Intense Leather,,,,AVAILABLE
SCENSE-Aroma,Legacy:0/Buys:0/Sales:64,Frederic Malle,Portrait of a Lady,,,,AVAILABLE
SCENSE-Aroma,Legacy:0/Buys:0/Sales:64,Gucci,Guilty,,,,AVAILABLE
SCENSE-Aroma,Legacy:0/Buys:0/Sales:64,Initio,Oud for greatness,,,,AVAILABLE
SCENSE-Aroma,Legacy:0/Buys:0/Sales:64,Initio,Oud for happiness,,,,AVAILABLE
SCENSE-Aroma,Legacy:0/Buys:0/Sales:64,Initio,Rehab,,,,AVAILABLE
SCENSE-Aroma,Legacy:0/Buys:0/Sales:64,Initio,Side Effect,,,,AVAILABLE
SCENSE-Aroma,Legacy:0/Buys:0/Sales:64,Mancera,Intense Cedrat Boise,,,,AVAILABLE
SCENSE-Aroma,Legacy:0/Buys:0/Sales:64,Valentino,Donna Born in Roma,,,,AVAILABLE
SCENSE-Aroma,Legacy:0/Buys:0/Sales:64,Valentino,Donna Born in Roma intense,,,,AVAILABLE
SCENSE-Aroma,Legacy:0/Buys:0/Sales:64,Valentino,Uomo Born in Roma intense,,,,AVAILABLE
SCENSE-Aroma,Legacy:0/Buys:0/Sales:64,,Orchid leather,,,,LISTED
SCENSE-Aroma,Legacy:0/Buys:0/Sales:64,Xerjoff,Naxos,,,,LISTED
SCENSE-Aroma,Legacy:0/Buys:0/Sales:64,Yves Saint Laurent,La Nuit de Homme,,,,LISTED
SCENSE-Aroma,Legacy:0/Buys:0/Sales:64,Yves Saint Laurent,Y EDP,,,,LISTED
SCENSE-Aroma,Legacy:0/Buys:0/Sales:64,Yves Saint Laurent,Black opium,,,,LISTED
SCENSE-Aroma,Legacy:0/Buys:0/Sales:64,Yves Saint Laurent,Libre,,,,LISTED
SCENSE-Aroma,Legacy:0/Buys:0/Sales:64,,Refill bottle only,30.0,25.99,,AVAILABLE
lhca22,Legacy:0/Buys:16/Sales:60,Loewe,7 Cobalt,100.0,80.0,85.0,SOLD
lhca22,Legacy:0/Buys:16/Sales:60,,Mycelium in Chestnut,75.0,130.0,,SOLD
MrGreatKing,Legacy:4/Buys:4/Sales:14,,Purnama Extrait,30.0,75.0,,LISTED
MrGreatKing,Legacy:4/Buys:4/Sales:14,,Purnama Attar,,75.0,,LISTED
DiabloSauceTB,Legacy:7/Buys:32/Sales:34,By Kilian,Angels Share,100.0,240.0,,SOLD
DiabloSauceTB,Legacy:7/Buys:32/Sales:34,,Vanilla Diorama,125.0,270.0,,SOLD
RVinnyT,Legacy:0/Buys:77/Sales:92,Nishane,Ani,,,,LISTED
RVinnyT,Legacy:0/Buys:77/Sales:92,Nishane,Ani X,,,,LISTED
RVinnyT,Legacy:0/Buys:77/Sales:92,Diptyque,Ilios,,,,LISTED
RVinnyT,Legacy:0/Buys:77/Sales:92,Diptyque,Fleur de Peau,,,,LISTED
RVinnyT,Legacy:0/Buys:77/Sales:92,Diptyque,Eau Rose EDP,,,,LISTED
RVinnyT,Legacy:0/Buys:77/Sales:92,Amouage,Interlude Black Iris,,,,LISTED
RVinnyT,Legacy:0/Buys:77/Sales:92,Initio,Narcotic Delight,,,,LISTED
UniqueTennis9351,nan,MM,Jazz Club,100.0,75.0,95.0,AVAILABLE
UniqueTennis9351,nan,,Jean Lowe Immortel,100.0,20.0,95.0,AVAILABLE
UniqueTennis9351,nan,Zara,Somewoody (Alexandria II clone),100.0,20.0,95.0,AVAILABLE
UniqueTennis9351,nan,,Maison Alhambra Hercules (Herod clone),100.0,20.0,95.0,AVAILABLE
sylvester992,nan,Guerlain,Iris Pallida Extrait 6,10.0,437.5,100.0,LISTED
sylvester992,nan,Guerlain,Bergamote Fantastico Extrait 11,10.0,437.5,100.0,LISTED
sylvester992,nan,Guerlain,Jasmin Grandiflorum Extrait 30,10.0,437.5,100.0,LISTED
sylvester992,nan,Guerlain,Tonka Sarrapia Extrait 75,10.0,437.5,100.0,LISTED
sylvester992,nan,Guerlain,Vanille Planifolia Extrait 21,10.0,437.5,100.0,LISTED
sylvester992,nan,Guerlain,Rose Centifolia Extrait 1,10.0,437.5,100.0,LISTED
InternalPast5260,Legacy:0/Buys:4/Sales:0,Giorgio Armani,Acqua Di Gio Profondo Parfum,100.0,85.0,95.0,AVAILABLE
wy83,Legacy:47/Buys:113/Sales:92,Chanel,Bois des Iles Parfum,15.0,160.0,90.0,AVAILABLE
wy83,Legacy:47/Buys:113/Sales:92,Chanel,Gardenia,200.0,210.0,50.0,AVAILABLE
wy83,Legacy:47/Buys:113/Sales:92,Chanel,Sycomore,200.0,300.0,85.0,AVAILABLE
wy83,Legacy:47/Buys:113/Sales:92,Christian Dior,Privee 7.5ml mini bottle collection,7.5,190.0,100.0,AVAILABLE
wy83,Legacy:47/Buys:113/Sales:92,,Menace,50.0,45.0,85.0,AVAILABLE
wy83,Legacy:47/Buys:113/Sales:92,Le Labo,Jasmin 17,100.0,275.0,95.0,AVAILABLE
wy83,Legacy:47/Buys:113/Sales:92,Le Labo,Santal 33 (pre-reformulation),100.0,225.0,90.0,AVAILABLE
wy83,Legacy:47/Buys:113/Sales:92,,Seminalis,50.0,80.0,80.0,AVAILABLE
wy83,Legacy:47/Buys:113/Sales:92,Tom Ford,Eau de Soleil Blanc (2018),50.0,75.0,80.0,AVAILABLE
wy83,Legacy:47/Buys:113/Sales:92,Tom Ford,Velvet Orchid,50.0,70.0,90.0,AVAILABLE
wy83,Legacy:47/Buys:113/Sales:92,Xerjoff,Richwood,100.0,390.0,100.0,AVAILABLE
wy83,Legacy:47/Buys:113/Sales:92,Yves Saint Laurent,La Nuit de l'Homme Frozen Cologne,100.0,190.0,90.0,AVAILABLE
wy83,Legacy:47/Buys:113/Sales:92,Yves Saint Laurent,Caban (white label),125.0,225.0,95.0,LISTED
wy83,Legacy:47/Buys:113/Sales:92,Acqua di Parma,Fico di Amalfi,75.0,50.0,75.0,SOLD
wy83,Legacy:47/Buys:113/Sales:92,Byredo,De Los Santos,50.0,70.0,70.0,SOLD
wy83,Legacy:47/Buys:113/Sales:92,,Zelen,100.0,325.0,85.0,SOLD
wy83,Legacy:47/Buys:113/Sales:92,,Black Tie,100.0,210.0,95.0,SOLD
wy83,Legacy:47/Buys:113/Sales:92,Diptyque,Eau Rose EDT,100.0,115.0,90.0,SOLD
wy83,Legacy:47/Buys:113/Sales:92,Guerlain,Neroli Outrenoir,200.0,460.0,100.0,SOLD
wy83,Legacy:47/Buys:113/Sales:92,Hermès,Vetiver Tonka,100.0,70.0,30.0,SOLD
wy83,Legacy:47/Buys:113/Sales:92,Kilian,Bamboo Harmony,50.0,115.0,90.0,SOLD
wy83,Legacy:47/Buys:113/Sales:92,Maison Francis Kurkdjian,Amyris Homme,70.0,120.0,85.0,SOLD
wy83,Legacy:47/Buys:113/Sales:92,Maison Francis Kurkdjian,Aqua Universalis EDT,70.0,85.0,80.0,SOLD
wy83,Legacy:47/Buys:113/Sales:92,Tom Ford,Lost Cherry,100.0,90.0,40.0,SOLD
wy83,Legacy:47/Buys:113/Sales:92,,Monstera,50.0,175.0,90.0,SOLD
wy83,Legacy:47/Buys:113/Sales:92,Yves Saint Laurent,Tuxedo,125.0,215.0,85.0,SOLD
jaime_lyn_80,Legacy:0/Buys:0/Sales:5,,,,55.0,,SOLD
Electrical_Yam670,Legacy:0/Buys:5/Sales:9,Aaron Terence Hughes,Hard Candy,50.0,210.0,99.0,AVAILABLE
Electrical_Yam670,Legacy:0/Buys:5/Sales:9,,Blockade Mind Games,100.0,200.0,99.0,AVAILABLE
Electrical_Yam670,Legacy:0/Buys:5/Sales:9,Tom Ford,Oud Wood,50.0,140.0,99.0,AVAILABLE
Electrical_Yam670,Legacy:0/Buys:5/Sales:9,,Luminous Ghost Patek Maison Extrait de Parfum,100.0,110.0,99.0,SOLD
Electrical_Yam670,Legacy:0/Buys:5/Sales:9,Valentino,Born In Roma Uomo Rendez-Vous Ivory,100.0,140.0,,SOLD
figofimg,Legacy:0/Buys:17/Sales:72,Maison Francis Kurkdjian,Amyris Homme,70.0,115.0,86.0,SOLD
sarbin0w,Legacy:0/Buys:56/Sales:471,,,100.0,445.0,,LISTED
Visible_Outcome_3213,Legacy:0/Buys:18/Sales:31,,Mind Games Queening,,,,SOLD
Visible_Outcome_3213,Legacy:0/Buys:18/Sales:31,Bond No 9,Nomad,,,,SOLD
Visible_Outcome_3213,Legacy:0/Buys:18/Sales:31,Bond No 9,Lafayette St,,,,SOLD
Visible_Outcome_3213,Legacy:0/Buys:18/Sales:31,Bond No 9,NY Nights,,,,SOLD
Visible_Outcome_3213,Legacy:0/Buys:18/Sales:31,,Argos,,,,SOLD
Visible_Outcome_3213,Legacy:0/Buys:18/Sales:31,Xerjoff,Starlight,,,,SOLD
Visible_Outcome_3213,Legacy:0/Buys:18/Sales:31,Xerjoff,Cruz Del Sur II,,,,SOLD
Visible_Outcome_3213,Legacy:0/Buys:18/Sales:31,Xerjoff,Erba Pura,,,,SOLD
lefty9206,Legacy:0/Buys:26/Sales:16,Giorgio Armani,Aqua Di Gio,100.0,80.0,98.0,SOLD
lefty9206,Legacy:0/Buys:26/Sales:16,,Invictus Platinum,200.0,75.0,99.5,AVAILABLE
lefty9206,Legacy:0/Buys:26/Sales:16,,Hawas Ice,,50.0,,SOLD
lefty9206,Legacy:0/Buys:26/Sales:16,,Jean Lowe Immortal,,50.0,,SOLD
lefty9206,Legacy:0/Buys:26/Sales:16,,FW Imperium,,50.0,,SOLD
lonelyphantom69,Legacy:0/Buys:9/Sales:31,Louis Vuitton,Imagination (invisible straw),100.0,270.0,,SOLD
lonelyphantom69,Legacy:0/Buys:9/Sales:31,,Mind Games Gambit,100.0,170.0,,SOLD
lonelyphantom69,Legacy:0/Buys:9/Sales:31,Le Labo,The Matcha 26,50.0,140.0,,SOLD
lonelyphantom69,Legacy:0/Buys:9/Sales:31,,Encre Noir,,10.0,100.0,AVAILABLE
ParsleyObvious2428,Legacy:0/Buys:1/Sales:86,,Bois talisman,100.0,220.0,,LISTED
ParsleyObvious2428,Legacy:0/Buys:1/Sales:86,Dior,Gris dior,250.0,300.0,,LISTED
Powerful-Bus-2694,nan,,,4.0,30.0,,AVAILABLE
mrkreef256,Legacy:3/Buys:1/Sales:3,,,50.3,145.0,100.0,SOLD
greenfrootl00p,nan,,,237.0,25.0,62.0,AVAILABLE
greenfrootl00p,nan,,Love Osmanthus,98.0,50.0,,AVAILABLE
greenfrootl00p,nan,,Poeme D'Azar,59.0,30.0,,AVAILABLE
greenfrootl00p,nan,Bath & Body Works,Together Weather,74.0,5.0,,AVAILABLE
greenfrootl00p,nan,Bath & Body Works,Vampire Blood,74.0,5.0,,AVAILABLE
ClaraGuerreroFan,Legacy:7/Buys:8/Sales:1,,Molecule 02,100.0,43.0,50.0,SOLD
ClaraGuerreroFan,Legacy:7/Buys:8/Sales:1,Chanel,Bleu de Chanel EDP,10.0,14.0,,SOLD
ClaraGuerreroFan,Legacy:7/Buys:8/Sales:1,Chanel,Bleu de Chanel EDP,9.0,13.0,,SOLD
ClaraGuerreroFan,Legacy:7/Buys:8/Sales:1,,Black Panther,12.0,10.0,,AVAILABLE
ClaraGuerreroFan,Legacy:7/Buys:8/Sales:1,Versace,Eros EDT,100.0,12.0,10.0,AVAILABLE
ClaraGuerreroFan,Legacy:7/Buys:8/Sales:1,Bvlgari,Tygar,3.5,10.0,,SOLD
ClaraGuerreroFan,Legacy:7/Buys:8/Sales:1,Prada,Ocean EDP,2.5,5.0,,AVAILABLE
ClaraGuerreroFan,Legacy:7/Buys:8/Sales:1,Hermès,Terre de Hermes,3.5,4.0,,AVAILABLE
ZestycloseProperty33,Legacy:0/Buys:0/Sales:1,,2025 Release Leather Flanker,,90.0,,AVAILABLE
_moonSine_,nan,BDK Parfums,,100.0,200.0,,LISTED
LigmaNutzNChill,MODERATOR,,,,105.0,,AVAILABLE
Sad_Collection_6246,Legacy:0/Buys:0/Sales:31,,Jo Milano Game of Spades King Parfum (Xerjoff Urba Pura dupe),100.0,50.0,99.0,LISTED
hburt1313,Legacy:0/Buys:0/Sales:11,,,100.0,100.0,97.0,LISTED
190593,Legacy:0/Buys:0/Sales:71,Amouage,Reflection 45,100.0,320.0,100.0,AVAILABLE
190593,Legacy:0/Buys:0/Sales:71,Amouage,Epic 56 Extrait de Parfum,100.0,245.0,100.0,AVAILABLE
190593,Legacy:0/Buys:0/Sales:71,Amouage,Epic Men,100.0,160.0,100.0,AVAILABLE
190593,Legacy:0/Buys:0/Sales:71,Amouage,Honour Gift Set (1x100ml bottle + 1x10ml Honour 43 extrait de parfum travel spray),,210.0,100.0,AVAILABLE
190593,Legacy:0/Buys:0/Sales:71,Amouage,Interlude 53,100.0,240.0,100.0,AVAILABLE
190593,Legacy:0/Buys:0/Sales:71,Amouage,Interlude Black Iris,100.0,165.0,100.0,AVAILABLE
190593,Legacy:0/Buys:0/Sales:71,Amouage,Impadia,100.0,210.0,100.0,AVAILABLE
190593,Legacy:0/Buys:0/Sales:71,,Rouge Smoking Extrait,100.0,220.0,100.0,AVAILABLE
190593,Legacy:0/Buys:0/Sales:71,,Bodacious,100.0,270.0,100.0,AVAILABLE
190593,Legacy:0/Buys:0/Sales:71,,Blue Sapphire,100.0,460.0,100.0,AVAILABLE
190593,Legacy:0/Buys:0/Sales:71,,Green Sapphire,100.0,430.0,100.0,AVAILABLE
190593,Legacy:0/Buys:0/Sales:71,Amouage,Hanuman,100.0,590.0,100.0,AVAILABLE
190593,Legacy:0/Buys:0/Sales:71,,Tobacco Sapphire,100.0,450.0,100.0,AVAILABLE
190593,Legacy:0/Buys:0/Sales:71,,Oud Sapphire,100.0,410.0,100.0,AVAILABLE
190593,Legacy:0/Buys:0/Sales:71,,Imperial,100.0,170.0,100.0,AVAILABLE
190593,Legacy:0/Buys:0/Sales:71,Bond No 9,New York Nights,100.0,242.0,100.0,AVAILABLE
190593,Legacy:0/Buys:0/Sales:71,Bond No 9,Greenwich Village,100.0,210.0,100.0,AVAILABLE
190593,Legacy:0/Buys:0/Sales:71,Bond No 9,Lafayette Street,100.0,260.0,100.0,AVAILABLE
190593,Legacy:0/Buys:0/Sales:71,Byredo,Blanche Absolu de Parfum,100.0,275.0,100.0,AVAILABLE
190593,Legacy:0/Buys:0/Sales:71,Chanel,1932,200.0,300.0,100.0,AVAILABLE
190593,Legacy:0/Buys:0/Sales:71,Chanel,Beige,200.0,450.0,100.0,AVAILABLE
190593,Legacy:0/Buys:0/Sales:71,Chanel,Bois De Iles,75.0,200.0,100.0,AVAILABLE
190593,Legacy:0/Buys:0/Sales:71,Chanel,Chance Eau Fraiche,150.0,120.0,100.0,AVAILABLE
190593,Legacy:0/Buys:0/Sales:71,Chanel,Eau De Cologne,200.0,300.0,100.0,AVAILABLE
190593,Legacy:0/Buys:0/Sales:71,,Paris Paris,125.0,100.0,100.0,AVAILABLE
190593,Legacy:0/Buys:0/Sales:71,Creed,Absolu Aventus 2025,100.0,340.0,100.0,AVAILABLE
190593,Legacy:0/Buys:0/Sales:71,Creed,Absolu Aventus 2025,50.0,240.0,100.0,AVAILABLE
190593,Legacy:0/Buys:0/Sales:71,Creed,Absolu Aventus,75.0,275.0,100.0,AVAILABLE
190593,Legacy:0/Buys:0/Sales:71,Creed,Acqua Florentina (New Packaging),75.0,220.0,100.0,AVAILABLE
190593,Legacy:0/Buys:0/Sales:71,Creed,Aventus for Her,75.0,175.0,100.0,AVAILABLE
190593,Legacy:0/Buys:0/Sales:71,Creed,Aventus Cologne,100.0,245.0,100.0,AVAILABLE
190593,Legacy:0/Buys:0/Sales:71,Creed,Aventus Cologne,50.0,170.0,100.0,AVAILABLE
190593,Legacy:0/Buys:0/Sales:71,Creed,Aventus Cologne,100.0,190.0,100.0,AVAILABLE
190593,Legacy:0/Buys:0/Sales:71,Creed,Aventus For Him,100.0,255.0,100.0,AVAILABLE
190593,Legacy:0/Buys:0/Sales:71,Creed,Aventus For Him (Tester no cap),100.0,195.0,100.0,AVAILABLE
190593,Legacy:0/Buys:0/Sales:71,Creed,Bois Du Portugal,100.0,230.0,100.0,AVAILABLE
190593,Legacy:0/Buys:0/Sales:71,Creed,Bois Du Portugal (Tester no cap),100.0,185.0,100.0,AVAILABLE
190593,Legacy:0/Buys:0/Sales:71,,Carmina (Tester with cap),75.0,205.0,100.0,AVAILABLE
190593,Legacy:0/Buys:0/Sales:71,Parfums de Marly,Centaurus,100.0,260.0,100.0,AVAILABLE
190593,Legacy:0/Buys:0/Sales:71,Parfums de Marly,Centaurus (Tester with cap),100.0,205.0,100.0,AVAILABLE
190593,Legacy:0/Buys:0/Sales:71,,Delphinus,100.0,260.0,100.0,AVAILABLE
190593,Legacy:0/Buys:0/Sales:71,,Eladaria,75.0,265.0,100.0,AVAILABLE
190593,Legacy:0/Buys:0/Sales:71,Creed,Green Irish Tweed (New Packaging),100.0,220.0,100.0,AVAILABLE
190593,Legacy:0/Buys:0/Sales:71,Creed,Green Irish Tweed,100.0,165.0,,AVAILABLE
190593,Legacy:0/Buys:0/Sales:71,Creed,Himalaya,100.0,160.0,,AVAILABLE
190593,Legacy:0/Buys:0/Sales:71,,Love In Black 21T01,75.0,170.0,,AVAILABLE
190593,Legacy:0/Buys:0/Sales:71,Creed,Love in White,75.0,210.0,,AVAILABLE
190593,Legacy:0/Buys:0/Sales:71,Creed,Love in White (New Packaging),75.0,220.0,,AVAILABLE
190593,Legacy:0/Buys:0/Sales:71,Creed,Millesime Imperial,100.0,180.0,,AVAILABLE
190593,Legacy:0/Buys:0/Sales:71,Creed,Millesime Imperial,100.0,220.0,,AVAILABLE
190593,Legacy:0/Buys:0/Sales:71,Creed,Original Santal,100.0,172.0,,AVAILABLE
190593,Legacy:0/Buys:0/Sales:71,Creed,Original Vetiver,100.0,160.0,,AVAILABLE
190593,Legacy:0/Buys:0/Sales:71,,Queen of Silk,75.0,230.0,,AVAILABLE
190593,Legacy:0/Buys:0/Sales:71,,Queen of Silk,75.0,190.0,100.0,AVAILABLE
190593,Legacy:0/Buys:0/Sales:71,Creed,Virgin Island Water,100.0,230.0,100.0,AVAILABLE
190593,Legacy:0/Buys:0/Sales:71,Creed,Viking,100.0,230.0,100.0,AVAILABLE
190593,Legacy:0/Buys:0/Sales:71,Creed,Viking,100.0,180.0,100.0,AVAILABLE
190593,Legacy:0/Buys:0/Sales:71,Creed,Viking Cologne,100.0,200.0,100.0,AVAILABLE
190593,Legacy:0/Buys:0/Sales:71,Creed,Silver Mountain Water,100.0,180.0,100.0,AVAILABLE
190593,Legacy:0/Buys:0/Sales:71,,Japanese Whiskey,150.0,320.0,100.0,AVAILABLE
190593,Legacy:0/Buys:0/Sales:71,,Sakura Snow,50.0,140.0,100.0,AVAILABLE
190593,Legacy:0/Buys:0/Sales:71,,Straberry Mochi,50.0,140.0,100.0,AVAILABLE
190593,Legacy:0/Buys:0/Sales:71,,Kimono,50.0,140.0,100.0,AVAILABLE
190593,Legacy:0/Buys:0/Sales:71,,Matcha Soft Serve,50.0,140.0,100.0,AVAILABLE
190593,Legacy:0/Buys:0/Sales:71,,Monsoon Tea,50.0,140.0,100.0,AVAILABLE
190593,Legacy:0/Buys:0/Sales:71,,Vietnamese Coffee,50.0,140.0,100.0,AVAILABLE
190593,Legacy:0/Buys:0/Sales:71,,White Rice,50.0,140.0,100.0,AVAILABLE
190593,Legacy:0/Buys:0/Sales:71,Diptyque,DoSon EDP,75.0,165.0,100.0,AVAILABLE
190593,Legacy:0/Buys:0/Sales:71,Diptyque,TamDao EDP,75.0,165.0,100.0,AVAILABLE
190593,Legacy:0/Buys:0/Sales:71,Diptyque,Philosykos EDT,100.0,150.0,100.0,AVAILABLE
190593,Legacy:0/Buys:0/Sales:71,Diptyque,Aomak,100.0,255.0,100.0,AVAILABLE
190593,Legacy:0/Buys:0/Sales:71,Diptyque,Fire At Will,100.0,150.0,100.0,AVAILABLE
190593,Legacy:0/Buys:0/Sales:71,,Remember Me,100.0,130.0,100.0,AVAILABLE
190593,Legacy:0/Buys:0/Sales:71,,Private Label,100.0,140.0,100.0,AVAILABLE
190593,Legacy:0/Buys:0/Sales:71,,Psychedelique,100.0,140.0,100.0,AVAILABLE
190593,Legacy:0/Buys:0/Sales:71,,Pavillon Rogue,100.0,130.0,100.0,AVAILABLE
190593,Legacy:0/Buys:0/Sales:71,,Rouge Assassin,100.0,130.0,100.0,AVAILABLE
190593,Legacy:0/Buys:0/Sales:71,,Musc Pallas,100.0,135.0,100.0,AVAILABLE
190593,Legacy:0/Buys:0/Sales:71,By Kilian,Camelia K,100.0,225.0,100.0,AVAILABLE
190593,Legacy:0/Buys:0/Sales:71,By Kilian,Orchid K,100.0,225.0,100.0,AVAILABLE
190593,Legacy:0/Buys:0/Sales:71,By Kilian,Orchid K (Tester with Cap),100.0,180.0,100.0,AVAILABLE
190593,Legacy:0/Buys:0/Sales:71,,Ghibli,100.0,225.0,100.0,AVAILABLE
190593,Legacy:0/Buys:0/Sales:71,,Pluie Sur Halong,100.0,230.0,100.0,LISTED
190593,Legacy:0/Buys:0/Sales:71,,Musc K,100.0,225.0,100.0,LISTED
190593,Legacy:0/Buys:0/Sales:71,Parfums de Marly,Bois Imperial Extrait,30.0,125.0,100.0,LISTED
190593,Legacy:0/Buys:0/Sales:71,Mancera,Patchouli Mania,100.0,78.0,100.0,LISTED
190593,Legacy:0/Buys:0/Sales:71,Mancera,Patchouli Mania,100.0,65.0,100.0,LISTED
190593,Legacy:0/Buys:0/Sales:71,Mancera,Divine Vanille,100.0,78.0,100.0,LISTED
190593,Legacy:0/Buys:0/Sales:71,Mancera,Divine Vanille,100.0,65.0,100.0,LISTED
190593,Legacy:0/Buys:0/Sales:71,,Mon Vetiver,100.0,70.0,100.0,LISTED
190593,Legacy:0/Buys:0/Sales:71,,Lovers,100.0,270.0,100.0,LISTED
190593,Legacy:0/Buys:0/Sales:71,,Sirene,100.0,240.0,100.0,LISTED
190593,Legacy:0/Buys:0/Sales:71,,Bohemian Lime,100.0,120.0,100.0,AVAILABLE
190593,Legacy:0/Buys:0/Sales:71,,Bianco Latte,100.0,110.0,100.0,AVAILABLE
190593,Legacy:0/Buys:0/Sales:71,,Bianco Oro,100.0,110.0,100.0,AVAILABLE
190593,Legacy:0/Buys:0/Sales:71,,Bianco Oro (Tester with cap),100.0,100.0,100.0,AVAILABLE
190593,Legacy:0/Buys:0/Sales:71,Acqua di Parma,Colonia Noble,100.0,110.0,100.0,AVAILABLE
190593,Legacy:0/Buys:0/Sales:71,Acqua di Parma,Colonia Noble (Tester with cap),100.0,100.0,100.0,AVAILABLE
190593,Legacy:0/Buys:0/Sales:71,Initio,Absolute Aphrodisiac,90.0,200.0,100.0,AVAILABLE
190593,Legacy:0/Buys:0/Sales:71,Initio,Musk Therapy,90.0,235.0,100.0,AVAILABLE
190593,Legacy:0/Buys:0/Sales:71,Initio,Narcotic Delight,90.0,190.0,100.0,AVAILABLE
190593,Legacy:0/Buys:0/Sales:71,,Narcotic Delight,90.0,160.0,,AVAILABLE
190593,Legacy:0/Buys:0/Sales:71,,Oud for Greatness,90.0,205.0,100.0,AVAILABLE
190593,Legacy:0/Buys:0/Sales:71,,Oud for Greatness Neo,90.0,195.0,100.0,AVAILABLE
190593,Legacy:0/Buys:0/Sales:71,,Oud for Happiness,90.0,210.0,100.0,AVAILABLE
190593,Legacy:0/Buys:0/Sales:71,,Oud for Happiness (Tester with cap),90.0,185.0,,AVAILABLE
190593,Legacy:0/Buys:0/Sales:71,,Rehab (Tester with cap),90.0,160.0,,AVAILABLE
190593,Legacy:0/Buys:0/Sales:71,,Paragon,90.0,220.0,100.0,AVAILABLE
190593,Legacy:0/Buys:0/Sales:71,,Power Self,90.0,250.0,100.0,AVAILABLE
190593,Legacy:0/Buys:0/Sales:71,,Psychedelic Love,90.0,195.0,100.0,AVAILABLE
190593,Legacy:0/Buys:0/Sales:71,Byredo,Wood Sage & Sea Salt Cologne,100.0,125.0,100.0,AVAILABLE
190593,Legacy:0/Buys:0/Sales:71,Byredo,English Pear & Freesia Cologne,100.0,125.0,100.0,AVAILABLE
190593,Legacy:0/Buys:0/Sales:71,Byredo,Aican,100.0,200.0,100.0,AVAILABLE
190593,Legacy:0/Buys:0/Sales:71,Byredo,Aican (Tester with Cap),100.0,195.0,100.0,AVAILABLE
190593,Legacy:0/Buys:0/Sales:71,Byredo,Kolada,100.0,195.0,100.0,AVAILABLE
190593,Legacy:0/Buys:0/Sales:71,Kilian,Black Phantom,50.0,210.0,100.0,AVAILABLE
190593,Legacy:0/Buys:0/Sales:71,Kilian,Angels' Share,100.0,270.0,100.0,AVAILABLE
190593,Legacy:0/Buys:0/Sales:71,Kilian,Angels' Share,50.0,180.0,100.0,AVAILABLE
190593,Legacy:0/Buys:0/Sales:71,Kilian,Angels' Share Paradis,50.0,330.0,100.0,AVAILABLE
190593,Legacy:0/Buys:0/Sales:71,,Que Chimba,50.0,145.0,,AVAILABLE
190593,Legacy:0/Buys:0/Sales:71,,Speachless,50.0,155.0,,AVAILABLE
190593,Legacy:0/Buys:0/Sales:71,,Summer Hammer,50.0,150.0,,AVAILABLE
190593,Legacy:0/Buys:0/Sales:71,,Van Sea,50.0,150.0,,AVAILABLE
190593,Legacy:0/Buys:0/Sales:71,Louis Vuitton,Apogee,100.0,200.0,,AVAILABLE
190593,Legacy:0/Buys:0/Sales:71,Louis Vuitton,Dans la Peau,100.0,200.0,,AVAILABLE
190593,Legacy:0/Buys:0/Sales:71,Louis Vuitton,Étoile Filante,100.0,200.0,,AVAILABLE
190593,Legacy:0/Buys:0/Sales:71,Louis Vuitton,Le Jour Se Lève,100.0,200.0,,AVAILABLE
190593,Legacy:0/Buys:0/Sales:71,Louis Vuitton,Mille Feux,100.0,200.0,,AVAILABLE
190593,Legacy:0/Buys:0/Sales:71,,Nuit De Feu,100.0,240.0,,AVAILABLE
190593,Legacy:0/Buys:0/Sales:71,,GnTonic,100.0,145.0,,AVAILABLE
190593,Legacy:0/Buys:0/Sales:71,,GnTonic,100.0,160.0,,AVAILABLE
190593,Legacy:0/Buys:0/Sales:71,,Oud Maracuja,50.0,290.0,,AVAILABLE
190593,Legacy:0/Buys:0/Sales:71,,Oud Maracuja,100.0,390.0,,AVAILABLE
190593,Legacy:0/Buys:0/Sales:71,,Oud Stallion,50.0,235.0,,AVAILABLE
190593,Legacy:0/Buys:0/Sales:71,,Oud Stallion,100.0,350.0,,AVAILABLE
190593,Legacy:0/Buys:0/Sales:71,,Hibiscus Mahajad,100.0,395.0,,AVAILABLE
190593,Legacy:0/Buys:0/Sales:71,,Tuberuse Astrale,100.0,385.0,,AVAILABLE
190593,Legacy:0/Buys:0/Sales:71,,Tuberuse Astrale,50.0,240.0,,AVAILABLE
190593,Legacy:0/Buys:0/Sales:71,Maison Francis Kurkdjian,724,70.0,220.0,,AVAILABLE
190593,Legacy:0/Buys:0/Sales:71,Maison Francis Kurkdjian,724,200.0,380.0,,AVAILABLE
190593,Legacy:0/Buys:0/Sales:71,Maison Francis Kurkdjian,A La Rose,70.0,210.0,,AVAILABLE
190593,Legacy:0/Buys:0/Sales:71,Maison Francis Kurkdjian,540 EDP,200.0,420.0,,AVAILABLE
190593,Legacy:0/Buys:0/Sales:71,Maison Francis Kurkdjian,540 Extrait,200.0,680.0,,AVAILABLE
190593,Legacy:0/Buys:0/Sales:71,Maison Francis Kurkdjian,Apom,35.0,120.0,,AVAILABLE
190593,Legacy:0/Buys:0/Sales:71,Maison Francis Kurkdjian,Apom,70.0,205.0,,AVAILABLE
190593,Legacy:0/Buys:0/Sales:71,Maison Francis Kurkdjian,Aqua Vitae Cologne Forte,70.0,170.0,,AVAILABLE
190593,Legacy:0/Buys:0/Sales:71,Maison Francis Kurkdjian,Oud Satin Mood,200.0,480.0,,AVAILABLE
190593,Legacy:0/Buys:0/Sales:71,,Kurky,70.0,235.0,100.0,LISTED
190593,Legacy:0/Buys:0/Sales:71,,Peche Velours,100.0,185.0,100.0,LISTED
190593,Legacy:0/Buys:0/Sales:71,,Printemps Blanc,100.0,185.0,100.0,LISTED
190593,Legacy:0/Buys:0/Sales:71,,Vanilla Powder,50.0,150.0,100.0,LISTED
190593,Legacy:0/Buys:0/Sales:71,,Crystal Saffrion Extrait de Parfum,100.0,330.0,100.0,LISTED
190593,Legacy:0/Buys:0/Sales:71,,Radical Rose Extrait de Parfum,100.0,330.0,100.0,LISTED
190593,Legacy:0/Buys:0/Sales:71,,Radical Rose Extrait de Parfum Tester with Cap,100.0,300.0,100.0,LISTED
190593,Legacy:0/Buys:0/Sales:71,,Irish Leather Tester no cap,75.0,95.0,,LISTED
190593,Legacy:0/Buys:0/Sales:71,,Counterplay,100.0,250.0,100.0,LISTED
190593,Legacy:0/Buys:0/Sales:71,,Lionora,100.0,250.0,100.0,LISTED
190593,Legacy:0/Buys:0/Sales:71,,Queening,100.0,250.0,100.0,AVAILABLE
190593,Legacy:0/Buys:0/Sales:71,,Queening,100.0,210.0,100.0,AVAILABLE
190593,Legacy:0/Buys:0/Sales:71,,Blockade,100.0,250.0,100.0,AVAILABLE
190593,Legacy:0/Buys:0/Sales:71,,Castling,100.0,250.0,100.0,AVAILABLE
190593,Legacy:0/Buys:0/Sales:71,,Caissa,100.0,250.0,100.0,AVAILABLE
190593,Legacy:0/Buys:0/Sales:71,,As-Suli's Diamond,100.0,220.0,100.0,AVAILABLE
190593,Legacy:0/Buys:0/Sales:71,,Opera Mate,100.0,250.0,100.0,AVAILABLE
190593,Legacy:0/Buys:0/Sales:71,,Prodigy,100.0,300.0,100.0,AVAILABLE
190593,Legacy:0/Buys:0/Sales:71,,Mentor,100.0,300.0,100.0,AVAILABLE
190593,Legacy:0/Buys:0/Sales:71,,French Defense,100.0,210.0,100.0,AVAILABLE
190593,Legacy:0/Buys:0/Sales:71,,Gambit,100.0,250.0,100.0,AVAILABLE
190593,Legacy:0/Buys:0/Sales:71,,J'Adoube,100.0,250.0,100.0,AVAILABLE
190593,Legacy:0/Buys:0/Sales:71,,Double Attack,100.0,250.0,100.0,AVAILABLE
190593,Legacy:0/Buys:0/Sales:71,,Checkmate,100.0,250.0,100.0,AVAILABLE
190593,Legacy:0/Buys:0/Sales:71,Nishane,Fan your flames,100.0,160.0,100.0,AVAILABLE
190593,Legacy:0/Buys:0/Sales:71,Nishane,Hacivat,100.0,175.0,100.0,AVAILABLE
190593,Legacy:0/Buys:0/Sales:71,Nishane,Hacivat X,100.0,170.0,100.0,AVAILABLE
190593,Legacy:0/Buys:0/Sales:71,Nishane,Hacivat X,100.0,155.0,100.0,AVAILABLE
190593,Legacy:0/Buys:0/Sales:71,Nishane,Hundred silent ways X,100.0,175.0,100.0,AVAILABLE
190593,Legacy:0/Buys:0/Sales:71,,Hundred silent ways X,100.0,155.0,,AVAILABLE
190593,Legacy:0/Buys:0/Sales:71,,Mana,50.0,270.0,,AVAILABLE
190593,Legacy:0/Buys:0/Sales:71,,Wulong Cha,100.0,150.0,,AVAILABLE
190593,Legacy:0/Buys:0/Sales:71,,Megamare,50.0,140.0,,AVAILABLE
190593,Legacy:0/Buys:0/Sales:71,,Risvelium,50.0,150.0,,AVAILABLE
190593,Legacy:0/Buys:0/Sales:71,,Bergamask,50.0,145.0,,AVAILABLE
190593,Legacy:0/Buys:0/Sales:71,Parfums de Marly,Athalia,75.0,180.0,,AVAILABLE
190593,Legacy:0/Buys:0/Sales:71,Parfums de Marly,Althair,125.0,220.0,,AVAILABLE
190593,Legacy:0/Buys:0/Sales:71,Parfums de Marly,Althair,125.0,200.0,,AVAILABLE
190593,Legacy:0/Buys:0/Sales:71,Parfums de Marly,Castley,125.0,260.0,100.0,AVAILABLE
190593,Legacy:0/Buys:0/Sales:71,Parfums de Marly,Castley,75.0,200.0,100.0,AVAILABLE
190593,Legacy:0/Buys:0/Sales:71,Parfums de Marly,Cassili,75.0,225.0,100.0,AVAILABLE
190593,Legacy:0/Buys:0/Sales:71,Parfums de Marly,Carlisle,125.0,215.0,100.0,AVAILABLE
190593,Legacy:0/Buys:0/Sales:71,Parfums de Marly,Carlisle (Tester with cap),125.0,190.0,,AVAILABLE
190593,Legacy:0/Buys:0/Sales:71,Parfums de Marly,Darcy,75.0,175.0,100.0,AVAILABLE
190593,Legacy:0/Buys:0/Sales:71,Parfums de Marly,Delina (Tester with cap),75.0,185.0,,AVAILABLE
190593,Legacy:0/Buys:0/Sales:71,Parfums de Marly,Delina La Rosee,30.0,145.0,100.0,AVAILABLE
190593,Legacy:0/Buys:0/Sales:71,Parfums de Marly,Delina La Rosee,75.0,200.0,100.0,AVAILABLE
190593,Legacy:0/Buys:0/Sales:71,Parfums de Marly,Delina La Rosee (Tester with cap),75.0,180.0,,AVAILABLE
190593,Legacy:0/Buys:0/Sales:71,Parfums de Marly,Delina Exclusif,75.0,190.0,,AVAILABLE
190593,Legacy:0/Buys:0/Sales:71,Parfums de Marly,Greenley,125.0,235.0,,AVAILABLE
190593,Legacy:0/Buys:0/Sales:71,Parfums de Marly,Godolphin,125.0,135.0,,AVAILABLE
190593,Legacy:0/Buys:0/Sales:71,Parfums de Marly,Herod,125.0,175.0,,AVAILABLE
190593,Legacy:0/Buys:0/Sales:71,,Habdan,125.0,215.0,,AVAILABLE
190593,Legacy:0/Buys:0/Sales:71,,Habdan,125.0,185.0,,AVAILABLE
190593,Legacy:0/Buys:0/Sales:71,Parfums de Marly,Layton,125.0,180.0,,AVAILABLE
190593,Legacy:0/Buys:0/Sales:71,Parfums de Marly,Layton,200.0,255.0,,AVAILABLE
190593,Legacy:0/Buys:0/Sales:71,Parfums de Marly,Layton Exclusif,75.0,140.0,,AVAILABLE
190593,Legacy:0/Buys:0/Sales:71,Parfums de Marly,Layton Exclusif,125.0,190.0,,AVAILABLE
190593,Legacy:0/Buys:0/Sales:71,Parfums de Marly,Meliora,75.0,230.0,100.0,AVAILABLE
190593,Legacy:0/Buys:0/Sales:71,Parfums de Marly,Palatine,75.0,230.0,100.0,AVAILABLE
190593,Legacy:0/Buys:0/Sales:71,Parfums de Marly,Palatine,75.0,255.0,100.0,AVAILABLE
190593,Legacy:0/Buys:0/Sales:71,Parfums de Marly,Percival,125.0,180.0,100.0,AVAILABLE
190593,Legacy:0/Buys:0/Sales:71,Parfums de Marly,Pegasus,75.0,140.0,100.0,AVAILABLE
190593,Legacy:0/Buys:0/Sales:71,Parfums de Marly,Pegasus,125.0,180.0,100.0,AVAILABLE
190593,Legacy:0/Buys:0/Sales:71,Parfums de Marly,Pegasus,125.0,160.0,100.0,AVAILABLE
190593,Legacy:0/Buys:0/Sales:71,Parfums de Marly,Pegasus Exclusif,125.0,210.0,100.0,AVAILABLE
190593,Legacy:0/Buys:0/Sales:71,Parfums de Marly,Pegasus Exclusif,125.0,185.0,100.0,AVAILABLE
190593,Legacy:0/Buys:0/Sales:71,Parfums de Marly,Perseus,75.0,178.0,100.0,AVAILABLE
190593,Legacy:0/Buys:0/Sales:71,Parfums de Marly,Perseus,125.0,170.0,,AVAILABLE
190593,Legacy:0/Buys:0/Sales:71,Parfums de Marly,Sedley,125.0,180.0,,AVAILABLE
190593,Legacy:0/Buys:0/Sales:71,Parfums de Marly,Oriana,30.0,145.0,,AVAILABLE
190593,Legacy:0/Buys:0/Sales:71,Parfums de Marly,Oriana,75.0,240.0,,AVAILABLE
190593,Legacy:0/Buys:0/Sales:71,Parfums de Marly,Oajan,125.0,200.0,,AVAILABLE
190593,Legacy:0/Buys:0/Sales:71,Parfums de Marly,Valaya Exclusif,30.0,200.0,,AVAILABLE
190593,Legacy:0/Buys:0/Sales:71,Parfums de Marly,Valaya Exclusif,75.0,270.0,,AVAILABLE
190593,Legacy:0/Buys:0/Sales:71,Penhaligon's,The Inimitable William Penhaligon,75.0,175.0,,AVAILABLE
190593,Legacy:0/Buys:0/Sales:71,Penhaligon's,The Revenge Of Lady Blanche,75.0,175.0,,AVAILABLE
190593,Legacy:0/Buys:0/Sales:71,Penhaligon's,The Tragedy of Lord George,75.0,205.0,,AVAILABLE
190593,Legacy:0/Buys:0/Sales:71,,The Tragedy of Lord George,75.0,190.0,,AVAILABLE
190593,Legacy:0/Buys:0/Sales:71,,Sacred Water Parfum,50.0,199.0,,AVAILABLE
190593,Legacy:0/Buys:0/Sales:71,Tom Ford,Myrrhe Mystere,50.0,175.0,,AVAILABLE
190593,Legacy:0/Buys:0/Sales:71,Tom Ford,Amber Absolute,50.0,300.0,,AVAILABLE
190593,Legacy:0/Buys:0/Sales:71,Tom Ford,Arabian Wood,50.0,300.0,,AVAILABLE
190593,Legacy:0/Buys:0/Sales:71,Tom Ford,Black Lacquer,50.0,290.0,,AVAILABLE
190593,Legacy:0/Buys:0/Sales:71,Tom Ford,Bois Marocain,50.0,120.0,,AVAILABLE
190593,Legacy:0/Buys:0/Sales:71,Tom Ford,Cherry Smoke,50.0,260.0,,AVAILABLE
190593,Legacy:0/Buys:0/Sales:71,Tom Ford,Champaca Absolute,50.0,350.0,,AVAILABLE
190593,Legacy:0/Buys:0/Sales:71,Tom Ford,Costa Azzurra EDP,100.0,130.0,,AVAILABLE
190593,Legacy:0/Buys:0/Sales:71,Tom Ford,Fabulous,100.0,360.0,,AVAILABLE
190593,Legacy:0/Buys:0/Sales:71,Tom Ford,Fleur De Portofino,50.0,150.0,,AVAILABLE
190593,Legacy:0/Buys:0/Sales:71,Tom Ford,Jasmin Rouge,50.0,140.0,,AVAILABLE
190593,Legacy:0/Buys:0/Sales:71,Tom Ford,Lost Cherry,50.0,260.0,,AVAILABLE
190593,Legacy:0/Buys:0/Sales:71,Tom Ford,Lost Cherry,50.0,179.0,,AVAILABLE
190593,Legacy:0/Buys:0/Sales:71,Tom Ford,Lost Cherry Set Limited Edition,50.0,290.0,,AVAILABLE
190593,Legacy:0/Buys:0/Sales:71,Tom Ford,Lost Cherry Set Limited Edition,10.0,290.0,,AVAILABLE
190593,Legacy:0/Buys:0/Sales:71,,Rive D Ambre,50.0,300.0,,AVAILABLE
190593,Legacy:0/Buys:0/Sales:71,Tom Ford,Rose D Amalfi,50.0,120.0,,AVAILABLE
190593,Legacy:0/Buys:0/Sales:71,Tom Ford,Rose Prick,50.0,180.0,,AVAILABLE
190593,Legacy:0/Buys:0/Sales:71,,Soleil Neige,30.0,90.0,100.0,AVAILABLE
190593,Legacy:0/Buys:0/Sales:71,Tom Ford,Soleil Blanc,50.0,135.0,100.0,AVAILABLE
190593,Legacy:0/Buys:0/Sales:71,,Vanilla Sex,50.0,260.0,100.0,AVAILABLE
190593,Legacy:0/Buys:0/Sales:71,,Vanilla Sex,50.0,190.0,100.0,AVAILABLE
190593,Legacy:0/Buys:0/Sales:71,Tom Ford,Oud Wood,50.0,160.0,100.0,AVAILABLE
190593,Legacy:0/Buys:0/Sales:71,Tom Ford,Oud Wood,10.0,160.0,100.0,AVAILABLE
190593,Legacy:0/Buys:0/Sales:71,Tom Ford,Ombre Leather Parfums,100.0,160.0,100.0,AVAILABLE
190593,Legacy:0/Buys:0/Sales:71,,Ahlam,30.0,220.0,100.0,AVAILABLE
190593,Legacy:0/Buys:0/Sales:71,Montale,Amber Aoud,50.0,270.0,100.0,AVAILABLE
190593,Legacy:0/Buys:0/Sales:71,Montale,Amber Aoud,100.0,390.0,100.0,AVAILABLE
190593,Legacy:0/Buys:0/Sales:71,Montale,Aoud Crystal,100.0,250.0,,AVAILABLE
190593,Legacy:0/Buys:0/Sales:71,,Apex Parfum,50.0,190.0,100.0,AVAILABLE
190593,Legacy:0/Buys:0/Sales:71,,Burlington 1819,100.0,240.0,100.0,AVAILABLE
190593,Legacy:0/Buys:0/Sales:71,,Bergdorf Goodman Limited Edition,100.0,900.0,100.0,AVAILABLE
190593,Legacy:0/Buys:0/Sales:71,,Diaghalev,100.0,550.0,100.0,AVAILABLE
190593,Legacy:0/Buys:0/Sales:71,,Elysium Pour Homme,100.0,160.0,100.0,AVAILABLE
190593,Legacy:0/Buys:0/Sales:71,,Elysium Parfums Pour Homme,50.0,230.0,100.0,AVAILABLE
190593,Legacy:0/Buys:0/Sales:71,,Elysium Pour Femme,75.0,165.0,100.0,AVAILABLE
190593,Legacy:0/Buys:0/Sales:71,,Enigma Pour Femme,50.0,200.0,100.0,AVAILABLE
190593,Legacy:0/Buys:0/Sales:71,,Enslaved Parfum Vintage,50.0,300.0,100.0,AVAILABLE
190593,Legacy:0/Buys:0/Sales:71,,Gardenia Vintage,50.0,300.0,100.0,AVAILABLE
190593,Legacy:0/Buys:0/Sales:71,Xerjoff,Isola Blu,50.0,230.0,100.0,AVAILABLE
190593,Legacy:0/Buys:0/Sales:71,,Midsummer Dream,100.0,190.0,100.0,AVAILABLE
190593,Legacy:0/Buys:0/Sales:71,,Neroli Vintage,50.0,350.0,100.0,AVAILABLE
190593,Legacy:0/Buys:0/Sales:71,,Oceania,100.0,170.0,100.0,AVAILABLE
190593,Legacy:0/Buys:0/Sales:71,Jean Paul Gaultier,Scandal Parfum Vintage,50.0,300.0,100.0,AVAILABLE
190593,Legacy:0/Buys:0/Sales:71,Jean Paul Gaultier,Scandal Pour Homme,50.0,230.0,100.0,AVAILABLE
190593,Legacy:0/Buys:0/Sales:71,Jean Paul Gaultier,Scandal Pour Homme Vintage,100.0,550.0,100.0,AVAILABLE
190593,Legacy:0/Buys:0/Sales:71,,Sweetie Aoud,100.0,350.0,100.0,AVAILABLE
190593,Legacy:0/Buys:0/Sales:71,,Taif Aoud,100.0,350.0,100.0,AVAILABLE
190593,Legacy:0/Buys:0/Sales:71,Guerlain,Vetiver,50.0,180.0,100.0,AVAILABLE
190593,Legacy:0/Buys:0/Sales:71,,Sonic Flower,100.0,130.0,,AVAILABLE
190593,Legacy:0/Buys:0/Sales:71,,Jasmin Freak,100.0,130.0,,AVAILABLE
190593,Legacy:0/Buys:0/Sales:71,,Plum Cognac Vintage 2024,75.0,195.0,,AVAILABLE
190593,Legacy:0/Buys:0/Sales:71,Serge Lutens,Chergui,100.0,90.0,,AVAILABLE
190593,Legacy:0/Buys:0/Sales:71,Serge Lutens,La fille de Berlin,100.0,90.0,,AVAILABLE
190593,Legacy:0/Buys:0/Sales:71,Serge Lutens,Mallow Parfum,50.0,180.0,,AVAILABLE
190593,Legacy:0/Buys:0/Sales:71,Serge Lutens,Mandorle Parfum,50.0,180.0,,AVAILABLE
190593,Legacy:0/Buys:0/Sales:71,Serge Lutens,Jany Parfum,50.0,180.0,,AVAILABLE
190593,Legacy:0/Buys:0/Sales:71,Xerjoff,Crying of Evil,50.0,195.0,,AVAILABLE
190593,Legacy:0/Buys:0/Sales:71,Xerjoff,Lady White Snake,50.0,195.0,,AVAILABLE
190593,Legacy:0/Buys:0/Sales:71,Xerjoff,Lady White Snake (Tester with cap),50.0,150.0,,AVAILABLE
190593,Legacy:0/Buys:0/Sales:71,Xerjoff,Mortal Skin,50.0,195.0,,AVAILABLE
190593,Legacy:0/Buys:0/Sales:71,Xerjoff,God of Fire,50.0,190.0,,AVAILABLE
190593,Legacy:0/Buys:0/Sales:71,Xerjoff,God of Fire (Tester with cap),50.0,180.0,,AVAILABLE
190593,Legacy:0/Buys:0/Sales:71,Xerjoff,Khol de Bahrein,50.0,232.0,,AVAILABLE
190593,Legacy:0/Buys:0/Sales:71,Xerjoff,Soleil de Jeddah Mango Kiss,50.0,232.0,,AVAILABLE
190593,Legacy:0/Buys:0/Sales:71,Xerjoff,Soleil de Jeddah Mango Kiss (Tester with cap),50.0,183.0,,AVAILABLE
190593,Legacy:0/Buys:0/Sales:71,Xerjoff,Soleil de Jeddah L'Orginial,50.0,232.0,,AVAILABLE
190593,Legacy:0/Buys:0/Sales:71,,Sea My Love,50.0,180.0,,AVAILABLE
190593,Legacy:0/Buys:0/Sales:71,,Sea My Love,50.0,210.0,100.0,AVAILABLE
190593,Legacy:0/Buys:0/Sales:71,,Prima Donna,100.0,180.0,100.0,AVAILABLE
190593,Legacy:0/Buys:0/Sales:71,,Leisure in Paradise,100.0,145.0,100.0,AVAILABLE
190593,Legacy:0/Buys:0/Sales:71,Xerjoff,Dama Bianca,100.0,165.0,100.0,AVAILABLE
190593,Legacy:0/Buys:0/Sales:71,Xerjoff,Ebra Gold,100.0,200.0,100.0,AVAILABLE
190593,Legacy:0/Buys:0/Sales:71,Xerjoff,Ebra Gold,100.0,180.0,,AVAILABLE
190593,Legacy:0/Buys:0/Sales:71,Xerjoff,Erba Pura,100.0,175.0,100.0,AVAILABLE
190593,Legacy:0/Buys:0/Sales:71,Xerjoff,Lira,100.0,155.0,100.0,AVAILABLE
190593,Legacy:0/Buys:0/Sales:71,,Lua vintage,100.0,300.0,100.0,AVAILABLE
190593,Legacy:0/Buys:0/Sales:71,Xerjoff,Naxos,100.0,175.0,100.0,AVAILABLE
190593,Legacy:0/Buys:0/Sales:71,,More than Words,100.0,165.0,100.0,AVAILABLE
190593,Legacy:0/Buys:0/Sales:71,,Torino 22,50.0,145.0,100.0,AVAILABLE
190593,Legacy:0/Buys:0/Sales:71,,Torino 23,50.0,125.0,100.0,AVAILABLE
190593,Legacy:0/Buys:0/Sales:71,,Torino 24,50.0,165.0,100.0,AVAILABLE
190593,Legacy:0/Buys:0/Sales:71,,Tony Iommi Monkey,50.0,165.0,100.0,AVAILABLE
190593,Legacy:0/Buys:0/Sales:71,Yves Saint Laurent,Libre EDP (Gift Set),50.0,105.0,100.0,AVAILABLE
Potential_Board6445,Legacy:0/Buys:30/Sales:12,,Saint Remy,50.0,65.0,,AVAILABLE
Potential_Board6445,Legacy:0/Buys:30/Sales:12,Clive Christian,1872,50.0,135.0,,AVAILABLE
Potential_Board6445,Legacy:0/Buys:30/Sales:12,Montale,Infinty,100.0,65.0,,AVAILABLE
FaintParadox,Legacy:0/Buys:24/Sales:57,Creed,Aventus,100.0,184.0,,SOLD
Poppinxdxd,nan,,,,95.0,100.0,LISTED
bee_o_b,Legacy:2/Buys:0/Sales:0,,Kinetic,100.0,75.0,90.0,SOLD
bee_o_b,Legacy:2/Buys:0/Sales:0,,19 degrees,100.0,75.0,90.0,SOLD
bee_o_b,Legacy:2/Buys:0/Sales:0,Le Labo,Another 13 (fragrance),100.0,140.0,,SOLD
bee_o_b,Legacy:2/Buys:0/Sales:0,Le Labo,Another 13 lotion,237.0,140.0,,SOLD
bee_o_b,Legacy:2/Buys:0/Sales:0,Ralph Lauren,Ralph's Club New York,110.0,45.0,,SOLD
bee_o_b,Legacy:2/Buys:0/Sales:0,,Elysium Eau Intense,100.0,100.0,,SOLD
bee_o_b,Legacy:2/Buys:0/Sales:0,,Basso,100.0,95.0,,SOLD
stevierayjuan,Legacy:0/Buys:66/Sales:130,Tom Ford,Grey Vetiver EDP,100.0,70.0,,SOLD
stevierayjuan,Legacy:0/Buys:66/Sales:130,Bvlgari,Bvlgari MIB EDP,100.0,35.0,,SOLD
mrstump5,Legacy:25/Buys:0/Sales:4,Guerlain,Shalimar L'ESSENCE Intense,90.0,160.0,99.0,SOLD
bigblue916,Legacy:0/Buys:1/Sales:2,,Blessed Baraka,90.0,160.0,89.0,AVAILABLE
bigblue916,Legacy:0/Buys:1/Sales:2,Initio,Oud for Greatness,50.0,50.0,94.0,AVAILABLE
bigblue916,Legacy:0/Buys:1/Sales:2,By Kilian,Angels Share,7.5,35.0,100.0,AVAILABLE
bigblue916,Legacy:0/Buys:1/Sales:2,,Naxos,10.0,25.0,100.0,AVAILABLE
bigblue916,Legacy:0/Buys:1/Sales:2,,Miami Confessions,10.0,25.0,100.0,AVAILABLE
bigblue916,Legacy:0/Buys:1/Sales:2,,Versace Eau Fraiche Extreme,10.0,15.0,90.0,AVAILABLE
Grand-Waltz-3018,Legacy:37/Buys:8/Sales:27,,Kirké Overdose,100.0,250.0,99.0,SOLD
Acrobatic_Force7954,Legacy:0/Buys:1/Sales:4,Dior,Eau Sauvage Parfum 2017,100.0,110.0,,AVAILABLE
Acrobatic_Force7954,Legacy:0/Buys:1/Sales:4,Dior,Sauvage Parfum,100.0,100.0,99.0,AVAILABLE
Acrobatic_Force7954,Legacy:0/Buys:1/Sales:4,Prada,Luna Rosa,100.0,35.0,,SOLD
Acrobatic_Force7954,Legacy:0/Buys:1/Sales:4,,Acqua Neroli,100.0,35.0,,AVAILABLE
Acrobatic_Force7954,Legacy:0/Buys:1/Sales:4,Dolce & Gabbana,Light Blue Forever,,75.0,,AVAILABLE
Acrobatic_Force7954,Legacy:0/Buys:1/Sales:4,,Carved Oud,100.0,140.0,,AVAILABLE
Acrobatic_Force7954,Legacy:0/Buys:1/Sales:4,Hugo Boss,Boss Bottled (travel sample kit),,30.0,,AVAILABLE
Acrobatic_Force7954,Legacy:0/Buys:1/Sales:4,Hugo Boss,Boss Infinite (travel sample kit),,30.0,,AVAILABLE
Acrobatic_Force7954,Legacy:0/Buys:1/Sales:4,Hugo Boss,Boss Tonic (travel sample kit),,30.0,,AVAILABLE
repitism,Legacy:0/Buys:2/Sales:0,Kilian,Angel Share,7.5,22.0,,SOLD
repitism,Legacy:0/Buys:2/Sales:0,Valentino,Notte D'oro,1.0,22.0,,SOLD
repitism,Legacy:0/Buys:2/Sales:0,Kilian,Apple Brandy,7.5,20.0,,AVAILABLE
repitism,Legacy:0/Buys:2/Sales:0,Tom Ford,Ombre Leather,10.0,20.0,100.0,AVAILABLE
repitism,Legacy:0/Buys:2/Sales:0,Yves Saint Laurent,Babycat raw Bourban,1.0,20.0,,AVAILABLE
repitism,Legacy:0/Buys:2/Sales:0,,Blue,100.0,35.0,90.0,AVAILABLE
repitism,Legacy:0/Buys:2/Sales:0,Davidoff,Cool Water,100.0,35.0,100.0,AVAILABLE
repitism,Legacy:0/Buys:2/Sales:0,Bath & Body Works,Ocean,100.0,35.0,95.0,AVAILABLE
repitism,Legacy:0/Buys:2/Sales:0,Louis Vuitton,Ombre Nomad,2.0,35.0,,AVAILABLE
Vstu11711,Legacy:1/Buys:11/Sales:4,,1 million elixir,200.0,130.0,,AVAILABLE
Vstu11711,Legacy:1/Buys:11/Sales:4,Dolce & Gabbana,the one edt,150.0,,,AVAILABLE
Vstu11711,Legacy:1/Buys:11/Sales:4,,Jazz club,30.0,,,AVAILABLE
Vstu11711,Legacy:1/Buys:11/Sales:4,,Mind Games en prise,30.0,,,AVAILABLE
Vstu11711,Legacy:1/Buys:11/Sales:4,Nishane,Hacivat,30.0,,,AVAILABLE
Vstu11711,Legacy:1/Buys:11/Sales:4,,Invictus Aqua 2024,,,60.0,AVAILABLE
Vstu11711,Legacy:1/Buys:11/Sales:4,Louis Vuitton,Pacific Chill,10.0,,,AVAILABLE
Vstu11711,Legacy:1/Buys:11/Sales:4,,"BDC L,Exclusif",5.0,,,AVAILABLE
Vstu11711,Legacy:1/Buys:11/Sales:4,,lost in Paris,1.5,,,AVAILABLE
rbaude45,Legacy:0/Buys:40/Sales:127,,Limonata,100.0,70.0,25.0,LISTED
kidfawn,nan,Burberry,London,50.0,20.0,98.0,SOLD
kidfawn,nan,Coach,Blue,40.0,20.0,99.0,SOLD
kidfawn,nan,Coach,Green,40.0,20.0,99.0,SOLD
kidfawn,nan,,Encre Noire A L'Extreme,100.0,25.0,99.0,AVAILABLE
kidfawn,nan,,tommy,30.0,10.0,95.0,AVAILABLE
kidfawn,nan,Yves Saint Laurent,MYSELF l’absolu,10.0,10.0,65.0,AVAILABLE
CheeziiPuffs,Legacy:0/Buys:10/Sales:7,Louis Vuitton,LV Lovers,100.0,300.0,80.0,LISTED
CheeziiPuffs,Legacy:0/Buys:10/Sales:7,,By the Fireplace,100.0,70.0,100.0,LISTED
CheeziiPuffs,Legacy:0/Buys:10/Sales:7,Louis Vuitton,Ombré Nomad (Sample),,,,LISTED
Reyreyseller_3098,Legacy:7/Buys:1/Sales:45,Hugo Boss,Bottled Triumph Elixir,100.0,70.0,99.0,AVAILABLE
Reyreyseller_3098,Legacy:7/Buys:1/Sales:45,Carolina Herrera,Bad Boy Extreme,150.0,70.0,98.0,AVAILABLE
Reyreyseller_3098,Legacy:7/Buys:1/Sales:45,Montale,Honey Aoud (Tester),100.0,55.0,99.0,SOLD
Reyreyseller_3098,Legacy:7/Buys:1/Sales:45,Mancera,Wave Musk (OG Screwtop),100.0,60.0,95.0,AVAILABLE
Reyreyseller_3098,Legacy:7/Buys:1/Sales:45,Dolce & Gabbana,Light Blue Summer Vibes,100.0,40.0,95.0,AVAILABLE
Reyreyseller_3098,Legacy:7/Buys:1/Sales:45,,Eclat,100.0,38.0,99.0,AVAILABLE
Reyreyseller_3098,Legacy:7/Buys:1/Sales:45,,White in Black,125.0,34.0,99.0,SOLD
Reyreyseller_3098,Legacy:7/Buys:1/Sales:45,,Pour Homme (Vintage Tester),100.0,70.0,99.0,AVAILABLE
Reyreyseller_3098,Legacy:7/Buys:1/Sales:45,,Monsieur Balmain,100.0,115.0,95.0,AVAILABLE
Reyreyseller_3098,Legacy:7/Buys:1/Sales:45,,Born In Roma (Vintage),75.0,45.0,98.0,SOLD
Reyreyseller_3098,Legacy:7/Buys:1/Sales:45,Azzaro,Pour Homme Intense,50.0,65.0,99.0,AVAILABLE
Reyreyseller_3098,Legacy:7/Buys:1/Sales:45,,David Yurman Special Edition Tester,75.0,80.0,95.0,AVAILABLE
Reyreyseller_3098,Legacy:7/Buys:1/Sales:45,Dior,Fahrenheit 2015,200.0,80.0,80.0,AVAILABLE
Reyreyseller_3098,Legacy:7/Buys:1/Sales:45,,L'eau Intense,100.0,37.0,99.0,AVAILABLE
Reyreyseller_3098,Legacy:7/Buys:1/Sales:45,Azzaro,Visit,100.0,32.0,100.0,AVAILABLE
hburt1313,Legacy:0/Buys:0/Sales:11,,,50.0,85.0,99.0,LISTED
hburt1313,Legacy:0/Buys:0/Sales:11,,Oro Verde,10.0,20.0,,AVAILABLE
hburt1313,Legacy:0/Buys:0/Sales:11,,Espíritu,10.0,20.0,,AVAILABLE
hburt1313,Legacy:0/Buys:0/Sales:11,,Casa Blanca,10.0,20.0,,AVAILABLE
YahSai,Legacy:0/Buys:0/Sales:2,Le Labo,Santal 33,100.0,140.0,67.5,SOLD
bl2017021,Legacy:0/Buys:2/Sales:1,Armaf,Club de Nuit Man,105.0,10.0,,LISTED
bl2017021,Legacy:0/Buys:2/Sales:1,Lattafa,Sad Zanzibar,100.0,20.0,99.0,LISTED
bl2017021,Legacy:0/Buys:2/Sales:1,,Qaed Al fursan,100.0,15.0,98.0,LISTED
bl2017021,Legacy:0/Buys:2/Sales:1,Lattafa,Khamrah,100.0,20.0,99.0,SOLD
bl2017021,Legacy:0/Buys:2/Sales:1,Armaf,Club de Nuit Intense Man,105.0,20.0,99.0,LISTED
bl2017021,Legacy:0/Buys:2/Sales:1,Mont Blanc,Legend Spirit,50.0,10.0,55.0,SOLD
bl2017021,Legacy:0/Buys:2/Sales:1,,Hawas Ice,100.0,30.0,99.0,
OnesieTwosies,Legacy:0/Buys:8/Sales:19,,Ganymede,30.0,115.0,100.0,LISTED
Lazy_Juggernaut_9715,Legacy:0/Buys:6/Sales:8,Acqua di Parma,Oud,100.0,45.0,60.0,SOLD
OnesieTwosies,Legacy:0/Buys:8/Sales:19,Creed,Absolu Aventus,75.0,290.0,95.0,LISTED
BigGiddy,Legacy:0/Buys:25/Sales:41,,Babycat Raw Bourbon,125.0,240.0,,LISTED
BigGiddy,Legacy:0/Buys:25/Sales:41,,Triumph of Bacchus,100.0,185.0,,LISTED
BigGiddy,Legacy:0/Buys:25/Sales:41,Chanel,Superleggera,,220.0,,LISTED
BigGiddy,Legacy:0/Buys:25/Sales:41,,Oud Bleu Intense,,260.0,,LISTED
BigGiddy,Legacy:0/Buys:25/Sales:41,Louis Vuitton,Nouveau Monde,,185.0,,LISTED
BigGiddy,Legacy:0/Buys:25/Sales:41,,Montabaco Cuba,,160.0,,LISTED
BigGiddy,Legacy:0/Buys:25/Sales:41,,Elysium Eau Intense (tester),,115.0,,LISTED
faux0braux,Legacy:0/Buys:0/Sales:2,,Burlington 1819,,180.0,98.0,LISTED
ihavezeroanswersbro,Legacy:0/Buys:0/Sales:13,,Tubereuse astrale,50.0,175.0,,SOLD
Twist_Creepy,Legacy:0/Buys:0/Sales:1,,Escapade Gourmande,100.0,175.0,98.0,LISTED
nikolaij1,Legacy:0/Buys:0/Sales:33,Yves Saint Laurent,La Nuit de l'Homme,100.0,205.0,,AVAILABLE
nikolaij1,Legacy:0/Buys:0/Sales:33,Tom Ford,Italian Cypress,30.0,190.0,,AVAILABLE
nikolaij1,Legacy:0/Buys:0/Sales:33,Maison Francis Kurkdjian,Aqua Celestia,200.0,235.0,,AVAILABLE
nikolaij1,Legacy:0/Buys:0/Sales:33,,BTV Noble,100.0,375.0,,AVAILABLE
nikolaij1,Legacy:0/Buys:0/Sales:33,Tom Ford,Plum Japonais,,,,AVAILABLE
nikolaij1,Legacy:0/Buys:0/Sales:33,Guerlain,Neroli Outrenoir,,,,AVAILABLE
nikolaij1,Legacy:0/Buys:0/Sales:33,Tom Ford,Amber Intrigue (Harrods Exclusive),,,,AVAILABLE
wy83,Legacy:47/Buys:113/Sales:92,,Celine Black Tie,100.0,210.0,95.0,SOLD
wy83,Legacy:47/Buys:113/Sales:92,Guerlain,Neroli Outrenoir,200.0,460.0,100.0,SOLD
aaprules,Legacy:6/Buys:6/Sales:130,Le Labo,Santal 33,50.0,130.0,98.0,AVAILABLE
aaprules,Legacy:6/Buys:6/Sales:130,Le Labo,The matcha 26,50.0,120.0,90.0,SOLD
aaprules,Legacy:6/Buys:6/Sales:130,Le Labo,Vetiver 46,50.0,135.0,94.0,SOLD
aaprules,Legacy:6/Buys:6/Sales:130,Xerjoff,40 knotts,50.0,110.0,90.0,SOLD
aaprules,Legacy:6/Buys:6/Sales:130,Kilian,Love by kilian special blend 2023,50.0,170.0,98.0,SOLD
aaprules,Legacy:6/Buys:6/Sales:130,Kilian,Apple brandy,50.0,140.0,97.0,AVAILABLE
aaprules,Legacy:6/Buys:6/Sales:130,Armani,Armani Blanc Kogane,98.0,130.0,100.0,AVAILABLE
aaprules,Legacy:6/Buys:6/Sales:130,Armani,Pivoine Suzhou,101.0,105.0,96.0,AVAILABLE
aaprules,Legacy:6/Buys:6/Sales:130,Armani,Vetiver D’ Hiver,101.0,115.0,,SOLD
aaprules,Legacy:6/Buys:6/Sales:130,Bvlgari,Tygar,124.0,230.0,90.0,SOLD
aaprules,Legacy:6/Buys:6/Sales:130,Maison Francis Kurkdjian,Br540 edp,198.0,390.0,97.0,AVAILABLE
aaprules,Legacy:6/Buys:6/Sales:130,Maison Francis Kurkdjian,Aqua universalis cologne forte,198.0,260.0,98.0,SOLD
aaprules,Legacy:6/Buys:6/Sales:130,Maison Francis Kurkdjian,Kurky,71.0,160.0,98.0,AVAILABLE
aaprules,Legacy:6/Buys:6/Sales:130,,Oud,198.0,315.0,90.0,AVAILABLE
aaprules,Legacy:6/Buys:6/Sales:130,Maison Francis Kurkdjian,Oud Satin Mood,71.0,170.0,99.0,SOLD
aaprules,Legacy:6/Buys:6/Sales:130,Maison Francis Kurkdjian,Gentle Fluidity,198.0,280.0,96.5,AVAILABLE
aaprules,Legacy:6/Buys:6/Sales:130,,Oud,71.0,110.0,80.0,SOLD
aaprules,Legacy:6/Buys:6/Sales:130,Maison Francis Kurkdjian,Aqua Celestia Cologne Forte,71.0,140.0,98.0,AVAILABLE
aaprules,Legacy:6/Buys:6/Sales:130,,L’homme a la rose,71.0,140.0,97.0,SOLD
aaprules,Legacy:6/Buys:6/Sales:130,Maison Francis Kurkdjian,Grand Soir,71.0,155.0,98.0,SOLD
aaprules,Legacy:6/Buys:6/Sales:130,Maison Francis Kurkdjian,Baccarat Rouge 540 Extrait,,140.0,59.0,SOLD
aaprules,Legacy:6/Buys:6/Sales:130,Tom Ford,Lost Cherry,50.0,130.0,96.0,AVAILABLE
aaprules,Legacy:6/Buys:6/Sales:130,Maison Francis Kurkdjian,Vanille Fatale,30.0,130.0,96.0,SOLD
aaprules,Legacy:6/Buys:6/Sales:130,,Cherry smoke,30.0,135.0,99.0,AVAILABLE
aaprules,Legacy:6/Buys:6/Sales:130,,Bois Pacifique edp,100.0,140.0,97.5,SOLD
aaprules,Legacy:6/Buys:6/Sales:130,Tom Ford,Oud wood,100.0,145.0,96.0,SOLD
aaprules,Legacy:6/Buys:6/Sales:130,Creed,Aventus absolu,50.0,190.0,98.0,SOLD
aaprules,Legacy:6/Buys:6/Sales:130,Creed,Carmina,74.0,160.0,92.0,SOLD
aaprules,Legacy:6/Buys:6/Sales:130,Creed,Aventus,30.0,105.0,,AVAILABLE
aaprules,Legacy:6/Buys:6/Sales:130,Creed,Wind flowers,75.0,135.0,94.0,AVAILABLE
aaprules,Legacy:6/Buys:6/Sales:130,Creed,Aqua fiorentina,74.0,150.0,98.0,AVAILABLE
aaprules,Legacy:6/Buys:6/Sales:130,Parfums de Marly,Royale princess oud,74.0,120.0,95.0,AVAILABLE
aaprules,Legacy:6/Buys:6/Sales:130,Creed,Aventus for her,30.0,90.0,96.0,AVAILABLE
aaprules,Legacy:6/Buys:6/Sales:130,,Eladaria,74.0,175.0,96.0,AVAILABLE
aaprules,Legacy:6/Buys:6/Sales:130,,Queen of silk,74.0,155.0,99.0,AVAILABLE
aaprules,Legacy:6/Buys:6/Sales:130,Penhaligon's,a balm of calm,100.0,170.0,95.0,AVAILABLE
aaprules,Legacy:6/Buys:6/Sales:130,Penhaligon's,a kiss of bliss,100.0,185.0,95.0,AVAILABLE
aaprules,Legacy:6/Buys:6/Sales:130,Yves Saint Laurent,YSL BLOUSE Angelique,125.0,160.0,98.0,SOLD
aaprules,Legacy:6/Buys:6/Sales:130,Frederic Malle,Portrait of a lady,50.0,140.0,,SOLD
aaprules,Legacy:6/Buys:6/Sales:130,,Dancing on the moon,,85.0,87.0,AVAILABLE
aaprules,Legacy:6/Buys:6/Sales:130,Byredo,Mixed emotions,100.0,140.0,87.0,SOLD
aaprules,Legacy:6/Buys:6/Sales:130,Lancôme,Oud bouquet,100.0,135.0,96.0,SOLD
XenoFury,Legacy:0/Buys:6/Sales:0,Aaron Terence Hughes,Raw Cherry Extreme,50.0,230.0,100.0,AVAILABLE
InnocentByestander,Legacy:0/Buys:1/Sales:0,,MB explorer,100.0,60.0,87.5,LISTED
InnocentByestander,Legacy:0/Buys:1/Sales:0,Carolina Herrera,Intense Man,100.0,60.0,97.0,LISTED
InnocentByestander,Legacy:0/Buys:1/Sales:0,,KC Mankind,,60.0,30.0,LISTED
InnocentByestander,Legacy:0/Buys:1/Sales:0,Creed,Viking (decant),2.0,,,LISTED
InnocentByestander,Legacy:0/Buys:1/Sales:0,Creed,Original Vetiver (decant),1.5,,,LISTED
InnocentByestander,Legacy:0/Buys:1/Sales:0,Chanel,Bleu de Chanel Parfum (decant),2.0,,,LISTED
InnocentByestander,Legacy:0/Buys:1/Sales:0,Acqua di Parma,Buongiorno (decant),2.0,,,LISTED
InnocentByestander,Legacy:0/Buys:1/Sales:0,,Aether (French Avenue),,,,
InnocentByestander,Legacy:0/Buys:1/Sales:0,Creed,Green Irish Tweed,,,,
InnocentByestander,Legacy:0/Buys:1/Sales:0,Creed,Virgin Island Water,,,,
InnocentByestander,Legacy:0/Buys:1/Sales:0,Tom Ford,Ombré Leather Parfum,,,,
InnocentByestander,Legacy:0/Buys:1/Sales:0,Parfums de Marly,Perseus,,,,
InnocentByestander,Legacy:0/Buys:1/Sales:0,,Blockade (Mind Games),,,,
InnocentByestander,Legacy:0/Buys:1/Sales:0,,Le Sel (Issey Miyake),,,,
InnocentByestander,Legacy:0/Buys:1/Sales:0,,Solar Lavender (Issey Miyake),,,,
InnocentByestander,Legacy:0/Buys:1/Sales:0,Giorgio Armani,Acqua di Gio Profondo,,,,
pradakicking,Legacy:0/Buys:1/Sales:0,Dior,Bois D’argent,50.0,185.0,98.0,LISTED
pradakicking,Legacy:0/Buys:1/Sales:0,Dior,Eden Roc,50.0,15.0,20.0,LISTED
pradakicking,Legacy:0/Buys:1/Sales:0,Dior,Oud Ispahan,,,,LISTED
pradakicking,Legacy:0/Buys:1/Sales:0,Dior,Sauvage Parfum,,,,LISTED
pradakicking,Legacy:0/Buys:1/Sales:0,Louis Vuitton,L'Immensité,,,,LISTED
pradakicking,Legacy:0/Buys:1/Sales:0,Carolina Herrera,Bad Boy Cobalt,,,,LISTED
pradakicking,Legacy:0/Buys:1/Sales:0,Paco Rabanne,1 Million Elixir,,,,LISTED
pradakicking,Legacy:0/Buys:1/Sales:0,Jean Paul Gaultier,Le Male Elixir,,,,LISTED
pradakicking,Legacy:0/Buys:1/Sales:0,Paco Rabanne,Phantom Parfum,,,,LISTED
pradakicking,Legacy:0/Buys:1/Sales:0,Louis Vuitton,On The Beach,2.0,,,AVAILABLE
pradakicking,Legacy:0/Buys:1/Sales:0,Louis Vuitton,California Dream,2.0,,,AVAILABLE
pradakicking,Legacy:0/Buys:1/Sales:0,Xerjoff,40 Knots,2.0,,,AVAILABLE
pradakicking,Legacy:0/Buys:1/Sales:0,Xerjoff,Alexandria II,2.0,,,AVAILABLE
pradakicking,Legacy:0/Buys:1/Sales:0,Xerjoff,Naxos,2.0,,,AVAILABLE
pradakicking,Legacy:0/Buys:1/Sales:0,Initio,Rehab,2.0,,,AVAILABLE
pradakicking,Legacy:0/Buys:1/Sales:0,Xerjoff,Erba Pura,2.0,,,AVAILABLE
Fragokie,Legacy:0/Buys:13/Sales:64,,Alpha Male,100.0,45.0,99.0,AVAILABLE
oldmanhornis,Legacy:0/Buys:5/Sales:16,,Ombre Nomad,200.0,350.0,50.0,LISTED
oldmanhornis,Legacy:0/Buys:5/Sales:16,,Toskovat Spinal Fluid On The Walls,60.0,250.0,100.0,LISTED
oldmanhornis,Legacy:0/Buys:5/Sales:16,,Trex,60.0,200.0,98.0,LISTED
Vlxxrd,Legacy:0/Buys:2/Sales:9,,,,65.0,,AVAILABLE
SergioLAL24,Legacy:0/Buys:4/Sales:0,,Game of spades Full House,100.0,,,AVAILABLE
SergioLAL24,Legacy:0/Buys:4/Sales:0,,Game of spades Bonus,100.0,,,AVAILABLE
SergioLAL24,Legacy:0/Buys:4/Sales:0,Initio,Narcotic Delight,90.0,,,AVAILABLE
SergioLAL24,Legacy:0/Buys:4/Sales:0,Bond No 9,Chez Bond,,,,AVAILABLE
SergioLAL24,Legacy:0/Buys:4/Sales:0,Bond No 9,Hamptons,100.0,,,AVAILABLE
SergioLAL24,Legacy:0/Buys:4/Sales:0,Creed,SMW,100.0,,,AVAILABLE
SergioLAL24,Legacy:0/Buys:4/Sales:0,Creed,GIT,100.0,,,AVAILABLE
SergioLAL24,Legacy:0/Buys:4/Sales:0,Creed,Millesime Imperial,100.0,,,AVAILABLE
SergioLAL24,Legacy:0/Buys:4/Sales:0,Yves Saint Laurent,Myslf EDP,,,,AVAILABLE
SergioLAL24,Legacy:0/Buys:4/Sales:0,Louis Vuitton,Pacific Chill,100.0,,,AVAILABLE
SergioLAL24,Legacy:0/Buys:4/Sales:0,Louis Vuitton,Immensite,100.0,,,LISTED
SergioLAL24,Legacy:0/Buys:4/Sales:0,Louis Vuitton,Meteore,100.0,,,LISTED
SergioLAL24,Legacy:0/Buys:4/Sales:0,Parfums de Marly,Castley,125.0,,,LISTED
SergioLAL24,Legacy:0/Buys:4/Sales:0,Chanel,Allure Homme Sport Superleggera,,,,LISTED
SergioLAL24,Legacy:0/Buys:4/Sales:0,Bond No 9,Wall Street,100.0,155.0,100.0,LISTED
SergioLAL24,Legacy:0/Buys:4/Sales:0,Viktor & Rolf,Spicebomb Night Vision EDP,90.0,75.0,100.0,LISTED
SergioLAL24,Legacy:0/Buys:4/Sales:0,Creed,Original Vetiver,100.0,155.0,98.0,LISTED
SergioLAL24,Legacy:0/Buys:4/Sales:0,Dior,Sauvage Elixir,100.0,200.0,99.0,LISTED
SergioLAL24,Legacy:0/Buys:4/Sales:0,Dior,Homme Intense (2017?),,,75.0,LISTED
SergioLAL24,Legacy:0/Buys:4/Sales:0,Dior,Sauvage EDT,,65.0,70.0,LISTED
SergioLAL24,Legacy:0/Buys:4/Sales:0,Yves Saint Laurent,Y EDP,100.0,,,LISTED
SergioLAL24,Legacy:0/Buys:4/Sales:0,,,,65.0,75.0,AVAILABLE
hburt1313,Legacy:0/Buys:0/Sales:11,,,50.0,55.0,99.9,SOLD
Turbulent_Town_1330,Legacy:0/Buys:2/Sales:5,Parfums de Marly,Althair,125.0,145.0,75.0,AVAILABLE
TotalAutarky,Legacy:0/Buys:4/Sales:8,,Vesper Glitz,100.0,180.0,,AVAILABLE
TotalAutarky,Legacy:0/Buys:4/Sales:8,,Zoologist bundle,,80.0,,AVAILABLE
TotalAutarky,Legacy:0/Buys:4/Sales:8,,Obvious Parfums sampler add-on,,15.0,,AVAILABLE
TotalAutarky,Legacy:0/Buys:4/Sales:8,,Parle Moi de Parfum sampler add-on,,8.0,,AVAILABLE
Due-Adhesiveness9030,Legacy:0/Buys:35/Sales:80,,ABSOLUTELY,100.0,78.0,100.0,SOLD
Due-Adhesiveness9030,Legacy:0/Buys:35/Sales:80,,ABSOLUTELY,100.0,75.0,99.0,SOLD
Due-Adhesiveness9030,Legacy:0/Buys:35/Sales:80,,Nashville,100.0,115.0,98.0,AVAILABLE
Due-Adhesiveness9030,Legacy:0/Buys:35/Sales:80,,Unknown Pleasures,100.0,110.0,85.0,SOLD
Due-Adhesiveness9030,Legacy:0/Buys:35/Sales:80,,Contralto,100.0,155.0,98.0,SOLD
Due-Adhesiveness9030,Legacy:0/Buys:35/Sales:80,Chanel,Superleggera,100.0,80.0,35.0,SOLD
Due-Adhesiveness9030,Legacy:0/Buys:35/Sales:80,Xerjoff,Accento Overdose,,80.0,,SOLD
Due-Adhesiveness9030,Legacy:0/Buys:35/Sales:80,,Triumph Of Bacchus,100.0,165.0,99.0,SOLD
Due-Adhesiveness9030,Legacy:0/Buys:35/Sales:80,BDK Parfums,Sel d'Argent,100.0,95.0,80.0,SOLD
Due-Adhesiveness9030,Legacy:0/Buys:35/Sales:80,,Bohemian Lime,100.0,70.0,60.0,AVAILABLE
Due-Adhesiveness9030,Legacy:0/Buys:35/Sales:80,,Porthole,10.0,33.0,,AVAILABLE
Due-Adhesiveness9030,Legacy:0/Buys:35/Sales:80,,Vanilla Diorama,10.0,23.0,,AVAILABLE
Due-Adhesiveness9030,Legacy:0/Buys:35/Sales:80,Dior,Gris Dior,10.0,20.0,,AVAILABLE
Due-Adhesiveness9030,Legacy:0/Buys:35/Sales:80,Bond No 9,Greenpoint,10.0,30.0,,AVAILABLE
Due-Adhesiveness9030,Legacy:0/Buys:35/Sales:80,Creed,Aventus (F000315),10.0,22.0,,AVAILABLE
Due-Adhesiveness9030,Legacy:0/Buys:35/Sales:80,Tom Ford,Neroli Portofino,10.0,20.0,,AVAILABLE
Due-Adhesiveness9030,Legacy:0/Buys:35/Sales:80,Diptyque,Herbes Troublantes,200.0,,,AVAILABLE
Due-Adhesiveness9030,Legacy:0/Buys:35/Sales:80,,Masculine Pluriel,200.0,,,AVAILABLE
Due-Adhesiveness9030,Legacy:0/Buys:35/Sales:80,Tom Ford,Fucking Fabulous,100.0,,,AVAILABLE
bongdong42O,nan,Dior,sauvage,100.0,75.0,98.0,LISTED
bongdong42O,nan,Zara,pour homme V EDP,100.0,10.0,98.0,LISTED
bongdong42O,nan,,Explorer,60.0,20.0,96.67,LISTED
The_grope_gatsby,Legacy:0/Buys:1/Sales:1,Tom Ford,Tuscan Leather,,,,
The_grope_gatsby,Legacy:0/Buys:1/Sales:1,Tom Ford,Tobacco Vanille (2016 or earlier),,,,
The_grope_gatsby,Legacy:0/Buys:1/Sales:1,Tom Ford,Plum Japonais,,,,
The_grope_gatsby,Legacy:0/Buys:1/Sales:1,Tom Ford,Fucking Fabulous parfum,,,,
The_grope_gatsby,Legacy:0/Buys:1/Sales:1,Tom Ford,Amber Absolute,,,,
The_grope_gatsby,Legacy:0/Buys:1/Sales:1,Tom Ford,Vanille Fatale (OG),,,,
The_grope_gatsby,Legacy:0/Buys:1/Sales:1,Creed,GIT,,,,
The_grope_gatsby,Legacy:0/Buys:1/Sales:1,Creed,Absolu Aventus,,,,
The_grope_gatsby,Legacy:0/Buys:1/Sales:1,Creed,OG Santal,,,,
The_grope_gatsby,Legacy:0/Buys:1/Sales:1,Dior,Tobacolor,,,,
The_grope_gatsby,Legacy:0/Buys:1/Sales:1,Dior,amber Nuit,,,,
The_grope_gatsby,Legacy:0/Buys:1/Sales:1,,babycat,,,,
The_grope_gatsby,Legacy:0/Buys:1/Sales:1,Jean Paul Gaultier,Le Male Le Parfum,100.0,90.0,90.0,LISTED
The_grope_gatsby,Legacy:0/Buys:1/Sales:1,,Oud Maracuja (decant),50.0,185.0,,LISTED
The_grope_gatsby,Legacy:0/Buys:1/Sales:1,Guerlain,Habit Rouge EDT Listerine,100.0,,65.0,AVAILABLE
The_grope_gatsby,Legacy:0/Buys:1/Sales:1,Gucci,OG Vintage Gucci Pour Homme,30.0,,35.0,AVAILABLE
The_grope_gatsby,Legacy:0/Buys:1/Sales:1,,Cosmair Cologne Splash,44.0,,95.0,AVAILABLE
The_grope_gatsby,Legacy:0/Buys:1/Sales:1,,Warner Cologne,,,75.0,AVAILABLE
The_grope_gatsby,Legacy:0/Buys:1/Sales:1,Yves Saint Laurent,YSL Ultime,100.0,130.0,99.0,LISTED
The_grope_gatsby,Legacy:0/Buys:1/Sales:1,Yves Saint Laurent,L'Homme (2011 batch),,90.0,50.0,LISTED
The_grope_gatsby,Legacy:0/Buys:1/Sales:1,,Cartier Declaration Essence,100.0,45.0,40.0,LISTED
The_grope_gatsby,Legacy:0/Buys:1/Sales:1,Viktor & Rolf,Spicebomb Infrared,,50.0,95.0,LISTED
The_grope_gatsby,Legacy:0/Buys:1/Sales:1,,Winter Woods,30.0,55.0,95.0,LISTED
The_grope_gatsby,Legacy:0/Buys:1/Sales:1,,Pineapple Royal,50.0,30.0,90.0,LISTED
The_grope_gatsby,Legacy:0/Buys:1/Sales:1,,Vanille Fraiche,50.0,30.0,85.0,LISTED
The_grope_gatsby,Legacy:0/Buys:1/Sales:1,,The Dreamer,100.0,20.0,95.0,LISTED
The_grope_gatsby,Legacy:0/Buys:1/Sales:1,,Paco 1 Mil,100.0,85.0,90.0,LISTED
The_grope_gatsby,Legacy:0/Buys:1/Sales:1,,Balenciaga Pour Homme (sample),4.0,,100.0,LISTED
The_grope_gatsby,Legacy:0/Buys:1/Sales:1,,Stash SJP,100.0,25.0,90.0,LISTED
The_grope_gatsby,Legacy:0/Buys:1/Sales:1,,Amber oud Tobacco Edition,,30.0,90.0,LISTED
The_grope_gatsby,Legacy:0/Buys:1/Sales:1,,De Tour Noir,100.0,30.0,,LISTED
The_grope_gatsby,Legacy:0/Buys:1/Sales:1,,De Tour Noir,100.0,30.0,,LISTED
The_grope_gatsby,Legacy:0/Buys:1/Sales:1,,Carven Homme,100.0,90.0,95.0,LISTED
The_grope_gatsby,Legacy:0/Buys:1/Sales:1,,Harajuku Lovers BABY,10.0,50.0,,LISTED
The_grope_gatsby,Legacy:0/Buys:1/Sales:1,,Fragrance World Star Men,100.0,20.0,98.0,LISTED
The_grope_gatsby,Legacy:0/Buys:1/Sales:1,,Bentley For Men Intense,100.0,20.0,99.0,LISTED
The_grope_gatsby,Legacy:0/Buys:1/Sales:1,,Absolute,,20.0,,AVAILABLE
The_grope_gatsby,Legacy:0/Buys:1/Sales:1,,Intense,100.0,25.0,80.0,AVAILABLE
The_grope_gatsby,Legacy:0/Buys:1/Sales:1,,Silver the man,50.0,20.0,100.0,AVAILABLE
The_grope_gatsby,Legacy:0/Buys:1/Sales:1,,Silver the man,50.0,20.0,100.0,AVAILABLE
The_grope_gatsby,Legacy:0/Buys:1/Sales:1,,Silver the man,50.0,20.0,95.0,AVAILABLE
Ashamed-Ad-4939,Legacy:0/Buys:7/Sales:1,Dior,Gris Dior,250.0,340.0,,LISTED
Ashamed-Ad-4939,Legacy:0/Buys:7/Sales:1,Serge Lutens,Herbes Troublante,200.0,,,
Ashamed-Ad-4939,Legacy:0/Buys:7/Sales:1,Serge Lutens,Neroli Outrenoir,200.0,,,
Master-Professor4554,Legacy:0/Buys:61/Sales:304,Amouage,Interlude 53,100.0,215.0,,AVAILABLE
Master-Professor4554,Legacy:0/Buys:61/Sales:304,Amouage,Jubilation 40,100.0,279.0,,AVAILABLE
Master-Professor4554,Legacy:0/Buys:61/Sales:304,Amouage,Reflection,100.0,186.0,,AVAILABLE
Master-Professor4554,Legacy:0/Buys:61/Sales:304,Amouage,Beach Hut,100.0,239.0,,AVAILABLE
Master-Professor4554,Legacy:0/Buys:61/Sales:304,Amouage,Purpose,100.0,170.0,,AVAILABLE
Master-Professor4554,Legacy:0/Buys:61/Sales:304,Amouage,Royal Tobacco,100.0,199.0,,AVAILABLE
Master-Professor4554,Legacy:0/Buys:61/Sales:304,Amouage,Woods Symphony,100.0,165.0,,AVAILABLE
Master-Professor4554,Legacy:0/Buys:61/Sales:304,Giorgio Armani,Code EDT,100.0,73.0,,AVAILABLE
Master-Professor4554,Legacy:0/Buys:61/Sales:304,Giorgio Armani,Stronger With You Intensely,100.0,85.0,,AVAILABLE
Master-Professor4554,Legacy:0/Buys:61/Sales:304,Giorgio Armani,Stronger With You Absolutely,100.0,90.0,,AVAILABLE
Master-Professor4554,Legacy:0/Buys:61/Sales:304,Armani,Stronger With You Sandalwood,100.0,135.0,100.0,AVAILABLE
Master-Professor4554,Legacy:0/Buys:61/Sales:304,,Bacio Immortale,100.0,159.0,100.0,AVAILABLE
Master-Professor4554,Legacy:0/Buys:61/Sales:304,,Love Triumphs Over War,100.0,175.0,100.0,AVAILABLE
Master-Professor4554,Legacy:0/Buys:61/Sales:304,,Triumph of Bacchus,100.0,189.0,100.0,AVAILABLE
Master-Professor4554,Legacy:0/Buys:61/Sales:304,,Pallas of Athene,100.0,180.0,100.0,AVAILABLE
Master-Professor4554,Legacy:0/Buys:61/Sales:304,,Hard Candy,50.0,220.0,100.0,AVAILABLE
Master-Professor4554,Legacy:0/Buys:61/Sales:304,,Hard Candy 2025,100.0,400.0,100.0,AVAILABLE
Master-Professor4554,Legacy:0/Buys:61/Sales:304,,Hard Candy Elixir 2025,100.0,480.0,100.0,AVAILABLE
Master-Professor4554,Legacy:0/Buys:61/Sales:304,,Amazonia,50.0,200.0,100.0,AVAILABLE
Master-Professor4554,Legacy:0/Buys:61/Sales:304,,Aurora,50.0,185.0,100.0,AVAILABLE
Master-Professor4554,Legacy:0/Buys:61/Sales:304,Aaron Terence Hughes,Blue Fever 2025,100.0,325.0,100.0,AVAILABLE
Master-Professor4554,Legacy:0/Buys:61/Sales:304,Aaron Terence Hughes,Notorious,50.0,205.0,100.0,AVAILABLE
Master-Professor4554,Legacy:0/Buys:61/Sales:304,Aaron Terence Hughes,Bois Eternal,50.0,195.0,100.0,AVAILABLE
Master-Professor4554,Legacy:0/Buys:61/Sales:304,Aaron Terence Hughes,Onyx,50.0,205.0,100.0,AVAILABLE
Master-Professor4554,Legacy:0/Buys:61/Sales:304,Aaron Terence Hughes,Onyx air,50.0,200.0,100.0,AVAILABLE
Master-Professor4554,Legacy:0/Buys:61/Sales:304,Aaron Terence Hughes,Slut,50.0,205.0,100.0,AVAILABLE
Master-Professor4554,Legacy:0/Buys:61/Sales:304,Aaron Terence Hughes,Slut Elixir 2025,100.0,350.0,100.0,AVAILABLE
Master-Professor4554,Legacy:0/Buys:61/Sales:304,Aaron Terence Hughes,Supernova,50.0,210.0,100.0,AVAILABLE
Master-Professor4554,Legacy:0/Buys:61/Sales:304,Azzaro,The Most Wanted Intense EDP,100.0,64.0,100.0,AVAILABLE
Master-Professor4554,Legacy:0/Buys:61/Sales:304,Azzaro,The Most Wanted Parfum,100.0,70.0,100.0,AVAILABLE
Master-Professor4554,Legacy:0/Buys:61/Sales:304,Azzaro,Forever Wanted Elixir,100.0,115.0,100.0,AVAILABLE
Master-Professor4554,Legacy:0/Buys:61/Sales:304,Bond No 9,Dubai Gold,100.0,190.0,,AVAILABLE
Master-Professor4554,Legacy:0/Buys:61/Sales:304,Bond No 9,Lafayette Street,100.0,219.0,100.0,AVAILABLE
Master-Professor4554,Legacy:0/Buys:61/Sales:304,Bond No 9,Lafayette Street (Tester wo Cap),100.0,195.0,,AVAILABLE
Master-Professor4554,Legacy:0/Buys:61/Sales:304,Bond No 9,New York Nights,100.0,219.0,100.0,AVAILABLE
Master-Professor4554,Legacy:0/Buys:61/Sales:304,Bond No 9,Scent of Peace Natural (Tester wo Cap),100.0,158.0,,AVAILABLE
Master-Professor4554,Legacy:0/Buys:61/Sales:304,,Ardent,100.0,159.0,100.0,AVAILABLE
Master-Professor4554,Legacy:0/Buys:61/Sales:304,,Blue Sapphire,100.0,449.0,100.0,AVAILABLE
Master-Professor4554,Legacy:0/Buys:61/Sales:304,,Nemer,100.0,279.0,100.0,AVAILABLE
Master-Professor4554,Legacy:0/Buys:61/Sales:304,Bvlgari,Man in Black Parfum,100.0,86.0,100.0,AVAILABLE
Master-Professor4554,Legacy:0/Buys:61/Sales:304,Carolina Herrera,212 VIP Black,200.0,84.0,,AVAILABLE
Master-Professor4554,Legacy:0/Buys:61/Sales:304,,Cartier Pasha Parfum,100.0,100.0,,AVAILABLE
Master-Professor4554,Legacy:0/Buys:61/Sales:304,Creed,Absolu Aventus,75.0,285.0,,AVAILABLE
Master-Professor4554,Legacy:0/Buys:61/Sales:304,Creed,Himalaya,100.0,155.0,,AVAILABLE
Master-Professor4554,Legacy:0/Buys:61/Sales:304,Creed,Millisime Imperial,100.0,155.0,,AVAILABLE
Master-Professor4554,Legacy:0/Buys:61/Sales:304,Creed,Original Santal,100.0,189.0,,SOLD
Master-Professor4554,Legacy:0/Buys:61/Sales:304,Creed,Original Vetiver,100.0,179.0,,AVAILABLE
Master-Professor4554,Legacy:0/Buys:61/Sales:304,Creed,Original Vetiver (Tester wo Cap),100.0,155.0,,AVAILABLE
Master-Professor4554,Legacy:0/Buys:61/Sales:304,Creed,Green Irish Tweed (Tester wo Cap),100.0,155.0,,AVAILABLE
Master-Professor4554,Legacy:0/Buys:61/Sales:304,Creed,Virgin Island Water,100.0,219.0,,AVAILABLE
Master-Professor4554,Legacy:0/Buys:61/Sales:304,Dolce & Gabbana,The One Mysterious Night,100.0,225.0,100.0,AVAILABLE
Master-Professor4554,Legacy:0/Buys:61/Sales:304,,The Mint,50.0,80.0,100.0,AVAILABLE
Master-Professor4554,Legacy:0/Buys:61/Sales:304,,The Rose,50.0,85.0,100.0,AVAILABLE
Master-Professor4554,Legacy:0/Buys:61/Sales:304,,The Incense,50.0,90.0,100.0,AVAILABLE
Master-Professor4554,Legacy:0/Buys:61/Sales:304,,Office for Men,100.0,60.0,100.0,AVAILABLE
Master-Professor4554,Legacy:0/Buys:61/Sales:304,,Date for Men,100.0,60.0,100.0,AVAILABLE
Master-Professor4554,Legacy:0/Buys:61/Sales:304,,Club for Men,100.0,75.0,100.0,AVAILABLE
Master-Professor4554,Legacy:0/Buys:61/Sales:304,,Black Tie for Men,100.0,80.0,100.0,AVAILABLE
Master-Professor4554,Legacy:0/Buys:61/Sales:304,,Most Masculine,100.0,120.0,100.0,AVAILABLE
Master-Professor4554,Legacy:0/Buys:61/Sales:304,,Day for Women,10.0,25.0,,AVAILABLE
Master-Professor4554,Legacy:0/Buys:61/Sales:304,Frederic Malle,Portrait of a Lady,100.0,219.0,100.0,AVAILABLE
Master-Professor4554,Legacy:0/Buys:61/Sales:304,Frederic Malle,Portrait of a Lady,100.0,194.0,,AVAILABLE
Master-Professor4554,Legacy:0/Buys:61/Sales:304,Frederic Malle,Rose & Cuir,100.0,165.0,100.0,AVAILABLE
Master-Professor4554,Legacy:0/Buys:61/Sales:304,Frederic Malle,Carnal Flower,100.0,205.0,100.0,AVAILABLE
Master-Professor4554,Legacy:0/Buys:61/Sales:304,,Vulcan Feu,100.0,45.0,100.0,AVAILABLE
Master-Professor4554,Legacy:0/Buys:61/Sales:304,Givenchy,Gentleman Ambree,100.0,97.0,100.0,AVAILABLE
Master-Professor4554,Legacy:0/Buys:61/Sales:304,Givenchy,Gentleman Boisee,100.0,75.0,100.0,AVAILABLE
Master-Professor4554,Legacy:0/Buys:61/Sales:304,Givenchy,Gentleman Reserve Privee,100.0,84.0,100.0,AVAILABLE
Master-Professor4554,Legacy:0/Buys:61/Sales:304,Hugo Boss,Boss Bottled Absolu,50.0,64.0,100.0,AVAILABLE
Master-Professor4554,Legacy:0/Buys:61/Sales:304,Hugo Boss,Boss Bottled Bold Citrus,100.0,70.0,,AVAILABLE
Master-Professor4554,Legacy:0/Buys:61/Sales:304,Initio,Absolute Aphrodisiac,90.0,195.0,,AVAILABLE
Master-Professor4554,Legacy:0/Buys:61/Sales:304,Initio,Atomic Rose,90.0,189.0,,AVAILABLE
Master-Professor4554,Legacy:0/Buys:61/Sales:304,Initio,Hi Frequency,90.0,144.0,,AVAILABLE
Master-Professor4554,Legacy:0/Buys:61/Sales:304,Initio,Hi Frequency (BNIB No Cellophane),90.0,139.0,,AVAILABLE
Master-Professor4554,Legacy:0/Buys:61/Sales:304,Initio,Hi Frequency (No Box),90.0,135.0,,AVAILABLE
Master-Professor4554,Legacy:0/Buys:61/Sales:304,Initio,Musk Therapy,90.0,205.0,,AVAILABLE
Master-Professor4554,Legacy:0/Buys:61/Sales:304,Initio,Mystic Experience,90.0,130.0,,AVAILABLE
Master-Professor4554,Legacy:0/Buys:61/Sales:304,Initio,Oud for Greatness (No Box),90.0,170.0,,AVAILABLE
Master-Professor4554,Legacy:0/Buys:61/Sales:304,Initio,Oud for Greatness Neo (Tester w Cap),90.0,170.0,,AVAILABLE
Master-Professor4554,Legacy:0/Buys:61/Sales:304,Initio,Psychedelic Love,90.0,165.0,,AVAILABLE
Master-Professor4554,Legacy:0/Buys:61/Sales:304,Initio,Psychedelic Love,90.0,155.0,,AVAILABLE
Master-Professor4554,Legacy:0/Buys:61/Sales:304,Initio,Paragon,90.0,194.0,,AVAILABLE
Master-Professor4554,Legacy:0/Buys:61/Sales:304,Initio,Powershelf,90.0,205.0,,AVAILABLE
Master-Professor4554,Legacy:0/Buys:61/Sales:304,Initio,Rehab,90.0,177.0,,AVAILABLE
Master-Professor4554,Legacy:0/Buys:61/Sales:304,Initio,Side Effect,90.0,205.0,,AVAILABLE
Master-Professor4554,Legacy:0/Buys:61/Sales:304,Jean Paul Gaultier,Scandal Le Parfum,200.0,79.0,,AVAILABLE
Master-Professor4554,Legacy:0/Buys:61/Sales:304,Jean Paul Gaultier,Scandal Le Parfum,100.0,79.0,,AVAILABLE
Master-Professor4554,Legacy:0/Buys:61/Sales:304,Jean Paul Gaultier,Le Male Elixir,125.0,89.0,,AVAILABLE
Master-Professor4554,Legacy:0/Buys:61/Sales:304,Jean Paul Gaultier,Le Male Le Parfum,125.0,89.0,,AVAILABLE
Master-Professor4554,Legacy:0/Buys:61/Sales:304,Jean Paul Gaultier,Le Beau Paradise Garden,125.0,89.0,,AVAILABLE
Master-Professor4554,Legacy:0/Buys:61/Sales:304,Jean Paul Gaultier,Le Beau Le Parfum,125.0,89.0,,AVAILABLE
Master-Professor4554,Legacy:0/Buys:61/Sales:304,Jean Paul Gaultier,Le Male Le Parfum,200.0,105.0,,AVAILABLE
Master-Professor4554,Legacy:0/Buys:61/Sales:304,Jean Paul Gaultier,Le Beau Flower Edition,125.0,145.0,,AVAILABLE
Master-Professor4554,Legacy:0/Buys:61/Sales:304,Kilian,Angel's Share,250.0,510.0,,AVAILABLE
Master-Professor4554,Legacy:0/Buys:61/Sales:304,Kilian,Angel's Share,100.0,265.0,,AVAILABLE
Master-Professor4554,Legacy:0/Buys:61/Sales:304,Kilian,Angel's Share,50.0,169.0,,AVAILABLE
Master-Professor4554,Legacy:0/Buys:61/Sales:304,Kilian,Old Fashioned,50.0,185.0,,AVAILABLE
Master-Professor4554,Legacy:0/Buys:61/Sales:304,Le Labo,Lys 41,100.0,240.0,,AVAILABLE
Master-Professor4554,Legacy:0/Buys:61/Sales:304,,Irish Leather,75.0,110.0,,AVAILABLE
Master-Professor4554,Legacy:0/Buys:61/Sales:304,,Blockade,100.0,229.0,,AVAILABLE
Master-Professor4554,Legacy:0/Buys:61/Sales:304,,Blockade,100.0,219.0,,AVAILABLE
Master-Professor4554,Legacy:0/Buys:61/Sales:304,,French Defense,100.0,229.0,,AVAILABLE
Master-Professor4554,Legacy:0/Buys:61/Sales:304,,French Defense,100.0,215.0,,AVAILABLE
Master-Professor4554,Legacy:0/Buys:61/Sales:304,,Opera Mate,100.0,235.0,,AVAILABLE
Master-Professor4554,Legacy:0/Buys:61/Sales:304,,Lionora,100.0,219.0,,AVAILABLE
Master-Professor4554,Legacy:0/Buys:61/Sales:304,,Kingside,100.0,330.0,,AVAILABLE
Master-Professor4554,Legacy:0/Buys:61/Sales:304,,Mentor,100.0,330.0,,AVAILABLE
Master-Professor4554,Legacy:0/Buys:61/Sales:304,,Queening,100.0,209.0,,AVAILABLE
Master-Professor4554,Legacy:0/Buys:61/Sales:304,,Queening,100.0,219.0,,AVAILABLE
Master-Professor4554,Legacy:0/Buys:61/Sales:304,Montale,Arabians Tonka,100.0,95.0,,AVAILABLE
Master-Professor4554,Legacy:0/Buys:61/Sales:304,Nishane,Hacivat,100.0,159.0,100.0,AVAILABLE
Master-Professor4554,Legacy:0/Buys:61/Sales:304,Nishane,Wulong Cha,100.0,154.0,100.0,AVAILABLE
Master-Professor4554,Legacy:0/Buys:61/Sales:304,,1 Million Parfum,100.0,65.0,,AVAILABLE
Master-Professor4554,Legacy:0/Buys:61/Sales:304,,1 Million Elixir,100.0,80.0,,AVAILABLE
Master-Professor4554,Legacy:0/Buys:61/Sales:304,,Invictus EDT,200.0,67.0,,AVAILABLE
Master-Professor4554,Legacy:0/Buys:61/Sales:304,,Invictus Parfum,100.0,76.0,,AVAILABLE
Master-Professor4554,Legacy:0/Buys:61/Sales:304,,Invictus Victory Extreme,100.0,65.0,,AVAILABLE
Master-Professor4554,Legacy:0/Buys:61/Sales:304,,Invictus Victory Extreme,200.0,85.0,,AVAILABLE
Master-Professor4554,Legacy:0/Buys:61/Sales:304,,Invictus Platinum,100.0,90.0,,AVAILABLE
Master-Professor4554,Legacy:0/Buys:61/Sales:304,,Phantom Intense,200.0,87.0,,AVAILABLE
Master-Professor4554,Legacy:0/Buys:61/Sales:304,Parfums de Marly,Carlisle,125.0,205.0,100.0,AVAILABLE
Master-Professor4554,Legacy:0/Buys:61/Sales:304,Parfums de Marly,Castley,125.0,215.0,100.0,AVAILABLE
Master-Professor4554,Legacy:0/Buys:61/Sales:304,Parfums de Marly,Delina,75.0,176.0,100.0,AVAILABLE
Master-Professor4554,Legacy:0/Buys:61/Sales:304,Parfums de Marly,Godolphin,125.0,140.0,100.0,AVAILABLE
Master-Professor4554,Legacy:0/Buys:61/Sales:304,Parfums de Marly,Godolphin (Tester w Cap),125.0,125.0,100.0,AVAILABLE
Master-Professor4554,Legacy:0/Buys:61/Sales:304,Parfums de Marly,Greenley,125.0,193.0,100.0,AVAILABLE
Master-Professor4554,Legacy:0/Buys:61/Sales:304,Parfums de Marly,Haltane,125.0,193.0,100.0,AVAILABLE
Master-Professor4554,Legacy:0/Buys:61/Sales:304,Parfums de Marly,Herod,125.0,175.0,100.0,AVAILABLE
Master-Professor4554,Legacy:0/Buys:61/Sales:304,Parfums de Marly,Layton,125.0,190.0,100.0,AVAILABLE
Master-Professor4554,Legacy:0/Buys:61/Sales:304,Parfums de Marly,Oajan,125.0,190.0,100.0,AVAILABLE
Master-Professor4554,Legacy:0/Buys:61/Sales:304,Parfums de Marly,Percival,125.0,185.0,100.0,AVAILABLE
Master-Professor4554,Legacy:0/Buys:61/Sales:304,Parfums de Marly,Percival,200.0,240.0,100.0,AVAILABLE
Master-Professor4554,Legacy:0/Buys:61/Sales:304,Parfums de Marly,Percival Tester w Cap,125.0,170.0,,AVAILABLE
Master-Professor4554,Legacy:0/Buys:61/Sales:304,Parfums de Marly,Pegasus,125.0,155.0,100.0,AVAILABLE
Master-Professor4554,Legacy:0/Buys:61/Sales:304,Parfums de Marly,Pegasus Tester w Cap,125.0,150.0,,AVAILABLE
Master-Professor4554,Legacy:0/Buys:61/Sales:304,Parfums de Marly,Pegasus,200.0,189.0,100.0,AVAILABLE
Master-Professor4554,Legacy:0/Buys:61/Sales:304,Parfums de Marly,Pegasus Exclusif Tester w Cap,125.0,149.0,,AVAILABLE
Master-Professor4554,Legacy:0/Buys:61/Sales:304,Parfums de Marly,Pegasus Exclusif,125.0,159.0,100.0,AVAILABLE
Master-Professor4554,Legacy:0/Buys:61/Sales:304,Parfums de Marly,Sedley,125.0,190.0,100.0,AVAILABLE
Master-Professor4554,Legacy:0/Buys:61/Sales:304,Parfums de Marly,Valaya Tester w Cap,75.0,180.0,,AVAILABLE
Master-Professor4554,Legacy:0/Buys:61/Sales:304,Parfums de Marly,Valaya Exclusif,75.0,230.0,100.0,AVAILABLE
Master-Professor4554,Legacy:0/Buys:61/Sales:304,Parfums de Marly,Valaya Exclusif (Tester w Cap),75.0,205.0,100.0,AVAILABLE
Master-Professor4554,Legacy:0/Buys:61/Sales:304,Parfums de Marly,Perseus,125.0,175.0,100.0,AVAILABLE
Master-Professor4554,Legacy:0/Buys:61/Sales:304,Penhaligon's,Halfeti,100.0,185.0,100.0,AVAILABLE
Master-Professor4554,Legacy:0/Buys:61/Sales:304,Penhaligon's,Halfeti Cedar,100.0,190.0,100.0,AVAILABLE
Master-Professor4554,Legacy:0/Buys:61/Sales:304,Prada,Amber Pour Homme,100.0,69.0,100.0,AVAILABLE
Master-Professor4554,Legacy:0/Buys:61/Sales:304,Prada,L'Homme Intense EDP,100.0,84.0,100.0,AVAILABLE
Master-Professor4554,Legacy:0/Buys:61/Sales:304,Prada,L'Homme Intense EDP (Tester w Cap),100.0,84.0,100.0,AVAILABLE
Master-Professor4554,Legacy:0/Buys:61/Sales:304,Prada,Luna Rossa Black,100.0,80.0,100.0,AVAILABLE
Master-Professor4554,Legacy:0/Buys:61/Sales:304,Prada,Luna Rossa Carbon,100.0,76.0,100.0,AVAILABLE
Master-Professor4554,Legacy:0/Buys:61/Sales:304,Prada,Luna Rossa Sport,100.0,76.0,100.0,AVAILABLE
Master-Professor4554,Legacy:0/Buys:61/Sales:304,Prada,Luna Rossa Sport,100.0,69.0,100.0,AVAILABLE
Master-Professor4554,Legacy:0/Buys:61/Sales:304,Prada,Luna Rossa Ocean Le Parfum,100.0,94.0,100.0,AVAILABLE
Master-Professor4554,Legacy:0/Buys:61/Sales:304,,God of Fire,50.0,190.0,100.0,AVAILABLE
Master-Professor4554,Legacy:0/Buys:61/Sales:304,,Mango Kiss,50.0,190.0,100.0,AVAILABLE
Master-Professor4554,Legacy:0/Buys:61/Sales:304,Tom Ford,Noir,100.0,110.0,100.0,AVAILABLE
Master-Professor4554,Legacy:0/Buys:61/Sales:304,Tom Ford,Lost Cherry,100.0,280.0,100.0,AVAILABLE
Master-Professor4554,Legacy:0/Buys:61/Sales:304,Tom Ford,Myrrhe Mystere,100.0,340.0,100.0,AVAILABLE
Master-Professor4554,Legacy:0/Buys:61/Sales:304,Valentino,Born in Roma Extradose,100.0,125.0,100.0,AVAILABLE
Master-Professor4554,Legacy:0/Buys:61/Sales:304,Viktor & Rolf,Spicebomb Extreme,90.0,70.0,100.0,AVAILABLE
Master-Professor4554,Legacy:0/Buys:61/Sales:304,Xerjoff,Naxos,100.0,175.0,100.0,AVAILABLE
Master-Professor4554,Legacy:0/Buys:61/Sales:304,Xerjoff,Erba Pura,100.0,144.0,100.0,AVAILABLE
Master-Professor4554,Legacy:0/Buys:61/Sales:304,,Silverlake,100.0,31.0,100.0,AVAILABLE
Master-Professor4554,Legacy:0/Buys:61/Sales:304,Afnan,Turathi Blue,90.0,27.0,100.0,AVAILABLE
Master-Professor4554,Legacy:0/Buys:61/Sales:304,Afnan,Turathi Electric,90.0,36.0,100.0,AVAILABLE
Master-Professor4554,Legacy:0/Buys:61/Sales:304,Afnan,9PM Rebel,100.0,32.0,100.0,AVAILABLE
Master-Professor4554,Legacy:0/Buys:61/Sales:304,Afnan,Turathi Purple(W),90.0,27.0,100.0,AVAILABLE
Master-Professor4554,Legacy:0/Buys:61/Sales:304,Afnan,Turathi Electric,90.0,34.0,100.0,AVAILABLE
Master-Professor4554,Legacy:0/Buys:61/Sales:304,Armaf,Club De Nuit Precieux Extrait,55.0,50.0,100.0,AVAILABLE
Master-Professor4554,Legacy:0/Buys:61/Sales:304,Armaf,Club De Nuit Intense Limited Edition,105.0,59.0,100.0,AVAILABLE
Master-Professor4554,Legacy:0/Buys:61/Sales:304,Davidoff,Coolwater Intense,125.0,35.0,100.0,AVAILABLE
Master-Professor4554,Legacy:0/Buys:61/Sales:304,,Azzure Aoud,100.0,35.0,100.0,AVAILABLE
Master-Professor4554,Legacy:0/Buys:61/Sales:304,Lattafa,Habik,100.0,35.0,100.0,AVAILABLE
Master-Professor4554,Legacy:0/Buys:61/Sales:304,Carolina Herrera,Power Up Fresh EDT Spray,100.0,25.0,,AVAILABLE
Master-Professor4554,Legacy:0/Buys:61/Sales:304,Dunhill,Desire EDT,30.0,10.0,,AVAILABLE
Master-Professor4554,Legacy:0/Buys:61/Sales:304,Yves Saint Laurent,MYSLF EDP Travel Spray,10.0,19.0,,AVAILABLE
itwasyohan,Legacy:0/Buys:32/Sales:71,BDK Parfums,Gris Charnel,100.0,60.0,52.0,SOLD
itwasyohan,Legacy:0/Buys:32/Sales:71,,Encens Suave,100.0,135.0,99.9,SOLD
dize_raw,Legacy:0/Buys:54/Sales:73,,,,310.0,,SOLD
Mother-Raccoon-1209,Legacy:0/Buys:6/Sales:38,,Ombre Nomade,100.0,340.0,99.0,LISTED
Mother-Raccoon-1209,Legacy:0/Buys:6/Sales:38,,Belle De Nuit,10.0,52.0,100.0,LISTED
TommyRotYT,Legacy:0/Buys:71/Sales:80,,Imperator,100.0,139.0,,AVAILABLE
TommyRotYT,Legacy:0/Buys:71/Sales:80,Nishane,Hacivat,100.0,140.0,99.0,SOLD
TommyRotYT,Legacy:0/Buys:71/Sales:80,Giorgio Armani,Acqua Di Gio Profumo,125.0,160.0,99.0,SOLD
TommyRotYT,Legacy:0/Buys:71/Sales:80,Maison Francis Kurkdjian,Baccarat Rouge 540 Extrait,70.0,245.0,98.0,SOLD
TommyRotYT,Legacy:0/Buys:71/Sales:80,,Vibrato,100.0,155.0,99.0,SOLD
twinskulls,nan,Azzaro,The Most Wanted Parfum,100.55,70.0,97.0,LISTED
youme211,Legacy:0/Buys:92/Sales:313,Maison Francis Kurkdjian,Gentle Fluidity Silver,65.0,150.0,100.0,SOLD
youme211,Legacy:0/Buys:92/Sales:313,,Ani X,100.0,,,SOLD
youme211,Legacy:0/Buys:92/Sales:313,,Triumph of Bacchus,100.0,,,SOLD
youme211,Legacy:0/Buys:92/Sales:313,,Vibrato,,,,SOLD
youme211,Legacy:0/Buys:92/Sales:313,,Torino 24,,,,SOLD
youme211,Legacy:0/Buys:92/Sales:313,,EROS (EDP or Parfum),,,,SOLD
youme211,Legacy:0/Buys:92/Sales:313,,Decant Bundle (3 fragrances),,67.0,,LISTED
youme211,Legacy:0/Buys:92/Sales:313,Creed,Silver Mountain Water,10.0,,,LISTED
youme211,Legacy:0/Buys:92/Sales:313,Initio,Blockade,5.0,,,LISTED
youme211,Legacy:0/Buys:92/Sales:313,Initio,Mentor,4.0,,50.0,LISTED
N30lights,Legacy:0/Buys:9/Sales:5,,Forever wanted elixir,100.0,85.0,100.0,AVAILABLE
N30lights,Legacy:0/Buys:9/Sales:5,Jean Paul Gaultier,Le male Elixir,200.0,100.0,55.0,AVAILABLE
N30lights,Legacy:0/Buys:9/Sales:5,,Aqua Dubai,100.0,100.0,85.0,AVAILABLE
asam11,Legacy:0/Buys:8/Sales:50,Amouage,Bracken Man,,,,AVAILABLE
asam11,Legacy:0/Buys:8/Sales:50,Amouage,Imitation Man (Pre 2020),,,,AVAILABLE
asam11,Legacy:0/Buys:8/Sales:50,Creed,Vintage Bois du Portugal,,,,AVAILABLE
asam11,Legacy:0/Buys:8/Sales:50,Xerjoff,Duran Duran Black Moonlight,,,,AVAILABLE
pixel_junkie_1,Legacy:56/Buys:56/Sales:91,Tom Ford,Noir Extreme,100.0,98.0,97.0,SOLD
pixel_junkie_1,Legacy:56/Buys:56/Sales:91,Azzaro,the Most Wanted EDP Intense,150.0,118.0,97.0,AVAILABLE
pixel_junkie_1,Legacy:56/Buys:56/Sales:91,Prada,Amber Pour Homme,50.0,78.0,,AVAILABLE
pixel_junkie_1,Legacy:56/Buys:56/Sales:91,,Absolutely,100.0,78.0,,AVAILABLE
alkcs,nan,,,,310.0,,LISTED
ObjectiveTrue3696,Legacy:0/Buys:32/Sales:59,,London Spice,100.0,159.0,100.0,SOLD
SignificanceOwn8163,Legacy:0/Buys:0/Sales:6,Azzaro,The Most Wanted EDP Intense,100.0,63.0,90.0,LISTED
SignificanceOwn8163,Legacy:0/Buys:0/Sales:6,Creed,Aventus (official sample),2.0,,,LISTED
Fortlandia11,Legacy:0/Buys:25/Sales:16,Louis Vuitton,Meteore,100.0,190.0,55.0,SOLD
Fortlandia11,Legacy:0/Buys:25/Sales:16,Parfums de Marly,Galloway,50.0,125.0,85.0,AVAILABLE
Fortlandia11,Legacy:0/Buys:25/Sales:16,Xerjoff,Mefisto,100.0,140.0,98.0,SOLD
Fortlandia11,Legacy:0/Buys:25/Sales:16,Xerjoff,40 Knots,100.0,140.0,99.0,SOLD
Fortlandia11,Legacy:0/Buys:25/Sales:16,Mancera,Cedrat Boise,120.0,60.0,99.0,SOLD
Fortlandia11,Legacy:0/Buys:25/Sales:16,,Rogue Bon Monsieur,75.0,120.0,99.0,SOLD
Fortlandia11,Legacy:0/Buys:25/Sales:16,,Caswell Massey Supernatural VI,88.0,75.0,95.0,SOLD
Fortlandia11,Legacy:0/Buys:25/Sales:16,,Eight & Bob Agneta,50.0,100.0,97.0,AVAILABLE
Fortlandia11,Legacy:0/Buys:25/Sales:16,,Les Indemodables Immortelle Solaire,50.0,175.0,99.0,AVAILABLE
Fortlandia11,Legacy:0/Buys:25/Sales:16,Armani,Armani Code Parfum,50.0,40.0,97.0,SOLD
Fortlandia11,Legacy:0/Buys:25/Sales:16,,Ex Nihilo Outcast Blue,7.5,35.0,,AVAILABLE
Fortlandia11,Legacy:0/Buys:25/Sales:16,,Goldfield & Banks Tales of Amber,10.0,45.0,,AVAILABLE
WinterBlastard,Legacy:0/Buys:4/Sales:13,Afnan,Turathi Blue Spring 2024 Batch,100.0,22.0,85.0,AVAILABLE
WinterBlastard,Legacy:0/Buys:4/Sales:13,,Liquid Brun,100.0,30.0,92.5,AVAILABLE
WinterBlastard,Legacy:0/Buys:4/Sales:13,,Sweet Heaven Ice,100.0,30.0,95.0,AVAILABLE
WinterBlastard,Legacy:0/Buys:4/Sales:13,Lattafa,Emeer,100.0,33.0,95.0,AVAILABLE
WinterBlastard,Legacy:0/Buys:4/Sales:13,,Parfum Pour Homme,100.0,35.0,90.0,AVAILABLE
WinterBlastard,Legacy:0/Buys:4/Sales:13,Ralph Lauren,Polo Blue EDP,125.0,45.0,50.0,AVAILABLE
WinterBlastard,Legacy:0/Buys:4/Sales:13,,Hawas Jun 2023 Batch,100.0,12.0,65.0,AVAILABLE
DrSounds,Legacy:0/Buys:29/Sales:21,Creed,Aventus,100.0,180.0,,SOLD
ZestycloseProperty33,Legacy:0/Buys:0/Sales:1,,Fortuitous Finley,,210.0,99.0,LISTED
ZestycloseProperty33,Legacy:0/Buys:0/Sales:1,,,,290.0,90.0,AVAILABLE
bigbrostop,Legacy:0/Buys:4/Sales:5,Dior,Sauvage Elixir,100.0,150.0,99.0,SOLD
bigbrostop,Legacy:0/Buys:4/Sales:5,Gucci,Guilty Elixir,60.0,80.0,99.0,AVAILABLE
bigbrostop,Legacy:0/Buys:4/Sales:5,Montale,Intense Cafe,100.0,50.0,99.0,AVAILABLE
bigbrostop,Legacy:0/Buys:4/Sales:5,Viktor & Rolf,Spicebomb Infrared EDT,50.0,30.0,99.0,SOLD
bigbrostop,Legacy:0/Buys:4/Sales:5,Moschino,Toy Boy,100.0,30.0,99.0,AVAILABLE
bigbrostop,Legacy:0/Buys:4/Sales:5,Armani,Code Parfum,125.0,70.0,70.0,AVAILABLE
ryanisaboy,Legacy:0/Buys:0/Sales:1,,Entire inventory,,150.0,,AVAILABLE
ryanisaboy,Legacy:0/Buys:0/Sales:1,,Fragrance Mystery Box,,25.0,,AVAILABLE
ryanisaboy,Legacy:0/Buys:0/Sales:1,Lattafa,Al Noble Safeer,,13.0,99.0,AVAILABLE
ryanisaboy,Legacy:0/Buys:0/Sales:1,,DUA Tonka Cola,,20.0,99.0,AVAILABLE
ryanisaboy,Legacy:0/Buys:0/Sales:1,,FOMO Essence Of The Other World,,30.0,99.0,AVAILABLE
ryanisaboy,Legacy:0/Buys:0/Sales:1,,Hope Homme,,5.0,100.0,AVAILABLE
ryanisaboy,Legacy:0/Buys:0/Sales:1,,Maison de l'Avenir Majestic Millenium,100.0,15.0,,AVAILABLE
ryanisaboy,Legacy:0/Buys:0/Sales:1,,Monac Attar BOA,,15.0,,AVAILABLE
ryanisaboy,Legacy:0/Buys:0/Sales:1,,Odyssey artisto red edition,,30.0,100.0,AVAILABLE
ryanisaboy,Legacy:0/Buys:0/Sales:1,,Rassai Fire,,30.0,95.0,AVAILABLE
ryanisaboy,Legacy:0/Buys:0/Sales:1,Le Labo,Sandalwood 33,,15.0,,LISTED
ryanisaboy,Legacy:0/Buys:0/Sales:1,,Tobacco,,15.0,,LISTED
ryanisaboy,Legacy:0/Buys:0/Sales:1,,Grand CUVÉE,,20.0,,LISTED
ryanisaboy,Legacy:0/Buys:0/Sales:1,,RUMZ AL FURSAN EDP,100.0,20.0,,LISTED
ryanisaboy,Legacy:0/Buys:0/Sales:1,,After Effect,,22.0,99.0,LISTED
ryanisaboy,Legacy:0/Buys:0/Sales:1,Armaf,Club de Nuit Milestone,,20.0,99.0,LISTED
ryanisaboy,Legacy:0/Buys:0/Sales:1,,1million,10.0,10.0,,LISTED
Nakg16,Legacy:0/Buys:69/Sales:327,Louis Vuitton,Meteore,30.0,95.0,,AVAILABLE
Nakg16,Legacy:0/Buys:69/Sales:327,,Burlington 1819,100.0,139.0,,AVAILABLE
Nakg16,Legacy:0/Buys:69/Sales:327,,Contralto,100.0,69.0,,SOLD
Nakg16,Legacy:0/Buys:69/Sales:327,Bond No 9,The Scent Of Peace,100.0,135.0,,AVAILABLE
Nakg16,Legacy:0/Buys:69/Sales:327,Azzaro,Forever Wanted Elixir,100.0,75.0,,SOLD
Nakg16,Legacy:0/Buys:69/Sales:327,Creed,Viking,100.0,139.0,,SOLD
Nakg16,Legacy:0/Buys:69/Sales:327,Aaron Terence Hughes,Haze,50.0,189.0,,SOLD
Nakg16,Legacy:0/Buys:69/Sales:327,Aaron Terence Hughes,Notorious,50.0,189.0,90.0,AVAILABLE
Nakg16,Legacy:0/Buys:69/Sales:327,Serge Lutens,Chergui,100.0,49.0,,SOLD
Nakg16,Legacy:0/Buys:69/Sales:327,Armani,Code EDP 2024,50.0,49.0,,LISTED
Nakg16,Legacy:0/Buys:69/Sales:327,,Orange X Santal,100.0,69.0,,LISTED
Nakg16,Legacy:0/Buys:69/Sales:327,,Divine Vanille,100.0,69.0,,LISTED
Nakg16,Legacy:0/Buys:69/Sales:327,,Pernoire,50.0,169.0,,LISTED
Nakg16,Legacy:0/Buys:69/Sales:327,,Date For Men,100.0,55.0,,LISTED
Nakg16,Legacy:0/Buys:69/Sales:327,Lattafa,Art of Arabia III,,25.0,,LISTED
Nakg16,Legacy:0/Buys:69/Sales:327,,Amphitrite’s Elixir (Aventus For Her),,35.0,,LISTED
Nakg16,Legacy:0/Buys:69/Sales:327,,Cap Dantibes,30.0,65.0,,LISTED
Platemails,Legacy:0/Buys:0/Sales:2,Gucci,Guilty Pour Homme,,40.0,,LISTED
lifesameh,Legacy:0/Buys:1/Sales:0,,Eau Matcha,50.0,75.0,,SOLD
lifesameh,Legacy:0/Buys:1/Sales:0,,Elysian Cologne,50.0,,,AVAILABLE
lifesameh,Legacy:0/Buys:1/Sales:0,Armaf,Club de nuit Precieux,50.0,,,AVAILABLE
999daddy,Legacy:60/Buys:0/Sales:19,Diptyque,Lilyphea,100.0,215.0,,SOLD
999daddy,Legacy:60/Buys:0/Sales:19,Diptyque,Eau Rihla,75.0,185.0,,LISTED
999daddy,Legacy:60/Buys:0/Sales:19,Byredo,Super Cedar,100.0,150.0,,LISTED
999daddy,Legacy:60/Buys:0/Sales:19,Parfums de Marly,Carlisle,125.0,165.0,,LISTED
TheM0EM0E,Legacy:0/Buys:1/Sales:1,BDK Parfums,Rouge Smoking,100.0,165.0,99.0,LISTED
TheM0EM0E,Legacy:0/Buys:1/Sales:1,BDK Parfums,Pas Ce Soir,100.0,165.0,97.0,LISTED
TheM0EM0E,Legacy:0/Buys:1/Sales:1,Initio,Narcotic Delight,90.0,170.0,,LISTED
Warm-Cantaloupe-69,Legacy:0/Buys:0/Sales:2,Dior,Sauvage Parfum,100.0,90.0,95.0,LISTED
Victoriano93,Legacy:13/Buys:40/Sales:30,Tom Ford,Myrrhe Mystere,30.0,105.0,83.0,SOLD
Victoriano93,Legacy:13/Buys:40/Sales:30,,Manhattan EDP,,180.0,,AVAILABLE
Victoriano93,Legacy:13/Buys:40/Sales:30,Clive Christian,JUAKM Hedonistic,,190.0,,SOLD
BABankert,Legacy:0/Buys:1/Sales:4,Aaron Terence Hughes,Haze Extreme,10.0,55.0,,SOLD
OutsideStrawberry609,Legacy:0/Buys:0/Sales:8,,Roja Scandal Cologne,100.0,85.0,,SOLD
OutsideStrawberry609,Legacy:0/Buys:0/Sales:8,,Roja Renier De Lirius,,150.0,,AVAILABLE
OutsideStrawberry609,Legacy:0/Buys:0/Sales:8,,Roja Elysium Pour Homme Parfum,50.0,140.0,,SOLD
OutsideStrawberry609,Legacy:0/Buys:0/Sales:8,,Roja Elysium Cologne,100.0,70.0,,AVAILABLE
Doggystylemike,Legacy:0/Buys:30/Sales:42,Penhaligon's,Blazing Mr. Sam,75.0,170.0,70.0,LISTED
Doggystylemike,Legacy:0/Buys:30/Sales:42,,Swamp Water,,120.0,99.0,LISTED
Doggystylemike,Legacy:0/Buys:30/Sales:42,,Swamp Water (sample / extra),30.0,,100.0,LISTED
kid22cudi,Legacy:0/Buys:7/Sales:23,,Reflection 45,100.0,260.0,95.0,SOLD
kid22cudi,Legacy:0/Buys:7/Sales:23,,Orpheon,75.0,160.0,99.0,AVAILABLE
jerryr88,Legacy:1/Buys:2/Sales:5,,Original Santal,100.0,150.0,,SOLD
RussianBlue18,nan,Lattafa,Eclaire EDP,100.0,30.0,92.5,LISTED
RussianBlue18,nan,,108 EDP,100.0,33.7,92.5,LISTED
RussianBlue18,nan,,165 EDP,50.0,21.99,92.5,LISTED
firebear827,Legacy:0/Buys:13/Sales:1,Yves Saint Laurent,Y EDP,,55.0,,LISTED
firebear827,Legacy:0/Buys:13/Sales:1,,Pour Homme,,30.0,90.0,LISTED
firebear827,Legacy:0/Buys:13/Sales:1,,Eros Flame,,40.0,90.0,LISTED
ihavezeroanswersbro,Legacy:0/Buys:0/Sales:13,Initio,Narcotic Delight,90.0,160.0,,AVAILABLE
ihavezeroanswersbro,Legacy:0/Buys:0/Sales:13,Creed,Aventus,100.0,206.0,,AVAILABLE
ihavezeroanswersbro,Legacy:0/Buys:0/Sales:13,Creed,Oaxaca,50.0,200.0,,AVAILABLE
ihavezeroanswersbro,Legacy:0/Buys:0/Sales:13,Creed,Arabesque,100.0,106.0,,AVAILABLE
ihavezeroanswersbro,Legacy:0/Buys:0/Sales:13,,Tropylang,50.0,126.0,,AVAILABLE
ihavezeroanswersbro,Legacy:0/Buys:0/Sales:13,Byredo,Woods,,46.0,,AVAILABLE
ihavezeroanswersbro,Legacy:0/Buys:0/Sales:13,Byredo,Chai,,46.0,,AVAILABLE
ihavezeroanswersbro,Legacy:0/Buys:0/Sales:13,Byredo,Proletaire (Lily of the Valley),,80.0,,AVAILABLE
counterstrikenewbie,Legacy:0/Buys:10/Sales:22,Louis Vuitton,Sun Song OG (Tester),100.0,270.0,90.0,AVAILABLE
counterstrikenewbie,Legacy:0/Buys:10/Sales:22,Parfums de Marly,Herod,125.0,165.0,99.0,AVAILABLE
counterstrikenewbie,Legacy:0/Buys:10/Sales:22,Christian Dior,Oud Ispahan Esprit,7.5,30.0,,AVAILABLE
counterstrikenewbie,Legacy:0/Buys:10/Sales:22,Christian Dior,Gris Dior,7.5,25.0,,AVAILABLE
counterstrikenewbie,Legacy:0/Buys:10/Sales:22,,Soleil de Jeddah,50.0,150.0,96.0,AVAILABLE
counterstrikenewbie,Legacy:0/Buys:10/Sales:22,,Mind Games Queenside,100.0,300.0,99.0,AVAILABLE
counterstrikenewbie,Legacy:0/Buys:10/Sales:22,Christian Dior,Oud Ispahan Esprit,80.0,300.0,99.0,AVAILABLE
counterstrikenewbie,Legacy:0/Buys:10/Sales:22,,Lucky Esprit,80.0,300.0,99.0,AVAILABLE
counterstrikenewbie,Legacy:0/Buys:10/Sales:22,Christian Dior,Gris Dior Esprit,80.0,250.0,69.0,AVAILABLE
counterstrikenewbie,Legacy:0/Buys:10/Sales:22,,New Look,250.0,230.0,,AVAILABLE
counterstrikenewbie,Legacy:0/Buys:10/Sales:22,,New Look 1947,250.0,230.0,,AVAILABLE
counterstrikenewbie,Legacy:0/Buys:10/Sales:22,,balade savage,250.0,320.0,,SOLD
counterstrikenewbie,Legacy:0/Buys:10/Sales:22,,Belle De Jour,250.0,380.0,,AVAILABLE
counterstrikenewbie,Legacy:0/Buys:10/Sales:22,Christian Dior,Dioramour,250.0,90.0,,AVAILABLE
counterstrikenewbie,Legacy:0/Buys:10/Sales:22,Maison Francis Kurkdjian,724,70.0,150.0,96.0,AVAILABLE
counterstrikenewbie,Legacy:0/Buys:10/Sales:22,Maison Francis Kurkdjian,Petit Matin,70.0,140.0,93.0,AVAILABLE
counterstrikenewbie,Legacy:0/Buys:10/Sales:22,Maison Francis Kurkdjian,Oud Satin Mood EDP,70.0,160.0,94.0,AVAILABLE
counterstrikenewbie,Legacy:0/Buys:10/Sales:22,Maison Francis Kurkdjian,A ‘la Rose,70.0,40.0,21.0,AVAILABLE
counterstrikenewbie,Legacy:0/Buys:10/Sales:22,Tom Ford,Soleil Blanc EDP,50.0,100.0,98.0,AVAILABLE
counterstrikenewbie,Legacy:0/Buys:10/Sales:22,Jean Paul Gaultier,le male elxir,125.0,70.0,80.0,SOLD
counterstrikenewbie,Legacy:0/Buys:10/Sales:22,,Cannabis Patchouli,100.0,170.0,98.0,LISTED
counterstrikenewbie,Legacy:0/Buys:10/Sales:22,,Rose gypsy,250.0,190.0,,LISTED
counterstrikenewbie,Legacy:0/Buys:10/Sales:22,,Granville,250.0,350.0,,LISTED
counterstrikenewbie,Legacy:0/Buys:10/Sales:22,Louis Vuitton,Matiere Noire,100.0,185.0,90.0,LISTED
counterstrikenewbie,Legacy:0/Buys:10/Sales:22,Bond No 9,Bond No 9,,,,
counterstrikenewbie,Legacy:0/Buys:10/Sales:22,Creed,Creed (with caps),,,,
counterstrikenewbie,Legacy:0/Buys:10/Sales:22,Guerlain,Guerlain,200.0,,,
counterstrikenewbie,Legacy:0/Buys:10/Sales:22,Parfums de Marly,Greenly,,,,
counterstrikenewbie,Legacy:0/Buys:10/Sales:22,Parfums de Marly,Sedley,,,,
counterstrikenewbie,Legacy:0/Buys:10/Sales:22,Parfums de Marly,Castley,125.0,,,
counterstrikenewbie,Legacy:0/Buys:10/Sales:22,Louis Vuitton,Cactus Garden,,,,
counterstrikenewbie,Legacy:0/Buys:10/Sales:22,,Afternoon swim,200.0,,,
counterstrikenewbie,Legacy:0/Buys:10/Sales:22,,Mind games,,,,
BABankert,Legacy:0/Buys:1/Sales:4,,French Avenue Azzure Aoud,100.0,,95.0,LISTED
BABankert,Legacy:0/Buys:1/Sales:4,Lattafa,Khamrah Qawha,100.0,,95.0,LISTED
BABankert,Legacy:0/Buys:1/Sales:4,Al Haramain Perfumes,Amber Oud Tobacco Edition,60.0,,85.0,LISTED
BABankert,Legacy:0/Buys:1/Sales:4,Afnan,9PM Rebel,100.0,,90.0,LISTED
scizzerwollop,Legacy:0/Buys:81/Sales:33,,Fugazzi Angel Dust,100.0,150.0,90.0,SOLD
hburt1313,Legacy:0/Buys:0/Sales:11,,,50.0,150.0,,AVAILABLE
CompScIron,Legacy:0/Buys:8/Sales:3,Afnan,Supremacy Collector's Edition,,,50.0,LISTED
CompScIron,Legacy:0/Buys:8/Sales:3,,Explorer,,,70.0,LISTED
CompScIron,Legacy:0/Buys:8/Sales:3,,Roll-It 7 (Afternoon Swim Dupe),,,75.0,LISTED
CompScIron,Legacy:0/Buys:8/Sales:3,Armaf,Club de Nuit Intense Extrait de Parfum,,,95.0,LISTED
CompScIron,Legacy:0/Buys:8/Sales:3,Afnan,Turathi Blue,,,70.0,LISTED
Lonely-Application97,Legacy:0/Buys:1/Sales:6,,Black Tie 511,,70.0,,AVAILABLE
Lonely-Application97,Legacy:0/Buys:1/Sales:6,,Ktoret Blue 140,,70.0,,AVAILABLE
Lonely-Application97,Legacy:0/Buys:1/Sales:6,,Spice 139,,70.0,,AVAILABLE
Lonely-Application97,Legacy:0/Buys:1/Sales:6,,San Lucas 831,,70.0,,AVAILABLE
Lonely-Application97,Legacy:0/Buys:1/Sales:6,,Invictus Platinum,100.0,65.0,,AVAILABLE
Lonely-Application97,Legacy:0/Buys:1/Sales:6,,La Rose de Roses,,75.0,,AVAILABLE
deathtodadbod7,Legacy:0/Buys:3/Sales:12,,,,240.0,,LISTED
Kurse_Kustoms,Legacy:0/Buys:5/Sales:32,,Pinnace Oryn,100.0,15.0,97.0,LISTED
Kurse_Kustoms,Legacy:0/Buys:5/Sales:32,,Théorème,100.0,15.0,97.0,LISTED
Kurse_Kustoms,Legacy:0/Buys:5/Sales:32,Afnan,Turathi Blue,90.0,15.0,85.0,LISTED
Kurse_Kustoms,Legacy:0/Buys:5/Sales:32,Afnan,9PM,100.0,15.0,80.0,LISTED
Kurse_Kustoms,Legacy:0/Buys:5/Sales:32,,Immortel,100.0,15.0,90.0,LISTED
Kurse_Kustoms,Legacy:0/Buys:5/Sales:32,Zara,Sunrise On The Red Sand Dunes,100.0,15.0,90.0,LISTED
Kurse_Kustoms,Legacy:0/Buys:5/Sales:32,,Alpine Homme Sport,100.0,15.0,90.0,LISTED
loopgaroooo,Legacy:0/Buys:34/Sales:41,,Extrait (unknown fragrance),100.0,120.0,,LISTED
OnesieTwosies,Legacy:0/Buys:8/Sales:19,,Legend+,30.0,,,AVAILABLE
OnesieTwosies,Legacy:0/Buys:8/Sales:19,,Icon,30.0,,100.0,AVAILABLE
OnesieTwosies,Legacy:0/Buys:8/Sales:19,,Not A Perfume EDP,100.0,,100.0,LISTED
OnesieTwosies,Legacy:0/Buys:8/Sales:19,,Superdose EDP,100.0,,100.0,LISTED
OnesieTwosies,Legacy:0/Buys:8/Sales:19,Maison Francis Kurkdjian,Aqua Media Cologne Forte,35.0,200.0,,LISTED
OnesieTwosies,Legacy:0/Buys:8/Sales:19,Maison Francis Kurkdjian,Aqua Vitae Cologne Forte,35.0,200.0,,LISTED
OnesieTwosies,Legacy:0/Buys:8/Sales:19,Maison Francis Kurkdjian,Aqua Celestia Cologne Forte,35.0,200.0,,LISTED
Mother-Raccoon-1209,Legacy:0/Buys:6/Sales:38,,Full Pres,100.0,325.0,99.0,LISTED
FragranceTX,Legacy:0/Buys:24/Sales:107,,Tabac 28,50.0,240.0,,SOLD
FragranceTX,Legacy:0/Buys:24/Sales:107,,Bohemian Infusion,100.0,108.0,100.0,LISTED
Sea-Kitchen-5043,Legacy:0/Buys:7/Sales:9,By Kilian,Angel's Share,50.0,180.0,,AVAILABLE
Sea-Kitchen-5043,Legacy:0/Buys:7/Sales:9,Xerjoff,Naxos,100.0,150.0,,AVAILABLE
Sea-Kitchen-5043,Legacy:0/Buys:7/Sales:9,Creed,Aventus,,215.0,,AVAILABLE
Sea-Kitchen-5043,Legacy:0/Buys:7/Sales:9,Parfums de Marly,Althair,,,,LISTED
Sea-Kitchen-5043,Legacy:0/Buys:7/Sales:9,Maison Francis Kurkdjian,Grand Soir,,,,LISTED
Sea-Kitchen-5043,Legacy:0/Buys:7/Sales:9,Dior,Tobacolor,,,,LISTED
Sea-Kitchen-5043,Legacy:0/Buys:7/Sales:9,Yves Saint Laurent,6,,,,LISTED
mfkoo1211,Legacy:0/Buys:1/Sales:0,Hermès,,100.0,58.0,98.0,AVAILABLE
mfkoo1211,Legacy:0/Buys:1/Sales:0,,40 Knots,100.0,88.0,45.0,AVAILABLE
mfkoo1211,Legacy:0/Buys:1/Sales:0,Armani,Code EDT,75.0,58.0,80.0,AVAILABLE
mfkoo1211,Legacy:0/Buys:1/Sales:0,Dolce & Gabbana,Light Blue,125.0,46.0,98.0,SOLD
3creen,nan,,,125.0,175.0,,LISTED
NaughtiusMaximus111,nan,Maison Francis Kurkdjian,Oud Minerale,50.0,,90.0,LISTED
NaughtiusMaximus111,nan,Tom Ford,Noir Extreme,100.0,,90.0,LISTED
NaughtiusMaximus111,nan,Tom Ford,Black Orchid,100.0,,97.0,LISTED
NaughtiusMaximus111,nan,Prada,Prada Luna Rossa Black,50.0,,90.0,LISTED
NaughtiusMaximus111,nan,Tom Ford,Oud Wood,30.0,,66.67,LISTED
NaughtiusMaximus111,nan,Tom Ford,Ombre Leather,150.0,,93.33,LISTED
NaughtiusMaximus111,nan,,Vert Boheme,50.0,,99.0,LISTED
Guntifoop10,Legacy:0/Buys:7/Sales:11,,,100.0,315.0,72.5,LISTED
Pure-Fudge6223,Legacy:0/Buys:1/Sales:0,Acqua di Parma,Colonia,,,,
Pure-Fudge6223,Legacy:0/Buys:1/Sales:0,Acqua di Parma,Arancia di Capri,,,,
Pure-Fudge6223,Legacy:0/Buys:1/Sales:0,Acqua di Parma,Fico di Amalfi,,,,
Pure-Fudge6223,Legacy:0/Buys:1/Sales:0,Guerlain,Guerlain (unspecified),,,,
Mighty_BB,Legacy:0/Buys:2/Sales:0,Creed,Aventus,100.0,225.0,98.0,AVAILABLE
Mighty_BB,Legacy:0/Buys:2/Sales:0,Yves Saint Laurent,Tuxedo (white label),,,,
Wallach,Legacy:0/Buys:1/Sales:3,Jean Paul Gaultier,Le Male Elixir,125.0,70.0,,LISTED
Hot-Response-6452,Legacy:0/Buys:15/Sales:15,,,50.0,95.0,,LISTED
Ancient_Cod_7190,Legacy:0/Buys:3/Sales:7,,Atlas Fever,50.0,135.0,98.0,AVAILABLE
MidModGuyTx,Legacy:0/Buys:2/Sales:2,,Tiffany For Men,7.5,50.0,,LISTED
MidModGuyTx,Legacy:0/Buys:2/Sales:2,,Salvador Dali Pour Homme,50.0,90.0,100.0,LISTED
MidModGuyTx,Legacy:0/Buys:2/Sales:2,Calvin Klein,Calvin EDT,50.0,145.0,75.0,LISTED
KillingHitlerz69,Legacy:0/Buys:12/Sales:9,Parfums de Marly,Herod,124.2,145.0,95.0,LISTED
KillingHitlerz69,Legacy:0/Buys:12/Sales:9,,French Riviera,60.0,65.0,95.0,LISTED
sparklymineral,Legacy:0/Buys:1/Sales:1,,Unknown,100.0,150.0,50.0,LISTED
sparklymineral,Legacy:0/Buys:1/Sales:1,,,,15.0,,LISTED
meridius85,Legacy:0/Buys:18/Sales:46,,,100.0,70.0,,LISTED
musicandarts,Legacy:0/Buys:3/Sales:15,Hermès,Concentré d'Orange Verte,100.0,50.0,,SOLD
K33gzz,Legacy:1/Buys:42/Sales:53,Bond No 9,Scent of Peace Natural,,147.0,96.0,AVAILABLE
K33gzz,Legacy:1/Buys:42/Sales:53,Tom Ford,Oud Wood,,78.0,38.0,AVAILABLE
Possible_Beautiful63,Legacy:17/Buys:17/Sales:82,Maison Francis Kurkdjian,Oud Satin Mood Extrait,70.0,255.0,,AVAILABLE
Possible_Beautiful63,Legacy:17/Buys:17/Sales:82,,Blue Talisman,100.0,270.0,,AVAILABLE
Possible_Beautiful63,Legacy:17/Buys:17/Sales:82,Frederic Malle,Musc Ravageur,100.0,150.0,,AVAILABLE
Dealer_Senior,Legacy:0/Buys:10/Sales:29,Maison Francis Kurkdjian,L’homme A la rose,70.0,165.0,,AVAILABLE
Dealer_Senior,Legacy:0/Buys:10/Sales:29,,Prisma Amethyst,2.0,,,AVAILABLE
Dealer_Senior,Legacy:0/Buys:10/Sales:29,,Prisma Zircon,2.0,,,AVAILABLE
Dealer_Senior,Legacy:0/Buys:10/Sales:29,,Prisma Topaz,2.0,,,AVAILABLE
Dealer_Senior,Legacy:0/Buys:10/Sales:29,Aaron Terence Hughes,ATH Daddy,5.0,,,AVAILABLE
Dealer_Senior,Legacy:0/Buys:10/Sales:29,Aaron Terence Hughes,ATH Alpha Man,2.0,,,AVAILABLE
Dealer_Senior,Legacy:0/Buys:10/Sales:29,Aaron Terence Hughes,ATH Adonis,2.0,,,AVAILABLE
Dealer_Senior,Legacy:0/Buys:10/Sales:29,Aaron Terence Hughes,ATH Raw Cherry,2.0,,,AVAILABLE
Dealer_Senior,Legacy:0/Buys:10/Sales:29,,Argos Danae,2.0,,,AVAILABLE
Dealer_Senior,Legacy:0/Buys:10/Sales:29,Xerjoff,40 Knots,2.0,,,LISTED
Dealer_Senior,Legacy:0/Buys:10/Sales:29,Louis Vuitton,Sun Song,2.0,,,LISTED
Dealer_Senior,Legacy:0/Buys:10/Sales:29,Creed,Aventus,2.0,,,LISTED
Dealer_Senior,Legacy:0/Buys:10/Sales:29,Louis Vuitton,L’immensite,20.0,40.0,,LISTED
999daddy,Legacy:60/Buys:0/Sales:19,,,35.0,165.0,100.0,AVAILABLE
meridius85,Legacy:0/Buys:18/Sales:46,,,50.0,70.0,,LISTED
ZestycloseProperty33,Legacy:0/Buys:0/Sales:1,Dior,Dior Homme Parfum (Pre-Reform),,200.0,,AVAILABLE
Flying_Ant159,Legacy:0/Buys:6/Sales:16,,Mind Games Queenside,10.0,45.0,98.0,AVAILABLE
Flying_Ant159,Legacy:0/Buys:6/Sales:16,,Albert Einstein Quantum,100.0,23.0,96.0,SOLD
Flying_Ant159,Legacy:0/Buys:6/Sales:16,,Goldfield and Banks Pacific Rock Flower (Official 10mL travel size),10.0,25.0,99.0,SOLD
Flying_Ant159,Legacy:0/Buys:6/Sales:16,Creed,Oud Zarian (Official Carded Sample),,15.0,,SOLD
Flying_Ant159,Legacy:0/Buys:6/Sales:16,,Toskovat Ataraxia Vestibule,5.0,33.0,98.0,SOLD
Flying_Ant159,Legacy:0/Buys:6/Sales:16,,Natif Perfumes Swamp Water,30.0,33.0,95.0,SOLD
Flying_Ant159,Legacy:0/Buys:6/Sales:16,,Natif Perfumes Green Giant,10.0,33.0,100.0,SOLD
Flying_Ant159,Legacy:0/Buys:6/Sales:16,,Natif Perfumes Cotton Candy Delight,1.0,33.0,100.0,SOLD
Flying_Ant159,Legacy:0/Buys:6/Sales:16,Clive Christian,Town & Country (sample),1.0,12.0,,SOLD
Flying_Ant159,Legacy:0/Buys:6/Sales:16,Diptyque,Corail Oscuro (sample),2.0,12.0,,SOLD
Flying_Ant159,Legacy:0/Buys:6/Sales:16,Bond No 9,"Washington Square (sample, discontinued)",1.0,12.0,,SOLD
Flying_Ant159,Legacy:0/Buys:6/Sales:16,BDK Parfums,Gris Charnel Extrait (sample),1.0,12.0,,SOLD
No-Process-8492,Legacy:0/Buys:63/Sales:111,,Nitro Red intensely,100.0,40.0,99.0,AVAILABLE
No-Process-8492,Legacy:0/Buys:63/Sales:111,Armaf,Preciuex,55.0,40.0,99.0,AVAILABLE
No-Process-8492,Legacy:0/Buys:63/Sales:111,,Imaginary Pineapple,50.0,40.0,99.0,AVAILABLE
No-Process-8492,Legacy:0/Buys:63/Sales:111,Aaron Terence Hughes,Hombre Facial Lotion,50.0,30.0,100.0,AVAILABLE
No-Process-8492,Legacy:0/Buys:63/Sales:111,,Unique'e Luxury Ocean the Rive,100.0,220.0,95.0,SOLD
No-Process-8492,Legacy:0/Buys:63/Sales:111,Dolce & Gabbana,Light Blue Eau Intense,100.0,50.0,95.0,SOLD
No-Process-8492,Legacy:0/Buys:63/Sales:111,Dior,Dior Homme EDT,100.0,65.0,88.0,SOLD
No-Process-8492,Legacy:0/Buys:63/Sales:111,,Hedonist EDP,100.0,170.0,80.0,SOLD
No-Process-8492,Legacy:0/Buys:63/Sales:111,Yves Saint Laurent,Y Le Parfum 2021,100.0,90.0,100.0,SOLD
No-Process-8492,Legacy:0/Buys:63/Sales:111,Bvlgari,Aqva,100.0,55.0,,SOLD
No-Process-8492,Legacy:0/Buys:63/Sales:111,Prada,Prada black,100.0,55.0,,SOLD
No-Process-8492,Legacy:0/Buys:63/Sales:111,Aaron Terence Hughes,Supernova,100.0,75.0,65.0,SOLD
No-Process-8492,Legacy:0/Buys:63/Sales:111,Aaron Terence Hughes,Alpha Man,10.0,30.0,,SOLD
No-Process-8492,Legacy:0/Buys:63/Sales:111,,Molinard Gingembre EDP,75.0,35.0,,SOLD
No-Process-8492,Legacy:0/Buys:63/Sales:111,,Montagne La Nuit 2011,50.0,40.0,,SOLD
No-Process-8492,Legacy:0/Buys:63/Sales:111,,Montagne Eden,50.0,40.0,,SOLD
No-Process-8492,Legacy:0/Buys:63/Sales:111,Jimmy Choo,Man Ice,,10.0,95.0,SOLD
ZestycloseProperty33,Legacy:0/Buys:0/Sales:1,Creed,Aventus Batch F001925,,220.0,,LISTED
hyuccckkkk,Legacy:0/Buys:0/Sales:9,,Orange x Santal,100.0,60.0,95.0,LISTED
hyuccckkkk,Legacy:0/Buys:0/Sales:9,Xerjoff,Naxos,100.0,150.0,95.0,LISTED
DoTreadOnFudds,Legacy:0/Buys:0/Sales:6,,,100.0,60.0,85.0,AVAILABLE
DoTreadOnFudds,Legacy:0/Buys:0/Sales:6,,,100.0,85.0,,AVAILABLE
Different_Rope_21,nan,Tom Ford,Black Orchid EDP,30.0,50.0,93.0,AVAILABLE
Different_Rope_21,nan,Mugler,Angel EDP,50.0,50.0,93.0,SOLD
Different_Rope_21,nan,Serge Lutens,Ambre Sultan EDP,50.0,90.0,95.0,SOLD
Traditional_Poem_699,Legacy:0/Buys:12/Sales:6,Louis Vuitton,On the Beach Tester,100.0,240.0,87.5,AVAILABLE
Traditional_Poem_699,Legacy:0/Buys:12/Sales:6,,Vulcan Feu,100.0,35.0,98.0,SOLD
Traditional_Poem_699,Legacy:0/Buys:12/Sales:6,,Vulcan Sable,100.0,35.0,99.0,SOLD
Traditional_Poem_699,Legacy:0/Buys:12/Sales:6,,Bundle,,60.0,,SOLD
Traditional_Poem_699,Legacy:0/Buys:12/Sales:6,,Thomas Kosmala no 4,240.0,90.0,90.0,SOLD
Traditional_Poem_699,Legacy:0/Buys:12/Sales:6,,LP Summer Hammer Tester,50.3,100.0,95.0,SOLD
dize_raw,Legacy:0/Buys:54/Sales:73,,Ex Nihilo The Irreverent,100.0,370.0,,AVAILABLE
dize_raw,Legacy:0/Buys:54/Sales:73,,Blue Talisman,,420.0,,SOLD
dize_raw,Legacy:0/Buys:54/Sales:73,Bond No 9,Nomad,,145.0,,AVAILABLE
Big_Estate9575,Legacy:0/Buys:17/Sales:51,Creed,Aventus 19S21 (2019),100.0,235.0,95.0,AVAILABLE
Big_Estate9575,Legacy:0/Buys:17/Sales:51,Tom Ford,Noir Pour Femme,100.0,215.0,99.0,AVAILABLE
Big_Estate9575,Legacy:0/Buys:17/Sales:51,Tom Ford,Myrrhe Mystere,50.0,155.0,100.0,AVAILABLE
Big_Estate9575,Legacy:0/Buys:17/Sales:51,Tom Ford,Fucking Fabulous Limited Edition 2017 Atomizer,48.0,110.0,50.0,AVAILABLE
Big_Estate9575,Legacy:0/Buys:17/Sales:51,Parfums de Marly,Kalan,125.0,110.0,88.0,AVAILABLE
Big_Estate9575,Legacy:0/Buys:17/Sales:51,Yves Saint Laurent,La Nuit de Lhomme 2018,200.0,110.0,92.5,SOLD
CgScents,Legacy:0/Buys:3/Sales:7,Yves Saint Laurent,Tuxedo,75.0,115.0,,SOLD
CgScents,Legacy:0/Buys:3/Sales:7,Xerjoff,Torino 22,50.0,115.0,96.0,SOLD
sumuhmuhbitch,MODERATOR,Carolina Herrera,Vetiver Paradise,100.0,80.0,,AVAILABLE
sumuhmuhbitch,MODERATOR,Maison Francis Kurkdjian,Amyris Homme Extrait,70.0,210.0,,SOLD
sumuhmuhbitch,MODERATOR,Gucci,Guilty Intense,50.0,70.0,,AVAILABLE
sumuhmuhbitch,MODERATOR,Loewe,7,50.0,60.0,,AVAILABLE
sumuhmuhbitch,MODERATOR,Loewe,7 Natural,50.0,60.0,,SOLD
sumuhmuhbitch,MODERATOR,Parfums de Marly,Galloway,125.0,130.0,100.0,SOLD
sumuhmuhbitch,MODERATOR,,Artisan Blu,125.0,15.0,,SOLD
sumuhmuhbitch,MODERATOR,Bvlgari,Gyan,100.0,140.0,70.0,SOLD
sumuhmuhbitch,MODERATOR,,Heyam,100.0,75.0,60.0,SOLD
PrinceCharming5,Legacy:0/Buys:55/Sales:104,,,200.0,88.0,80.0,LISTED
PrinceCharming5,Legacy:0/Buys:55/Sales:104,BDK Parfums,Gris Charnel EDP (dabber),10.0,22.0,,LISTED
KL0810,Legacy:0/Buys:5/Sales:9,Armani,Code Parfum,,80.0,,LISTED
StockIntroduction959,Legacy:0/Buys:3/Sales:1,Parfums de Marly,Layton,125.0,145.0,75.0,AVAILABLE
StockIntroduction959,Legacy:0/Buys:3/Sales:1,,Bois Imperial,100.0,65.0,98.0,SOLD
StockIntroduction959,Legacy:0/Buys:3/Sales:1,Jo Malone,Oud & Bergamont,100.0,80.0,95.0,SOLD
StockIntroduction959,Legacy:0/Buys:3/Sales:1,,Explorer Platinum (tester),100.0,25.0,95.0,AVAILABLE
Wide_Parsley1799,Legacy:0/Buys:22/Sales:7,,,,200.0,,LISTED
Medium_Improvement71,nan,,,,145.0,99.0,AVAILABLE
vef3oh,Legacy:0/Buys:7/Sales:19,Acqua di Parma,Colonia Essenza,100.0,35.0,,SOLD
vef3oh,Legacy:0/Buys:7/Sales:19,Creed,Erolfa,100.0,160.0,,AVAILABLE
vef3oh,Legacy:0/Buys:7/Sales:19,Chanel,Allure Homme Sport Cologne,100.0,80.0,,AVAILABLE
vef3oh,Legacy:0/Buys:7/Sales:19,Dior,Eau Sauvage Cologne,100.0,80.0,,SOLD
vef3oh,Legacy:0/Buys:7/Sales:19,Dolce & Gabbana,The One Sport,100.0,55.0,,AVAILABLE
vef3oh,Legacy:0/Buys:7/Sales:19,Burberry,for Men,100.0,15.0,,AVAILABLE
vef3oh,Legacy:0/Buys:7/Sales:19,Hugo Boss,Boss Bottled Night,100.0,20.0,,SOLD
vef3oh,Legacy:0/Buys:7/Sales:19,,Reaction,100.0,15.0,100.0,AVAILABLE
vef3oh,Legacy:0/Buys:7/Sales:19,,Vintage Black,100.0,15.0,100.0,AVAILABLE
vef3oh,Legacy:0/Buys:7/Sales:19,,Legend,150.0,25.0,100.0,SOLD
vef3oh,Legacy:0/Buys:7/Sales:19,Gucci,Pour Homme II,100.0,,25.0,LISTED
vef3oh,Legacy:0/Buys:7/Sales:19,,Men,125.0,,30.0,LISTED
vef3oh,Legacy:0/Buys:7/Sales:19,Chanel,Homme Superleggera,,,,
vef3oh,Legacy:0/Buys:7/Sales:19,Creed,Aventus Absolu,,,,
vef3oh,Legacy:0/Buys:7/Sales:19,Guerlain,L'Homme,,,,
vef3oh,Legacy:0/Buys:7/Sales:19,Dior,Ambre Nuit,,,,
vef3oh,Legacy:0/Buys:7/Sales:19,Givenchy,Gentleman Society,,,,
Ehhpitome,Legacy:0/Buys:43/Sales:61,,,100.0,200.0,100.0,LISTED
Ancient_Cod_7190,Legacy:0/Buys:3/Sales:7,Lattafa,Art of Universe,100.0,40.0,97.0,AVAILABLE
Ancient_Cod_7190,Legacy:0/Buys:3/Sales:7,Lattafa,Liam Grey,100.0,23.0,99.0,AVAILABLE
Ancient_Cod_7190,Legacy:0/Buys:3/Sales:7,Al Haramain Perfumes,Detour Noir,100.0,18.0,98.0,AVAILABLE
Miiiillllooooo,Legacy:0/Buys:7/Sales:12,Jean Paul Gaultier,Le Male Elixir,125.0,79.0,76.0,AVAILABLE
Miiiillllooooo,Legacy:0/Buys:7/Sales:12,Tom Ford,Vanilla sex,50.0,100.0,60.0,AVAILABLE
Miiiillllooooo,Legacy:0/Buys:7/Sales:12,,Neon,10.0,42.0,90.0,AVAILABLE
NC-BST,Legacy:0/Buys:45/Sales:41,,Illusione Bois Nu,50.0,30.0,,LISTED
NC-BST,Legacy:0/Buys:45/Sales:41,Creed,Millesime Imperial (decant),10.0,15.0,,LISTED
NC-BST,Legacy:0/Buys:45/Sales:41,Bath & Body Works,Mahogany Woods,100.0,,100.0,LISTED
NC-BST,Legacy:0/Buys:45/Sales:41,Burberry,Touch,30.0,15.0,,LISTED
NC-BST,Legacy:0/Buys:45/Sales:41,,Aspen,118.0,14.0,,LISTED
NC-BST,Legacy:0/Buys:45/Sales:41,Juicy Couture,Dirty English,50.0,20.0,,LISTED
NC-BST,Legacy:0/Buys:45/Sales:41,,New York Mercer Street,50.0,18.0,,LISTED
NC-BST,Legacy:0/Buys:45/Sales:41,,Millenials,125.0,12.0,,LISTED
NC-BST,Legacy:0/Buys:45/Sales:41,Bath & Body Works,Vanilla Romance (mini),7.0,5.0,100.0,LISTED
NC-BST,Legacy:0/Buys:45/Sales:41,Bath & Body Works,Vanilla Romance (mini),7.0,5.0,100.0,LISTED
NC-BST,Legacy:0/Buys:45/Sales:41,Bath & Body Works,Vanilla Romance (mini),7.0,4.5,,LISTED
NC-BST,Legacy:0/Buys:45/Sales:41,,Salt and Pepper,10.0,,,AVAILABLE
NC-BST,Legacy:0/Buys:45/Sales:41,Zara,Vibrant Leather,,,,AVAILABLE
NC-BST,Legacy:0/Buys:45/Sales:41,Zara,Tobacco,,,,AVAILABLE
NC-BST,Legacy:0/Buys:45/Sales:41,Zara,Vibrant Leather,,,,AVAILABLE
NC-BST,Legacy:0/Buys:45/Sales:41,Zara,Sandalwood,,,,AVAILABLE
ParsleyObvious2428,Legacy:0/Buys:1/Sales:86,Maison Francis Kurkdjian,Oud Silk Mood EDP,70.0,140.0,100.0,AVAILABLE
ParsleyObvious2428,Legacy:0/Buys:1/Sales:86,Maison Francis Kurkdjian,Oud Cashmere Mood EX,70.0,320.0,100.0,AVAILABLE
ParsleyObvious2428,Legacy:0/Buys:1/Sales:86,Maison Francis Kurkdjian,Oud Velvet Mood EX,70.0,320.0,100.0,AVAILABLE
ParsleyObvious2428,Legacy:0/Buys:1/Sales:86,Maison Francis Kurkdjian,Oud Silk Mood EX,70.0,220.0,100.0,AVAILABLE
ParsleyObvious2428,Legacy:0/Buys:1/Sales:86,Maison Francis Kurkdjian,Oud EDP,70.0,140.0,100.0,AVAILABLE
ParsleyObvious2428,Legacy:0/Buys:1/Sales:86,Maison Francis Kurkdjian,Baccarat perfumed oil,70.0,65.0,100.0,AVAILABLE
ParsleyObvious2428,Legacy:0/Buys:1/Sales:86,Maison Francis Kurkdjian,Aqua Celestia Cologne Forte,70.0,145.0,100.0,AVAILABLE
ParsleyObvious2428,Legacy:0/Buys:1/Sales:86,Maison Francis Kurkdjian,Aqua Universalis Cologne Forte,70.0,135.0,100.0,AVAILABLE
ParsleyObvious2428,Legacy:0/Buys:1/Sales:86,Maison Francis Kurkdjian,Aqua Vitae Cologne Forte,70.0,120.0,100.0,AVAILABLE
ParsleyObvious2428,Legacy:0/Buys:1/Sales:86,Maison Francis Kurkdjian,Amyris Homme EDT,,149.0,,AVAILABLE
firebear827,Legacy:0/Buys:13/Sales:1,,Pour Homme,,35.0,90.0,LISTED
firebear827,Legacy:0/Buys:13/Sales:1,,Eros flame,,45.0,90.0,LISTED
jravitz,Legacy:291/Buys:4/Sales:266,Aaron Terence Hughes,Tabac Extrait,50.0,260.0,99.0,AVAILABLE
jravitz,Legacy:291/Buys:4/Sales:266,Amouage,Enclave,100.0,185.0,100.0,AVAILABLE
jravitz,Legacy:291/Buys:4/Sales:266,Amouage,Guidance EdP,100.0,225.0,100.0,AVAILABLE
jravitz,Legacy:291/Buys:4/Sales:266,Amouage,Honour 43 Extrait,100.0,175.0,100.0,AVAILABLE
jravitz,Legacy:291/Buys:4/Sales:266,Amouage,Honour Woman,100.0,165.0,100.0,AVAILABLE
jravitz,Legacy:291/Buys:4/Sales:266,Amouage,Love Delight Woman,100.0,185.0,100.0,AVAILABLE
jravitz,Legacy:291/Buys:4/Sales:266,Amouage,Opus VII Reckless Leather,100.0,185.0,100.0,AVAILABLE
jravitz,Legacy:291/Buys:4/Sales:266,Amouage,Orris Wakan Attar,12.0,250.0,99.0,LISTED
jravitz,Legacy:291/Buys:4/Sales:266,Amouage,Overture Woman,100.0,165.0,100.0,LISTED
jravitz,Legacy:291/Buys:4/Sales:266,Amouage,Purpose,100.0,175.0,100.0,LISTED
jravitz,Legacy:291/Buys:4/Sales:266,Amouage,Reasons Essence de Parfum,100.0,175.0,100.0,LISTED
jravitz,Legacy:291/Buys:4/Sales:266,Amouage,Reflection Woman,100.0,175.0,100.0,LISTED
jravitz,Legacy:291/Buys:4/Sales:266,Amouage,Rose Aqor Attar,12.0,250.0,99.0,LISTED
jravitz,Legacy:291/Buys:4/Sales:266,,Vetiver,200.0,200.0,90.0,LISTED
jravitz,Legacy:291/Buys:4/Sales:266,,Safari Extreme,75.0,150.0,99.0,LISTED
jravitz,Legacy:291/Buys:4/Sales:266,Bond No. 9,Central Park West,100.0,105.0,100.0,LISTED
jravitz,Legacy:291/Buys:4/Sales:266,Bond No. 9,Dubai Jade,100.0,180.0,100.0,LISTED
jravitz,Legacy:291/Buys:4/Sales:266,Bond No 9,Madison Square Park,100.0,105.0,100.0,AVAILABLE
jravitz,Legacy:291/Buys:4/Sales:266,Bond No 9,So New York,100.0,105.0,100.0,AVAILABLE
jravitz,Legacy:291/Buys:4/Sales:266,Bvlgari,EMPYR,125.0,225.0,100.0,AVAILABLE
jravitz,Legacy:291/Buys:4/Sales:266,Bvlgari,GYAN,125.0,245.0,100.0,AVAILABLE
jravitz,Legacy:291/Buys:4/Sales:266,Bvlgari,ONEKH,125.0,225.0,100.0,AVAILABLE
jravitz,Legacy:291/Buys:4/Sales:266,Bvlgari,OROM,125.0,225.0,100.0,AVAILABLE
jravitz,Legacy:291/Buys:4/Sales:266,Bvlgari,SAHARE,125.0,225.0,100.0,AVAILABLE
jravitz,Legacy:291/Buys:4/Sales:266,By Kilian,Bamboo Harmony,100.0,175.0,100.0,AVAILABLE
jravitz,Legacy:291/Buys:4/Sales:266,By Kilian,Black Phantom,50.0,180.0,100.0,AVAILABLE
jravitz,Legacy:291/Buys:4/Sales:266,By Kilian,Forbidden Games,50.0,125.0,98.0,AVAILABLE
jravitz,Legacy:291/Buys:4/Sales:266,By Kilian,Gold Knight,100.0,175.0,100.0,LISTED
jravitz,Legacy:291/Buys:4/Sales:266,By Kilian,Gold Knight,50.0,145.0,98.0,LISTED
jravitz,Legacy:291/Buys:4/Sales:266,By Kilian,Good Girl Gone Bad,250.0,449.0,99.0,LISTED
jravitz,Legacy:291/Buys:4/Sales:266,By Kilian,Good Girl Gone Bad,50.0,155.0,100.0,LISTED
jravitz,Legacy:291/Buys:4/Sales:266,By Kilian,Good Girl Gone Bad,50.0,125.0,98.0,LISTED
jravitz,Legacy:291/Buys:4/Sales:266,By Kilian,Good Girl Gone Bad Eau Fraiche,50.0,155.0,100.0,LISTED
jravitz,Legacy:291/Buys:4/Sales:266,By Kilian,L'Heure Verte,50.0,120.0,100.0,LISTED
jravitz,Legacy:291/Buys:4/Sales:266,By Kilian,Moonlight In Heaven,100.0,175.0,99.0,LISTED
jravitz,Legacy:291/Buys:4/Sales:266,By Kilian,Roses on Ice,50.0,120.0,100.0,LISTED
jravitz,Legacy:291/Buys:4/Sales:266,Byredo,Black Saffron,100.0,160.0,100.0,LISTED
jravitz,Legacy:291/Buys:4/Sales:266,Byredo,Eyes Closed,50.0,125.0,100.0,LISTED
jravitz,Legacy:291/Buys:4/Sales:266,Byredo,Lil Fleur,100.0,125.0,100.0,LISTED
jravitz,Legacy:291/Buys:4/Sales:266,Byredo,Tobacco Mandarin Extrait,50.0,215.0,100.0,LISTED
jravitz,Legacy:291/Buys:4/Sales:266,Byredo,Sunday Cologne,100.0,135.0,100.0,LISTED
jravitz,Legacy:291/Buys:4/Sales:266,,LES HEURES VOYAGEUSES - Oud Absolu,45.0,99.0,100.0,LISTED
jravitz,Legacy:291/Buys:4/Sales:266,,LES HEURES VOYAGEUSES - Oud Musc,75.0,99.0,100.0,LISTED
jravitz,Legacy:291/Buys:4/Sales:266,,LES HEURES VOYAGEUSES - Oud Pink,75.0,99.0,100.0,LISTED
jravitz,Legacy:291/Buys:4/Sales:266,Chanel,1932 EdP,200.0,309.0,100.0,LISTED
jravitz,Legacy:291/Buys:4/Sales:266,Chanel,Beige EdP,200.0,319.0,100.0,LISTED
jravitz,Legacy:291/Buys:4/Sales:266,Chanel,Bel Respiro EdP,200.0,329.0,100.0,LISTED
jravitz,Legacy:291/Buys:4/Sales:266,,Bois des Isles EdP,200.0,339.0,100.0,AVAILABLE
jravitz,Legacy:291/Buys:4/Sales:266,,Comete EdP,200.0,349.0,100.0,AVAILABLE
jravitz,Legacy:291/Buys:4/Sales:266,,Coromandel Body Oil,250.0,175.0,100.0,AVAILABLE
jravitz,Legacy:291/Buys:4/Sales:266,,Coromandel EdP,200.0,249.0,100.0,AVAILABLE
jravitz,Legacy:291/Buys:4/Sales:266,,Coromandel EdP,200.0,459.0,100.0,AVAILABLE
jravitz,Legacy:291/Buys:4/Sales:266,,Eau de Cologne,200.0,309.0,100.0,AVAILABLE
jravitz,Legacy:291/Buys:4/Sales:266,,Gardenia EdP,200.0,319.0,100.0,AVAILABLE
jravitz,Legacy:291/Buys:4/Sales:266,,No. 18 EdP,200.0,309.0,100.0,AVAILABLE
jravitz,Legacy:291/Buys:4/Sales:266,,Sycomore EdP,200.0,339.0,100.0,AVAILABLE
jravitz,Legacy:291/Buys:4/Sales:266,Christian Dior,Diorissima,7.5,30.0,100.0,AVAILABLE
jravitz,Legacy:291/Buys:4/Sales:266,,Loubicroc,90.0,150.0,100.0,AVAILABLE
jravitz,Legacy:291/Buys:4/Sales:266,,Loubikiss,90.0,150.0,100.0,AVAILABLE
jravitz,Legacy:291/Buys:4/Sales:266,,Loubimar,90.0,150.0,100.0,AVAILABLE
jravitz,Legacy:291/Buys:4/Sales:266,,Loubiprince,90.0,150.0,100.0,AVAILABLE
jravitz,Legacy:291/Buys:4/Sales:266,,Loubiraj,90.0,150.0,100.0,AVAILABLE
jravitz,Legacy:291/Buys:4/Sales:266,Clive Christian,I Pour Femme (Woody Floral with Vintage Rose),50.0,169.0,99.0,AVAILABLE
jravitz,Legacy:291/Buys:4/Sales:266,Creed,Absolu Aventus,100.0,305.0,100.0,AVAILABLE
jravitz,Legacy:291/Buys:4/Sales:266,Creed,Aventus Cologne,100.0,209.0,100.0,AVAILABLE
jravitz,Legacy:291/Buys:4/Sales:266,Creed,Aventus for Her,75.0,180.0,100.0,AVAILABLE
jravitz,Legacy:291/Buys:4/Sales:266,Creed,Carmina,75.0,169.0,100.0,AVAILABLE
jravitz,Legacy:291/Buys:4/Sales:266,Creed,Centaurus,100.0,185.0,100.0,LISTED
jravitz,Legacy:291/Buys:4/Sales:266,Creed,Erolfa,100.0,179.0,100.0,LISTED
jravitz,Legacy:291/Buys:4/Sales:266,Creed,Green Irish Tweed,100.0,180.0,100.0,LISTED
jravitz,Legacy:291/Buys:4/Sales:266,Creed,Jardin D'Amalfi,75.0,190.0,100.0,LISTED
jravitz,Legacy:291/Buys:4/Sales:266,Creed,Millesime Imperial,100.0,185.0,100.0,LISTED
jravitz,Legacy:291/Buys:4/Sales:266,Creed,Oud Zizarian,100.0,350.0,100.0,LISTED
jravitz,Legacy:291/Buys:4/Sales:266,Creed,Queen of Silk,75.0,179.0,100.0,LISTED
jravitz,Legacy:291/Buys:4/Sales:266,Creed,Royal Oud,100.0,219.0,100.0,LISTED
jravitz,Legacy:291/Buys:4/Sales:266,Creed,Royal Water,100.0,160.0,100.0,LISTED
jravitz,Legacy:291/Buys:4/Sales:266,Creed,Viking Cologne,100.0,140.0,100.0,LISTED
jravitz,Legacy:291/Buys:4/Sales:266,Creed,Viking EdP,100.0,185.0,100.0,LISTED
jravitz,Legacy:291/Buys:4/Sales:266,Diptyque,Vetyverio EdP,75.0,115.0,99.0,LISTED
jravitz,Legacy:291/Buys:4/Sales:266,,Cannabis Intense,100.0,200.0,100.0,LISTED
jravitz,Legacy:291/Buys:4/Sales:266,,Cavort,100.0,200.0,100.0,LISTED
jravitz,Legacy:291/Buys:4/Sales:266,,Heritage,100.0,315.0,100.0,LISTED
jravitz,Legacy:291/Buys:4/Sales:266,,Lovers,100.0,315.0,100.0,LISTED
jravitz,Legacy:291/Buys:4/Sales:266,,New York Intense,100.0,210.0,100.0,LISTED
jravitz,Legacy:291/Buys:4/Sales:266,,Oud Jaune Intense,100.0,330.0,100.0,LISTED
jravitz,Legacy:291/Buys:4/Sales:266,,Oud Orange Intense,100.0,330.0,100.0,LISTED
jravitz,Legacy:291/Buys:4/Sales:266,,Secret Tryst,100.0,200.0,100.0,LISTED
jravitz,Legacy:291/Buys:4/Sales:266,,Black Tie,100.0,70.0,100.0,AVAILABLE
jravitz,Legacy:291/Buys:4/Sales:266,,Club for Men,100.0,70.0,100.0,AVAILABLE
jravitz,Legacy:291/Buys:4/Sales:266,,Date for Men,100.0,60.0,100.0,AVAILABLE
jravitz,Legacy:291/Buys:4/Sales:266,,The Mint - Energy,50.0,70.0,100.0,AVAILABLE
jravitz,Legacy:291/Buys:4/Sales:266,Frederic Malle,Cologne Indellible,100.0,160.0,85.0,AVAILABLE
jravitz,Legacy:291/Buys:4/Sales:266,Frederic Malle,Eau de Magnolia,10.0,55.0,100.0,AVAILABLE
jravitz,Legacy:291/Buys:4/Sales:266,Frederic Malle,Musc Ravageur,50.0,115.0,100.0,AVAILABLE
jravitz,Legacy:291/Buys:4/Sales:266,,Bergamot Silk,100.0,79.0,99.0,AVAILABLE
jravitz,Legacy:291/Buys:4/Sales:266,Giorgio Armani,Pierre de Lune,100.0,155.0,100.0,AVAILABLE
jravitz,Legacy:291/Buys:4/Sales:266,Giorgio Armani,Rose Alexandrie,100.0,155.0,100.0,AVAILABLE
jravitz,Legacy:291/Buys:4/Sales:266,Guerlain,Gourmand Coquin,75.0,489.0,95.0,AVAILABLE
jravitz,Legacy:291/Buys:4/Sales:266,Guerlain,Jasmin Bonheur,200.0,389.0,100.0,AVAILABLE
jravitz,Legacy:291/Buys:4/Sales:266,Guerlain,Rose Barbare,200.0,389.0,100.0,AVAILABLE
jravitz,Legacy:291/Buys:4/Sales:266,Guerlain,Santal Pao Rosa,200.0,389.0,100.0,AVAILABLE
jravitz,Legacy:291/Buys:4/Sales:266,Hermès,Cedre Sambac EdT,100.0,170.0,100.0,AVAILABLE
jravitz,Legacy:291/Buys:4/Sales:266,Hermès,Paprika Brasil EdT,100.0,329.0,100.0,AVAILABLE
jravitz,Legacy:291/Buys:4/Sales:266,,Nouez Moi,75.0,120.0,99.0,AVAILABLE
jravitz,Legacy:291/Buys:4/Sales:266,Initio,High Frequency,90.0,165.0,100.0,AVAILABLE
jravitz,Legacy:291/Buys:4/Sales:266,,Premier Figuier Extreme EdP,100.0,149.0,100.0,AVAILABLE
jravitz,Legacy:291/Buys:4/Sales:266,Le Labo,Gaiac 10,50.0,250.0,100.0,AVAILABLE
jravitz,Legacy:291/Buys:4/Sales:266,Le Labo,Gaiac 10,100.0,325.0,100.0,LISTED
jravitz,Legacy:291/Buys:4/Sales:266,Le Labo,Lavande 31,50.0,175.0,100.0,LISTED
jravitz,Legacy:291/Buys:4/Sales:266,Le Labo,Lys 41,15.0,50.0,100.0,LISTED
jravitz,Legacy:291/Buys:4/Sales:266,Le Labo,Matcha 26,100.0,225.0,100.0,LISTED
jravitz,Legacy:291/Buys:4/Sales:266,Le Labo,Mousse de Chene 30 - Amsterdam City Exclusive,50.0,270.0,100.0,LISTED
jravitz,Legacy:291/Buys:4/Sales:266,Le Labo,Santal 33,15.0,60.0,100.0,LISTED
jravitz,Legacy:291/Buys:4/Sales:266,Le Labo,The Noir 29,50.0,180.0,100.0,LISTED
jravitz,Legacy:291/Buys:4/Sales:266,,Fleuve Tendre,100.0,65.0,100.0,LISTED
jravitz,Legacy:291/Buys:4/Sales:266,Louis Vuitton,Ombre Nomade,100.0,300.0,98.0,LISTED
jravitz,Legacy:291/Buys:4/Sales:266,Louis Vuitton,Ombre Nomade,100.0,290.0,98.0,LISTED
jravitz,Legacy:291/Buys:4/Sales:266,Maison Francis Kurkdjian,724,200.0,300.0,100.0,AVAILABLE
jravitz,Legacy:291/Buys:4/Sales:266,Maison Francis Kurkdjian,APOM,70.0,155.0,100.0,AVAILABLE
jravitz,Legacy:291/Buys:4/Sales:266,Maison Francis Kurkdjian,Aqua Celestia Cologne Forte,70.0,155.0,100.0,AVAILABLE
jravitz,Legacy:291/Buys:4/Sales:266,Maison Francis Kurkdjian,Aqua Celestia EdT,70.0,125.0,100.0,AVAILABLE
jravitz,Legacy:291/Buys:4/Sales:266,Maison Francis Kurkdjian,Aqua Celestia EdT,200.0,235.0,100.0,AVAILABLE
jravitz,Legacy:291/Buys:4/Sales:266,Maison Francis Kurkdjian,Aqua Media Cologne Forte,70.0,165.0,100.0,AVAILABLE
jravitz,Legacy:291/Buys:4/Sales:266,Maison Francis Kurkdjian,Aqua Univeralis Forte,70.0,155.0,100.0,AVAILABLE
jravitz,Legacy:291/Buys:4/Sales:266,Maison Francis Kurkdjian,Aqua Universalis EdT,70.0,125.0,100.0,AVAILABLE
jravitz,Legacy:291/Buys:4/Sales:266,Maison Francis Kurkdjian,Aqua Vitae Cologne Forte,70.0,125.0,100.0,AVAILABLE
jravitz,Legacy:291/Buys:4/Sales:266,Maison Francis Kurkdjian,Aqua Vitae EdT,70.0,125.0,100.0,AVAILABLE
jravitz,Legacy:291/Buys:4/Sales:266,Maison Francis Kurkdjian,Aqua Vitae Forte,70.0,155.0,100.0,AVAILABLE
jravitz,Legacy:291/Buys:4/Sales:266,Maison Francis Kurkdjian,Baccarat Rouge 540 EdP,200.0,405.0,100.0,AVAILABLE
jravitz,Legacy:291/Buys:4/Sales:266,Maison Francis Kurkdjian,Baccarat Rouge 540 Extrait,70.0,290.0,100.0,AVAILABLE
jravitz,Legacy:291/Buys:4/Sales:266,Maison Francis Kurkdjian,Baccarat Rouge 540 Extrait,70.0,249.0,98.0,AVAILABLE
jravitz,Legacy:291/Buys:4/Sales:266,Maison Francis Kurkdjian,Baccarat Rouge 540 Extrait,200.0,580.0,100.0,AVAILABLE
jravitz,Legacy:291/Buys:4/Sales:266,Maison Francis Kurkdjian,Feminine Pluriel EdP,70.0,160.0,100.0,AVAILABLE
jravitz,Legacy:291/Buys:4/Sales:266,Maison Francis Kurkdjian,Gentle Fluidity Gold,70.0,170.0,100.0,AVAILABLE
jravitz,Legacy:291/Buys:4/Sales:266,Maison Francis Kurkdjian,Gentle Fluidity Gold,200.0,315.0,100.0,AVAILABLE
jravitz,Legacy:291/Buys:4/Sales:266,Maison Francis Kurkdjian,Gentle Fluidity Silver,35.0,125.0,100.0,AVAILABLE
jravitz,Legacy:291/Buys:4/Sales:266,Maison Francis Kurkdjian,Oud EdP,70.0,165.0,100.0,AVAILABLE
jravitz,Legacy:291/Buys:4/Sales:266,Maison Francis Kurkdjian,Oud Extrait,70.0,190.0,100.0,AVAILABLE
jravitz,Legacy:291/Buys:4/Sales:266,Maison Francis Kurkdjian,Oud Silk Mood EdP,70.0,165.0,100.0,AVAILABLE
jravitz,Legacy:291/Buys:4/Sales:266,Maison Francis Kurkdjian,Oud Silk Mood Extrait,70.0,190.0,100.0,AVAILABLE
jravitz,Legacy:291/Buys:4/Sales:266,Maison Francis Kurkdjian,Petit Matin,200.0,300.0,100.0,AVAILABLE
jravitz,Legacy:291/Buys:4/Sales:266,Maison Francis Kurkdjian,Petit Matin,70.0,155.0,100.0,AVAILABLE
jravitz,Legacy:291/Buys:4/Sales:266,Mancera,Cedrat Boise Intense,120.0,85.0,100.0,AVAILABLE
jravitz,Legacy:291/Buys:4/Sales:266,,Vanilla Powder,50.0,175.0,100.0,AVAILABLE
jravitz,Legacy:291/Buys:4/Sales:266,,French Leather,75.0,115.0,100.0,AVAILABLE
jravitz,Legacy:291/Buys:4/Sales:266,,Italian Leather,75.0,115.0,100.0,AVAILABLE
jravitz,Legacy:291/Buys:4/Sales:266,,Lailabella,75.0,115.0,100.0,AVAILABLE
jravitz,Legacy:291/Buys:4/Sales:266,,Marfa,75.0,115.0,100.0,AVAILABLE
jravitz,Legacy:291/Buys:4/Sales:266,,Oriental Leather,75.0,115.0,100.0,AVAILABLE
jravitz,Legacy:291/Buys:4/Sales:266,,As-Suli's Diamond,100.0,219.0,100.0,AVAILABLE
jravitz,Legacy:291/Buys:4/Sales:266,,Blockade,100.0,219.0,100.0,AVAILABLE
jravitz,Legacy:291/Buys:4/Sales:266,,Caissa,100.0,219.0,100.0,AVAILABLE
jravitz,Legacy:291/Buys:4/Sales:266,,Double Attack,100.0,229.0,100.0,AVAILABLE
jravitz,Legacy:291/Buys:4/Sales:266,,Gambit,100.0,229.0,100.0,AVAILABLE
jravitz,Legacy:291/Buys:4/Sales:266,,Gambit,100.0,219.0,100.0,AVAILABLE
jravitz,Legacy:291/Buys:4/Sales:266,,Gardez,100.0,229.0,100.0,AVAILABLE
jravitz,Legacy:291/Buys:4/Sales:266,,Queening,100.0,229.0,100.0,AVAILABLE
jravitz,Legacy:291/Buys:4/Sales:266,,Ruy Lopez,100.0,219.0,100.0,AVAILABLE
jravitz,Legacy:291/Buys:4/Sales:266,,Scholar's Mate,100.0,219.0,100.0,AVAILABLE
jravitz,Legacy:291/Buys:4/Sales:266,,Ideal Oud,100.0,130.0,100.0,AVAILABLE
jravitz,Legacy:291/Buys:4/Sales:266,,Perfect Oud,100.0,130.0,100.0,AVAILABLE
jravitz,Legacy:291/Buys:4/Sales:266,Montale,Lucky Candy,100.0,150.0,100.0,AVAILABLE
jravitz,Legacy:291/Buys:4/Sales:266,,M.O.U.S.S.E.,50.0,110.0,99.0,AVAILABLE
jravitz,Legacy:291/Buys:4/Sales:266,,Damask EdP,88.0,185.0,100.0,AVAILABLE
jravitz,Legacy:291/Buys:4/Sales:266,,Levant,88.0,165.0,100.0,AVAILABLE
jravitz,Legacy:291/Buys:4/Sales:266,,Montabaco Intensivo,88.0,200.0,100.0,AVAILABLE
jravitz,Legacy:291/Buys:4/Sales:266,,Ormonde Man Parfum,88.0,185.0,100.0,AVAILABLE
jravitz,Legacy:291/Buys:4/Sales:266,,Tanger,88.0,165.0,100.0,AVAILABLE
jravitz,Legacy:291/Buys:4/Sales:266,Penhaligon's,Elixir,100.0,225.0,90.0,AVAILABLE
jravitz,Legacy:291/Buys:4/Sales:266,Penhaligon's,Petra,100.0,175.0,100.0,AVAILABLE
jravitz,Legacy:291/Buys:4/Sales:266,Penhaligon's,Terrible Teddy,75.0,179.0,100.0,AVAILABLE
jravitz,Legacy:291/Buys:4/Sales:266,,Angel's Share,9.0,40.0,70.0,AVAILABLE
jravitz,Legacy:291/Buys:4/Sales:266,,Iced Juniper,75.0,125.0,95.0,AVAILABLE
jravitz,Legacy:291/Buys:4/Sales:266,,Neroli,100.0,189.0,99.0,AVAILABLE
jravitz,Legacy:291/Buys:4/Sales:266,,Creation-E Essence de Parfum,100.0,145.0,100.0,AVAILABLE
jravitz,Legacy:291/Buys:4/Sales:266,,Elixir Essence Pour Femme,100.0,175.0,100.0,AVAILABLE
jravitz,Legacy:291/Buys:4/Sales:266,,Qatar,50.0,319.0,99.0,AVAILABLE
jravitz,Legacy:291/Buys:4/Sales:266,,Scandal Essence de Parfum,50.0,180.0,98.0,LISTED
jravitz,Legacy:291/Buys:4/Sales:266,,United Arab Emirates (UAE),50.0,250.0,100.0,LISTED
jravitz,Legacy:291/Buys:4/Sales:266,,Citrico,100.0,125.0,98.0,LISTED
jravitz,Legacy:291/Buys:4/Sales:266,,Deep Amber Ocean,100.0,129.0,100.0,LISTED
jravitz,Legacy:291/Buys:4/Sales:266,,Bahar,50.0,150.0,100.0,LISTED
jravitz,Legacy:291/Buys:4/Sales:266,,Rimal,50.0,150.0,100.0,LISTED
jravitz,Legacy:291/Buys:4/Sales:266,,Golden Wood Extrait,50.0,150.0,100.0,LISTED
jravitz,Legacy:291/Buys:4/Sales:266,,Magnetic Wood Extrait,50.0,150.0,100.0,LISTED
jravitz,Legacy:291/Buys:4/Sales:266,,Andromeda,100.0,125.0,100.0,LISTED
jravitz,Legacy:291/Buys:4/Sales:266,,Attar Cas,13.0,200.0,100.0,LISTED
jravitz,Legacy:291/Buys:4/Sales:266,Tiziana Terenzi,Draconis,100.0,125.0,100.0,AVAILABLE
jravitz,Legacy:291/Buys:4/Sales:266,Tom Ford,Beau de Jour,1000.0,750.0,100.0,AVAILABLE
jravitz,Legacy:291/Buys:4/Sales:266,Tom Ford,Ebene Fume,30.0,125.0,100.0,AVAILABLE
jravitz,Legacy:291/Buys:4/Sales:266,Tom Ford,Fougere Platine,1000.0,750.0,100.0,AVAILABLE
jravitz,Legacy:291/Buys:4/Sales:266,Tom Ford,Fucking Fabulous,50.0,195.0,100.0,AVAILABLE
jravitz,Legacy:291/Buys:4/Sales:266,Tom Ford,Plum Japonais,50.0,215.0,100.0,AVAILABLE
jravitz,Legacy:291/Buys:4/Sales:266,Tom Ford,Rose D'Amalfi,50.0,135.0,100.0,AVAILABLE
jravitz,Legacy:291/Buys:4/Sales:266,Tom Ford,Rose de Chine,50.0,135.0,100.0,AVAILABLE
jravitz,Legacy:291/Buys:4/Sales:266,Tom Ford,Soleil de Feu,50.0,175.0,100.0,AVAILABLE
jravitz,Legacy:291/Buys:4/Sales:266,Tom Ford,Soleil Neige,1000.0,650.0,100.0,AVAILABLE
jravitz,Legacy:291/Buys:4/Sales:266,Tom Ford,Tuscan Leather,50.0,165.0,100.0,LISTED
jravitz,Legacy:291/Buys:4/Sales:266,Tom Ford,White Suede,1000.0,650.0,100.0,LISTED
jravitz,Legacy:291/Buys:4/Sales:266,,Morning Chess,100.0,165.0,99.0,LISTED
jravitz,Legacy:291/Buys:4/Sales:266,,Black Tie,100.0,125.0,95.0,LISTED
jravitz,Legacy:291/Buys:4/Sales:266,Acqua di Parma,Buongiorno EdP,180.0,250.0,99.0,LISTED
jravitz,Legacy:291/Buys:4/Sales:266,Acqua di Parma,Magnolia Nobile,100.0,95.0,100.0,LISTED
jravitz,Legacy:291/Buys:4/Sales:266,Chanel,Bleu de Chanel - Aftershave Balm,100.0,55.0,99.0,LISTED
jravitz,Legacy:291/Buys:4/Sales:266,Chanel,Bleu de Chanel - Aftershave Lotion,100.0,55.0,99.0,LISTED
jravitz,Legacy:291/Buys:4/Sales:266,Chanel,Chance Eau Splendide,100.0,115.0,100.0,LISTED
jravitz,Legacy:291/Buys:4/Sales:266,Chanel,Coco EdT,100.0,70.0,99.0,LISTED
jravitz,Legacy:291/Buys:4/Sales:266,Chanel,Coco Mademoiselle - Moisturizing Body Lotion,200.0,55.0,99.0,AVAILABLE
jravitz,Legacy:291/Buys:4/Sales:266,Chanel,Cristalle Eau Vert EdT Concentree,100.0,115.0,100.0,AVAILABLE
jravitz,Legacy:291/Buys:4/Sales:266,Chanel,Cristalle EdP,50.0,115.0,95.0,AVAILABLE
jravitz,Legacy:291/Buys:4/Sales:266,Chanel,Gabrielle EdP,100.0,95.0,100.0,AVAILABLE
jravitz,Legacy:291/Buys:4/Sales:266,Chanel,Gabrielle EdP,100.0,100.0,100.0,AVAILABLE
jravitz,Legacy:291/Buys:4/Sales:266,Chanel,No. 19 EdT,100.0,115.0,100.0,AVAILABLE
jravitz,Legacy:291/Buys:4/Sales:266,Chanel,No. 5 Eau Premiere,100.0,95.0,100.0,AVAILABLE
jravitz,Legacy:291/Buys:4/Sales:266,Chanel,No. 5 L'eau,100.0,95.0,100.0,AVAILABLE
jravitz,Legacy:291/Buys:4/Sales:266,Christian Dior,Dior Homme Sport,125.0,115.0,100.0,AVAILABLE
jravitz,Legacy:291/Buys:4/Sales:266,,Lily of the Valley,100.0,65.0,100.0,AVAILABLE
jravitz,Legacy:291/Buys:4/Sales:266,Givenchy,Gentleman EdP Boisee,100.0,65.0,100.0,AVAILABLE
jravitz,Legacy:291/Buys:4/Sales:266,Gucci,Gucci Guilty Absolute,90.0,65.0,100.0,AVAILABLE
jravitz,Legacy:291/Buys:4/Sales:266,Jo Malone,Amber & Lavender,30.0,52.0,90.0,AVAILABLE
jravitz,Legacy:291/Buys:4/Sales:266,Jo Malone,English Oak & Redcurrant,30.0,49.0,80.0,AVAILABLE
jravitz,Legacy:291/Buys:4/Sales:266,Jo Malone,English Pear & Freesia,100.0,180.0,100.0,AVAILABLE
jravitz,Legacy:291/Buys:4/Sales:266,,Ombre Noire,100.0,70.0,100.0,AVAILABLE
jravitz,Legacy:291/Buys:4/Sales:266,Loewe,7 Anonimo,100.0,115.0,100.0,AVAILABLE
jravitz,Legacy:291/Buys:4/Sales:266,Loewe,7 EdT,100.0,90.0,100.0,AVAILABLE
jravitz,Legacy:291/Buys:4/Sales:266,Loewe,Aire Anthesis,100.0,90.0,100.0,AVAILABLE
jravitz,Legacy:291/Buys:4/Sales:266,Loewe,Essencia EdP,100.0,140.0,100.0,AVAILABLE
jravitz,Legacy:291/Buys:4/Sales:266,Loewe,Solo Ella,100.0,90.0,100.0,AVAILABLE
jravitz,Legacy:291/Buys:4/Sales:266,,Royal Eagle Silver,100.0,90.0,100.0,AVAILABLE
jravitz,Legacy:291/Buys:4/Sales:266,Mugler,A*MEN,100.0,75.0,99.0,AVAILABLE
jravitz,Legacy:291/Buys:4/Sales:266,Tom Ford,Oud Minerale,100.0,115.0,100.0,AVAILABLE
jravitz,Legacy:291/Buys:4/Sales:266,Amouage,Cristal,50.0,389.0,99.0,AVAILABLE
jravitz,Legacy:291/Buys:4/Sales:266,Amouage,Gold Ladies,50.0,389.0,99.0,AVAILABLE
jravitz,Legacy:291/Buys:4/Sales:266,,Santos EdT,100.0,299.0,100.0,AVAILABLE
jravitz,Legacy:291/Buys:4/Sales:266,Chanel,Bois Noir,250.0,750.0,50.0,AVAILABLE
jravitz,Legacy:291/Buys:4/Sales:266,Chanel,Egoiste Platinum,100.0,300.0,90.0,AVAILABLE
jravitz,Legacy:291/Buys:4/Sales:266,Chanel,Gardenia EdT,100.0,350.0,100.0,AVAILABLE
jravitz,Legacy:291/Buys:4/Sales:266,Davidoff,Classic,125.0,279.0,99.0,AVAILABLE
jravitz,Legacy:291/Buys:4/Sales:266,,Magnetism,50.0,175.0,99.0,LISTED
jravitz,Legacy:291/Buys:4/Sales:266,,Pour Homme Aftershave,125.0,240.0,100.0,LISTED
jravitz,Legacy:291/Buys:4/Sales:266,,Pour Homme Aftershave,75.0,165.0,100.0,LISTED
jravitz,Legacy:291/Buys:4/Sales:266,,Pink Grapefruit EdT,100.0,175.0,95.0,LISTED
jravitz,Legacy:291/Buys:4/Sales:266,,Zizanie,240.0,240.0,80.0,LISTED
jravitz,Legacy:291/Buys:4/Sales:266,,Ajaccio Violets,100.0,40.0,99.0,LISTED
jravitz,Legacy:291/Buys:4/Sales:266,Gucci,Envy Aftershave,100.0,215.0,100.0,LISTED
jravitz,Legacy:291/Buys:4/Sales:266,Gucci,Envy Aftershave,50.0,140.0,100.0,LISTED
jravitz,Legacy:291/Buys:4/Sales:266,Gucci,Rush for Men,50.0,190.0,100.0,LISTED
jravitz,Legacy:291/Buys:4/Sales:266,Gucci,Rush for Men Aftershave,100.0,140.0,100.0,LISTED
jravitz,Legacy:291/Buys:4/Sales:266,Lacoste,Eau de Sport Vivifiante,100.0,110.0,99.0,LISTED
jravitz,Legacy:291/Buys:4/Sales:266,Lacoste,Land,100.0,130.0,99.0,LISTED
jravitz,Legacy:291/Buys:4/Sales:266,,Fair Play Pour Homme,100.0,275.0,99.0,LISTED
jravitz,Legacy:291/Buys:4/Sales:266,,Pour Homme Eau de Toilette Super Concentrate,60.0,190.0,99.0,LISTED
jravitz,Legacy:291/Buys:4/Sales:266,,Pour Homme Eau de Toilette Super Concentrate,90.0,290.0,99.0,LISTED
jravitz,Legacy:291/Buys:4/Sales:266,,Classic EdT,100.0,250.0,99.0,LISTED
SubstantialSite9424,Legacy:0/Buys:0/Sales:5,,Neo,90.0,175.0,99.0,AVAILABLE
SubstantialSite9424,Legacy:0/Buys:0/Sales:5,Maison Francis Kurkdjian,Grand Soir,75.0,170.0,99.0,AVAILABLE
SubstantialSite9424,Legacy:0/Buys:0/Sales:5,Creed,Aventus Absolu Triple Age,75.0,295.0,,AVAILABLE
SubstantialSite9424,Legacy:0/Buys:0/Sales:5,Louis Vuitton,Imagination,10.0,30.0,100.0,AVAILABLE
ObjectiveTrue3696,Legacy:0/Buys:32/Sales:59,Maison Francis Kurkdjian,Grand Soir,200.0,209.0,52.5,AVAILABLE
Platemails,Legacy:0/Buys:0/Sales:2,Armani,Code Eau de Toilette,74.0,45.0,95.0,LISTED
Efficient_Class2102,nan,,,70.0,275.0,,AVAILABLE
chrisswylee,Legacy:10/Buys:2/Sales:6,,Lucky,100.0,,80.0,LISTED
chrisswylee,Legacy:10/Buys:2/Sales:6,,Royal,100.0,,100.0,LISTED
Imhereforthesmells,Legacy:0/Buys:5/Sales:2,,,,40.0,85.0,LISTED
serbiansizzle,Legacy:1/Buys:0/Sales:0,Parfums de Marly,Castley,125.0,160.0,,AVAILABLE
serbiansizzle,Legacy:1/Buys:0/Sales:0,Jean Paul Gaultier,Le Male,125.0,40.0,80.0,AVAILABLE
serbiansizzle,Legacy:1/Buys:0/Sales:0,Christian Dior,Sauvage Parfum,100.0,60.0,75.0,AVAILABLE
serbiansizzle,Legacy:1/Buys:0/Sales:0,Yves Saint Laurent,Y Le Parfum,100.0,75.0,90.0,AVAILABLE
serbiansizzle,Legacy:1/Buys:0/Sales:0,Acqua di Parma,Colonia Club,100.0,50.0,90.0,SOLD
serbiansizzle,Legacy:1/Buys:0/Sales:0,Yves Saint Laurent,Blue Electrique,60.0,75.0,90.0,SOLD
serbiansizzle,Legacy:1/Buys:0/Sales:0,Armani,Code Parfum,125.0,70.0,80.0,SOLD
serbiansizzle,Legacy:1/Buys:0/Sales:0,Tom Ford,F’ing Fab,50.0,110.0,90.0,SOLD
serbiansizzle,Legacy:1/Buys:0/Sales:0,,Cheapie Pack,,100.0,,AVAILABLE
serbiansizzle,Legacy:1/Buys:0/Sales:0,,MB Legend Spirit,100.0,,70.0,AVAILABLE
serbiansizzle,Legacy:1/Buys:0/Sales:0,Dolce & Gabbana,Pour Homme,125.0,,50.0,AVAILABLE
serbiansizzle,Legacy:1/Buys:0/Sales:0,Davidoff,Cool Water Intense,125.0,,80.0,AVAILABLE
serbiansizzle,Legacy:1/Buys:0/Sales:0,,MB Explorer,100.0,,40.0,AVAILABLE
serbiansizzle,Legacy:1/Buys:0/Sales:0,Dolce & Gabbana,Pour Homme,125.0,,50.0,AVAILABLE
serbiansizzle,Legacy:1/Buys:0/Sales:0,,Wave,100.0,,80.0,AVAILABLE
serbiansizzle,Legacy:1/Buys:0/Sales:0,,Pour Homme,100.0,,70.0,AVAILABLE
serbiansizzle,Legacy:1/Buys:0/Sales:0,Azzaro,Most Wanted by Night,100.0,,50.0,AVAILABLE
serbiansizzle,Legacy:1/Buys:0/Sales:0,Salvatore Ferragamo,Uomo,100.0,,70.0,AVAILABLE
serbiansizzle,Legacy:1/Buys:0/Sales:0,Dior,Fahrenheit,50.0,,60.0,AVAILABLE
Jayyy_Knows,Legacy:0/Buys:5/Sales:4,,Sea Zephyr,100.0,75.0,95.0,AVAILABLE
Jayyy_Knows,Legacy:0/Buys:5/Sales:4,Creed,Silver Mountain Water (SMW),50.0,115.0,80.0,AVAILABLE
Jayyy_Knows,Legacy:0/Buys:5/Sales:4,Yves Saint Laurent,Y EDT,60.0,55.0,91.67,AVAILABLE
Jayyy_Knows,Legacy:0/Buys:5/Sales:4,Tom Ford,Oud Wood,30.0,88.0,96.67,AVAILABLE
Jayyy_Knows,Legacy:0/Buys:5/Sales:4,Christian Dior,Sauvage EDP,60.0,65.0,96.67,AVAILABLE
Jayyy_Knows,Legacy:0/Buys:5/Sales:4,Christian Dior,Sauvage Forte,60.0,65.0,98.33,AVAILABLE
Jayyy_Knows,Legacy:0/Buys:5/Sales:4,Mancera,Aoud Lemon Mint,120.0,45.0,91.67,AVAILABLE
Jayyy_Knows,Legacy:0/Buys:5/Sales:4,Loewe,7,100.0,55.0,90.0,SOLD
Jayyy_Knows,Legacy:0/Buys:5/Sales:4,Parfums de Marly,Layton,75.0,125.0,96.0,SOLD
Jayyy_Knows,Legacy:0/Buys:5/Sales:4,Chanel,Bleu de Chanel Parfum,50.0,65.0,90.0,SOLD
SOHOFragrance,Legacy:0/Buys:0/Sales:11,Byredo,Lil Fleur,100.0,85.0,,LISTED
renzon321,Legacy:0/Buys:7/Sales:0,,,100.0,65.0,92.5,LISTED
greatvaluebleach,Legacy:0/Buys:1/Sales:5,Maison Francis Kurkdjian,City of Lights,50.0,40.0,95.0,AVAILABLE
greatvaluebleach,Legacy:0/Buys:1/Sales:5,Giorgio Armani,ADG Profondo,125.0,90.0,95.0,AVAILABLE
greatvaluebleach,Legacy:0/Buys:1/Sales:5,,BR Grassland,75.0,25.0,95.0,AVAILABLE
greatvaluebleach,Legacy:0/Buys:1/Sales:5,Calvin Klein,CK One,100.0,15.0,95.0,AVAILABLE
greatvaluebleach,Legacy:0/Buys:1/Sales:5,Calvin Klein,CK One Essence,100.0,15.0,95.0,AVAILABLE
Nakg16,Legacy:0/Buys:69/Sales:327,Aaron Terence Hughes,Maverick,10.0,49.0,,AVAILABLE
Nakg16,Legacy:0/Buys:69/Sales:327,Aaron Terence Hughes,Hard Candy,10.0,59.0,,AVAILABLE
Nakg16,Legacy:0/Buys:69/Sales:327,Aaron Terence Hughes,Guapo Extreme,10.0,49.0,,SOLD
Nakg16,Legacy:0/Buys:69/Sales:327,Aaron Terence Hughes,Loki,10.0,49.0,,AVAILABLE
Nakg16,Legacy:0/Buys:69/Sales:327,Aaron Terence Hughes,Forbidden,10.0,49.0,,AVAILABLE
Nakg16,Legacy:0/Buys:69/Sales:327,,SLUT,,59.0,,AVAILABLE
Nakg16,Legacy:0/Buys:69/Sales:327,,LEGEND,,55.0,,AVAILABLE
Nakg16,Legacy:0/Buys:69/Sales:327,,MAVERICK,,59.0,,AVAILABLE
Nakg16,Legacy:0/Buys:69/Sales:327,,FORBIDDEN,,59.0,,AVAILABLE
Nakg16,Legacy:0/Buys:69/Sales:327,,ALPHA MAN,,59.0,,SOLD
Nakg16,Legacy:0/Buys:69/Sales:327,,LOKI,,59.0,,AVAILABLE
Nakg16,Legacy:0/Buys:69/Sales:327,Aaron Terence Hughes,Ozone,50.0,185.0,,AVAILABLE
Nakg16,Legacy:0/Buys:69/Sales:327,Aaron Terence Hughes,HAZE,50.0,195.0,,AVAILABLE
DiabloSauceTB,Legacy:7/Buys:32/Sales:34,By Kilian,Angels Share,100.0,240.0,,LISTED
ronnie24w,Legacy:0/Buys:0/Sales:2,Giorgio Armani,Armani Code EDP,75.0,50.0,90.0,LISTED
JScott127,Legacy:0/Buys:1/Sales:19,MM,Coffee Break EDT,100.0,65.0,,AVAILABLE
TheM0EM0E,Legacy:0/Buys:1/Sales:1,,Imagination,100.0,285.0,80.0,SOLD
TheM0EM0E,Legacy:0/Buys:1/Sales:1,,California dream,,140.0,,SOLD
TheM0EM0E,Legacy:0/Buys:1/Sales:1,Byredo,Gypsy water,100.0,145.0,80.0,AVAILABLE
sufon,Legacy:0/Buys:1/Sales:0,,,,160.0,,LISTED
stevierayjuan,Legacy:0/Buys:66/Sales:130,,You or Someone Like You,100.0,85.0,,SOLD
stevierayjuan,Legacy:0/Buys:66/Sales:130,Tom Ford,Noir Extreme EDP (older 2019 batch),100.0,80.0,,SOLD
stevierayjuan,Legacy:0/Buys:66/Sales:130,Bvlgari,Man in Black EDP (older batch),100.0,35.0,,AVAILABLE
stevierayjuan,Legacy:0/Buys:66/Sales:130,Bond No 9,Chez Bond,100.0,140.0,,LISTED
tmoneyFT9,Legacy:0/Buys:3/Sales:5,Tom Ford,Neroli Portofino,,,,AVAILABLE
Psul27,Legacy:0/Buys:15/Sales:9,Yves Saint Laurent,Y,50.0,25.0,50.0,SOLD
Psul27,Legacy:0/Buys:15/Sales:9,Burberry,London,30.0,20.0,,SOLD
Psul27,Legacy:0/Buys:15/Sales:9,,Alexandria hafez (side effect),30.0,20.0,,LISTED
Important_Debate_255,Legacy:0/Buys:2/Sales:1,Louis Vuitton,Sun Song,100.0,300.0,85.0,AVAILABLE
Important_Debate_255,Legacy:0/Buys:2/Sales:1,Parfums de Marly,Carlisle,15.0,25.0,,SOLD
Important_Debate_255,Legacy:0/Buys:2/Sales:1,Xerjoff,Torino 21,1.5,15.0,,SOLD
Important_Debate_255,Legacy:0/Buys:2/Sales:1,,Fall of Phaeton,4.0,15.0,,SOLD
Important_Debate_255,Legacy:0/Buys:2/Sales:1,,Hawas,100.0,25.0,80.0,SOLD
Important_Debate_255,Legacy:0/Buys:2/Sales:1,Mancera,Cedrat Boise,,30.0,,AVAILABLE
Important_Debate_255,Legacy:0/Buys:2/Sales:1,Mancera,Cedrat Boise,25.0,30.0,,AVAILABLE
Important_Debate_255,Legacy:0/Buys:2/Sales:1,Dior,Sauvage Elixir,10.0,20.0,,SOLD
Important_Debate_255,Legacy:0/Buys:2/Sales:1,,Isola Blu,23.0,100.0,,AVAILABLE
Important_Debate_255,Legacy:0/Buys:2/Sales:1,Creed,Virgin Island Water,30.0,100.0,,SOLD
Important_Debate_255,Legacy:0/Buys:2/Sales:1,Parfums de Marly,Oajan,125.0,15.0,4.0,SOLD
Important_Debate_255,Legacy:0/Buys:2/Sales:1,By Kilian,Apple Brandy,50.0,20.0,6.0,SOLD
Important_Debate_255,Legacy:0/Buys:2/Sales:1,Tom Ford,Vanille Fatale,100.0,160.0,35.0,AVAILABLE
Important_Debate_255,Legacy:0/Buys:2/Sales:1,Penhaligon's,The Blazing Mr. Sam,100.0,30.0,1.0,AVAILABLE
Important_Debate_255,Legacy:0/Buys:2/Sales:1,,Explorer,100.0,15.0,60.0,SOLD
Important_Debate_255,Legacy:0/Buys:2/Sales:1,Afnan,9pm,100.0,12.0,30.0,SOLD
Important_Debate_255,Legacy:0/Buys:2/Sales:1,,City Rhythm 2654 (old cap),,15.0,0.0,AVAILABLE
Important_Debate_255,Legacy:0/Buys:2/Sales:1,,City Rhythm 2654 (New Cap),,20.0,0.0,SOLD
Imhereforthesmells,Legacy:0/Buys:5/Sales:2,,,,45.0,60.0,LISTED
Lostboystarboy,nan,Hermès,Terre d'Hermes,60.0,125.0,60.0,LISTED
Lostboystarboy,nan,,Gulerian homme,100.0,125.0,99.0,LISTED
Lostboystarboy,nan,Bvlgari,Wood Essence,200.0,125.0,99.5,LISTED
Lostboystarboy,nan,Givenchy,Pi,100.0,125.0,70.0,LISTED
Intelligent_Set_9227,nan,,,1.0,4.0,,AVAILABLE
Intelligent_Set_9227,nan,,,2.0,8.0,,AVAILABLE
Intelligent_Set_9227,nan,,,5.0,18.0,,AVAILABLE
Intelligent_Set_9227,nan,,,10.0,36.0,,AVAILABLE
Intelligent_Set_9227,nan,,,30.0,95.0,,AVAILABLE
Intelligent_Set_9227,nan,,,1.0,7.5,,AVAILABLE
Intelligent_Set_9227,nan,,,2.0,15.0,,AVAILABLE
Intelligent_Set_9227,nan,,,5.0,39.0,,AVAILABLE
Intelligent_Set_9227,nan,,,10.0,77.0,,AVAILABLE
Intelligent_Set_9227,nan,,,30.0,230.0,,AVAILABLE
Intelligent_Set_9227,nan,,,1.0,5.0,,AVAILABLE
Intelligent_Set_9227,nan,,,2.0,10.0,,AVAILABLE
Intelligent_Set_9227,nan,,,5.0,25.0,,AVAILABLE
Intelligent_Set_9227,nan,,,10.0,50.0,,AVAILABLE
Intelligent_Set_9227,nan,,,30.0,120.0,,AVAILABLE
Intelligent_Set_9227,nan,,,1.0,,,AVAILABLE
Intelligent_Set_9227,nan,,,2.0,,,AVAILABLE
Intelligent_Set_9227,nan,,,5.0,,,AVAILABLE
Intelligent_Set_9227,nan,,,10.0,,,AVAILABLE
Intelligent_Set_9227,nan,,,30.0,,,AVAILABLE
Intelligent_Set_9227,nan,,,1.0,7.0,,AVAILABLE
Intelligent_Set_9227,nan,,,2.0,13.0,,AVAILABLE
Intelligent_Set_9227,nan,,,5.0,30.0,,AVAILABLE
Intelligent_Set_9227,nan,,,10.0,58.0,,AVAILABLE
Intelligent_Set_9227,nan,,,30.0,145.0,,AVAILABLE
Intelligent_Set_9227,nan,,,1.0,3.5,,AVAILABLE
Intelligent_Set_9227,nan,,,2.0,7.0,,AVAILABLE
Intelligent_Set_9227,nan,,,5.0,16.0,,AVAILABLE
Intelligent_Set_9227,nan,,,10.0,30.0,,AVAILABLE
Intelligent_Set_9227,nan,,,30.0,75.0,,AVAILABLE
Intelligent_Set_9227,nan,Parfums de Marly,,1.0,3.5,,AVAILABLE
Intelligent_Set_9227,nan,Parfums de Marly,,2.0,7.0,,AVAILABLE
Intelligent_Set_9227,nan,Parfums de Marly,,5.0,16.0,,AVAILABLE
Intelligent_Set_9227,nan,Parfums de Marly,,10.0,30.0,,AVAILABLE
Intelligent_Set_9227,nan,Parfums de Marly,,30.0,75.0,,AVAILABLE
Intelligent_Set_9227,nan,Parfums de Marly,,1.0,4.0,,AVAILABLE
Intelligent_Set_9227,nan,Parfums de Marly,,2.0,7.0,,AVAILABLE
Intelligent_Set_9227,nan,Parfums de Marly,,5.0,17.0,,AVAILABLE
Intelligent_Set_9227,nan,Parfums de Marly,,10.0,33.0,,AVAILABLE
Intelligent_Set_9227,nan,Parfums de Marly,,30.0,95.0,,AVAILABLE
Intelligent_Set_9227,nan,Bond No 9,,1.0,4.0,,LISTED
Intelligent_Set_9227,nan,Bond No 9,,2.0,7.0,,LISTED
Intelligent_Set_9227,nan,Bond No 9,,5.0,17.0,,LISTED
Intelligent_Set_9227,nan,Bond No 9,,10.0,33.0,,LISTED
Intelligent_Set_9227,nan,Bond No 9,,30.0,95.0,,LISTED
Intelligent_Set_9227,nan,Bond No 9,,0.5,8.0,,LISTED
Intelligent_Set_9227,nan,Bond No 9,,1.0,16.0,,LISTED
Intelligent_Set_9227,nan,Bond No 9,,2.0,32.0,,LISTED
Intelligent_Set_9227,nan,Bond No 9,,5.0,55.0,,LISTED
Intelligent_Set_9227,nan,Bond No 9,,1.0,4.0,,LISTED
Intelligent_Set_9227,nan,Bond No 9,,2.0,7.0,,LISTED
Intelligent_Set_9227,nan,Bond No 9,,5.0,17.0,,LISTED
Intelligent_Set_9227,nan,Bond No 9,,10.0,33.0,,LISTED
Intelligent_Set_9227,nan,Bond No 9,,30.0,95.0,,LISTED
Intelligent_Set_9227,nan,Creed,Absolu Aventus (2025),1.0,,,LISTED
Intelligent_Set_9227,nan,Creed,Absolu Aventus (2025),2.0,,,LISTED
Intelligent_Set_9227,nan,Creed,Absolu Aventus (2025),5.0,,,LISTED
Intelligent_Set_9227,nan,Creed,Absolu Aventus (2025),10.0,,,LISTED
Intelligent_Set_9227,nan,Creed,Absolu Aventus (2025),30.0,,,LISTED
Intelligent_Set_9227,nan,,,1.0,6.0,,AVAILABLE
Intelligent_Set_9227,nan,,,2.0,12.0,,AVAILABLE
Intelligent_Set_9227,nan,,,5.0,28.0,,AVAILABLE
Intelligent_Set_9227,nan,,,10.0,55.0,,AVAILABLE
Intelligent_Set_9227,nan,,,30.0,150.0,,AVAILABLE
Intelligent_Set_9227,nan,,,1.0,4.0,,AVAILABLE
Intelligent_Set_9227,nan,,,2.0,7.0,,AVAILABLE
Intelligent_Set_9227,nan,,,5.0,17.0,,AVAILABLE
Intelligent_Set_9227,nan,,,10.0,33.0,,AVAILABLE
Intelligent_Set_9227,nan,,,30.0,95.0,,AVAILABLE
Intelligent_Set_9227,nan,Kilian,,1.0,4.25,,AVAILABLE
Intelligent_Set_9227,nan,Kilian,,2.0,8.0,,AVAILABLE
Intelligent_Set_9227,nan,Kilian,,5.0,20.0,,AVAILABLE
Intelligent_Set_9227,nan,Kilian,,10.0,36.0,,AVAILABLE
Intelligent_Set_9227,nan,Kilian,,30.0,95.0,,AVAILABLE
Intelligent_Set_9227,nan,,,1.0,2.0,,AVAILABLE
Intelligent_Set_9227,nan,,,2.0,4.0,,AVAILABLE
Intelligent_Set_9227,nan,,,5.0,10.0,,AVAILABLE
Intelligent_Set_9227,nan,,,10.0,20.0,,AVAILABLE
Intelligent_Set_9227,nan,,,30.0,35.0,,AVAILABLE
Intelligent_Set_9227,nan,,Office for Men,100.0,80.0,,AVAILABLE
Aventus__,Legacy:15/Buys:0/Sales:92,Creed,Green Irish Tweed,75.0,275.0,100.0,AVAILABLE
Aventus__,Legacy:15/Buys:0/Sales:92,,Pure White Cologne 2017,,95.0,40.0,AVAILABLE
Aventus__,Legacy:15/Buys:0/Sales:92,,Millesime 1849,75.0,125.0,40.0,AVAILABLE
Aventus__,Legacy:15/Buys:0/Sales:92,,Acier Alumium,75.0,125.0,40.0,AVAILABLE
Aventus__,Legacy:15/Buys:0/Sales:92,Yves Saint Laurent,La Nuit 2012,100.0,225.0,85.0,AVAILABLE
Plorimor,nan,,,,125.0,88.0,LISTED
Javy8229,Legacy:49/Buys:0/Sales:4,,,100.0,40.0,99.0,AVAILABLE
all-in33,Legacy:0/Buys:6/Sales:1,,gingembre pétillant,100.0,130.0,85.0,SOLD
all-in33,Legacy:0/Buys:6/Sales:1,Nishane,nefs,50.0,200.0,,SOLD
all-in33,Legacy:0/Buys:6/Sales:1,,blonde amber,,,,LISTED
all-in33,Legacy:0/Buys:6/Sales:1,Dior,ambre nuit,,,,LISTED
all-in33,Legacy:0/Buys:6/Sales:1,,flower lust,,,,LISTED
all-in33,Legacy:0/Buys:6/Sales:1,Guerlain,Angelique noire,,,,LISTED
all-in33,Legacy:0/Buys:6/Sales:1,Guerlain,cherry oud,,,,LISTED
all-in33,Legacy:0/Buys:6/Sales:1,Bvlgari,gyan,,,,LISTED
all-in33,Legacy:0/Buys:6/Sales:1,Frederic Malle,the moon,,,,LISTED
all-in33,Legacy:0/Buys:6/Sales:1,,ambre rubis,,,,LISTED
all-in33,Legacy:0/Buys:6/Sales:1,Yves Saint Laurent,tuxedo,,,,LISTED
all-in33,Legacy:0/Buys:6/Sales:1,Gucci,fiori di neroli,,,,LISTED
daewoongie,nan,Yves Saint Laurent,Myslf,,,,LISTED
daewoongie,nan,,1969,,,,LISTED
ashrabel,Legacy:0/Buys:26/Sales:100,,Krigler 2ml Samples,2.0,40.0,,SOLD
ashrabel,Legacy:0/Buys:26/Sales:100,,DUA Risky Business (Meander by Amouage),30.0,25.0,,LISTED
XenoFury,Legacy:0/Buys:6/Sales:0,,Ex-Nihilo Fleur Narcotique Extrait,100.0,275.0,100.0,LISTED
drdrip305,Legacy:0/Buys:1/Sales:24,,Blanco,200.0,85.0,80.0,SOLD
drdrip305,Legacy:0/Buys:1/Sales:24,Lattafa,Honor and Glory,100.0,20.0,95.0,AVAILABLE
drdrip305,Legacy:0/Buys:1/Sales:24,,Tobacco Noir,50.0,35.0,98.0,AVAILABLE
drdrip305,Legacy:0/Buys:1/Sales:24,,Radiant Empire,40.0,30.0,95.0,AVAILABLE
drdrip305,Legacy:0/Buys:1/Sales:24,Creed,Neroli Sauvage,75.0,220.0,95.0,AVAILABLE
drdrip305,Legacy:0/Buys:1/Sales:24,Givenchy,Gentleman,50.0,55.0,,SOLD
drdrip305,Legacy:0/Buys:1/Sales:24,,Oriental Zinc,100.0,80.0,95.0,AVAILABLE
drdrip305,Legacy:0/Buys:1/Sales:24,,Calamity J,100.0,80.0,98.0,AVAILABLE
drdrip305,Legacy:0/Buys:1/Sales:24,Nishane,Deziro,100.0,110.0,95.0,AVAILABLE
drdrip305,Legacy:0/Buys:1/Sales:24,,Maison Merakai Absolute,100.0,70.0,95.0,AVAILABLE
drdrip305,Legacy:0/Buys:1/Sales:24,,Midnight Hour,75.0,25.0,99.0,SOLD
drdrip305,Legacy:0/Buys:1/Sales:24,,Vulcan Sable,100.0,30.0,,AVAILABLE
drdrip305,Legacy:0/Buys:1/Sales:24,Mancera,Black Gold,,55.0,95.0,SOLD
drdrip305,Legacy:0/Buys:1/Sales:24,Tom Ford,Fucking Fabulous,100.0,200.0,70.0,AVAILABLE
drdrip305,Legacy:0/Buys:1/Sales:24,Parfums de Marly,Pegasus Exclusif,125.0,160.0,98.0,AVAILABLE
drdrip305,Legacy:0/Buys:1/Sales:24,Parfums de Marly,Percival,125.0,160.0,98.0,SOLD
drdrip305,Legacy:0/Buys:1/Sales:24,Lattafa,Fakhar Platin,100.0,25.0,98.0,AVAILABLE
drdrip305,Legacy:0/Buys:1/Sales:24,,Hibiscus Mahajad,50.0,200.0,97.0,AVAILABLE
DocHoliday_21,Legacy:0/Buys:5/Sales:0,,,100.0,185.0,95.0,AVAILABLE
3ClassiC,Legacy:0/Buys:1/Sales:4,Giorgio Armani,Profondo EDP,100.0,70.0,90.0,SOLD
3ClassiC,Legacy:0/Buys:1/Sales:4,Tom Ford,Ombre Leather,50.0,70.0,80.0,AVAILABLE
3ClassiC,Legacy:0/Buys:1/Sales:4,Yves Saint Laurent,L'Homme EDT,100.0,50.0,98.0,AVAILABLE
AnnualZebra,Legacy:6/Buys:1/Sales:6,Hermès,Terre D'Hermes EDT,200.0,65.0,95.0,AVAILABLE
AnnualZebra,Legacy:6/Buys:1/Sales:6,Armaf,CDNIM Untold,100.0,35.0,95.0,AVAILABLE
AnnualZebra,Legacy:6/Buys:1/Sales:6,,JV x NJ - RED (TESTER),,8.0,,AVAILABLE
ObjectiveTrue3696,Legacy:0/Buys:32/Sales:59,,Ambre des Abysses,100.0,139.0,,SOLD
Prestigious_Foot_820,Legacy:0/Buys:6/Sales:5,Jo Malone,Wood Sage & Sea Salt,100.0,100.0,100.0,AVAILABLE
Prestigious_Foot_820,Legacy:0/Buys:6/Sales:5,Giorgio Armani,Acqua Di Gio for Women EDT,100.0,50.0,100.0,AVAILABLE
Prestigious_Foot_820,Legacy:0/Buys:6/Sales:5,Bond No 9,Bleecker St,50.0,140.0,99.0,AVAILABLE
VictorSanchez_,Legacy:0/Buys:1/Sales:26,Nishane,Papilefiko,100.0,100.0,100.0,LISTED
repitism,Legacy:0/Buys:2/Sales:0,,Mind Games Blockade,100.0,430.0,100.0,LISTED
repitism,Legacy:0/Buys:2/Sales:0,,City Rhythm Manhattan Midnight,50.0,430.0,98.0,LISTED
repitism,Legacy:0/Buys:2/Sales:0,By Kilian,Angel Share,10.0,430.0,100.0,LISTED
repitism,Legacy:0/Buys:2/Sales:0,By Kilian,Apple Brandy,10.0,430.0,100.0,LISTED
repitism,Legacy:0/Buys:2/Sales:0,Louis Vuitton,Pacific Chill,2.0,430.0,,LISTED
repitism,Legacy:0/Buys:2/Sales:0,Louis Vuitton,Hombre Nomad,2.0,430.0,,LISTED
repitism,Legacy:0/Buys:2/Sales:0,Louis Vuitton,Symphony,2.0,430.0,,LISTED
repitism,Legacy:0/Buys:2/Sales:0,Yves Saint Laurent,MYSLF LE Parfum,10.0,430.0,80.0,LISTED
repitism,Legacy:0/Buys:2/Sales:0,Tom Ford,Ombré Leather,10.0,430.0,,LISTED
repitism,Legacy:0/Buys:2/Sales:0,Creed,Absolu Aventus,100.0,,,LISTED
repitism,Legacy:0/Buys:2/Sales:0,,Vanilla Diorama,200.0,,,LISTED
repitism,Legacy:0/Buys:2/Sales:0,,Tobacolor,200.0,,,LISTED
repitism,Legacy:0/Buys:2/Sales:0,Guerlain,Tobacco Honey,200.0,,,LISTED
repitism,Legacy:0/Buys:2/Sales:0,Louis Vuitton,Imagination,200.0,,,LISTED
repitism,Legacy:0/Buys:2/Sales:0,Louis Vuitton,Pacific Chill,200.0,,,LISTED
repitism,Legacy:0/Buys:2/Sales:0,Louis Vuitton,Meteoré,200.0,,,LISTED
repitism,Legacy:0/Buys:2/Sales:0,Yves Saint Laurent,Babycat,,,,LISTED
PrinceCharming5,Legacy:0/Buys:55/Sales:104,Dior,Homme Sport 2017,200.0,68.0,22.5,SOLD
PrinceCharming5,Legacy:0/Buys:55/Sales:104,Valentino,BIR Extradose,100.0,43.0,35.0,SOLD
PrinceCharming5,Legacy:0/Buys:55/Sales:104,Tom Ford,Oud Minerale,50.0,44.0,50.0,SOLD
ComprehensiveTower71,Legacy:178/Buys:1/Sales:416,Penhaligon's,Bewitching Yasmine,75.0,225.0,,AVAILABLE
ComprehensiveTower71,Legacy:178/Buys:1/Sales:416,Penhaligon's,Halfeti Leather,100.0,200.0,,AVAILABLE
ComprehensiveTower71,Legacy:178/Buys:1/Sales:416,Penhaligon's,Luna EDT,100.0,170.0,,AVAILABLE
ComprehensiveTower71,Legacy:178/Buys:1/Sales:416,,21:50 Reverie,50.0,150.0,,AVAILABLE
ComprehensiveTower71,Legacy:178/Buys:1/Sales:416,,San Ysidro Drive,100.0,250.0,,AVAILABLE
ComprehensiveTower71,Legacy:178/Buys:1/Sales:416,Gucci,"The Alchemist's Garden, Fiori di Neroli",100.0,300.0,,AVAILABLE
ComprehensiveTower71,Legacy:178/Buys:1/Sales:416,Gucci,The Alchemist's Garden A Reason To Love,100.0,150.0,,AVAILABLE
ComprehensiveTower71,Legacy:178/Buys:1/Sales:416,Giorgio Armani,Prive Santal Dan Sha,100.0,145.0,,AVAILABLE
ComprehensiveTower71,Legacy:178/Buys:1/Sales:416,Giorgio Armani,Prive Pivoine Suzhou,100.0,145.0,,AVAILABLE
ComprehensiveTower71,Legacy:178/Buys:1/Sales:416,Giorgio Armani,Prive Rouge Malachite,100.0,225.0,,AVAILABLE
ComprehensiveTower71,Legacy:178/Buys:1/Sales:416,Giorgio Armani,Prive Blanc Kogane,100.0,225.0,,AVAILABLE
ComprehensiveTower71,Legacy:178/Buys:1/Sales:416,Byredo,Cuir Obscur,100.0,175.0,,AVAILABLE
ComprehensiveTower71,Legacy:178/Buys:1/Sales:416,,Marfa Fleurs Bohemes,75.0,120.0,,AVAILABLE
ComprehensiveTower71,Legacy:178/Buys:1/Sales:416,Gucci,The Alchemist's Garden A Chant for the Nymph,100.0,200.0,90.0,AVAILABLE
ComprehensiveTower71,Legacy:178/Buys:1/Sales:416,Gucci,The Alchemist's Garden The Eyes of the Tiger,100.0,200.0,90.0,AVAILABLE
ComprehensiveTower71,Legacy:178/Buys:1/Sales:416,Gucci,The Alchemist's Garden A Song For The Rose,100.0,175.0,95.0,AVAILABLE
ComprehensiveTower71,Legacy:178/Buys:1/Sales:416,Byredo,Mister Marvelous,50.0,89.0,,AVAILABLE
ComprehensiveTower71,Legacy:178/Buys:1/Sales:416,Maison Francis Kurkdjian,Baccarat Rouge 540 Extrait,200.0,600.0,,AVAILABLE
ComprehensiveTower71,Legacy:178/Buys:1/Sales:416,Maison Francis Kurkdjian,Baccarat Rouge 540 EDP,200.0,420.0,,AVAILABLE
ComprehensiveTower71,Legacy:178/Buys:1/Sales:416,Maison Francis Kurkdjian,A La Rose EDP,200.0,325.0,,AVAILABLE
ComprehensiveTower71,Legacy:178/Buys:1/Sales:416,Maison Francis Kurkdjian,Aqua Universalis,200.0,300.0,,AVAILABLE
ComprehensiveTower71,Legacy:178/Buys:1/Sales:416,Maison Francis Kurkdjian,Aqua Vitae Cologne Forte EDP,200.0,300.0,,AVAILABLE
ComprehensiveTower71,Legacy:178/Buys:1/Sales:416,Maison Francis Kurkdjian,Baccarat Rouge 540 Extrait,70.0,320.0,,AVAILABLE
ComprehensiveTower71,Legacy:178/Buys:1/Sales:416,Maison Francis Kurkdjian,Satin Mood Extrait,70.0,275.0,,LISTED
ComprehensiveTower71,Legacy:178/Buys:1/Sales:416,Maison Francis Kurkdjian,Amyris Homme Extrait,70.0,250.0,,LISTED
ComprehensiveTower71,Legacy:178/Buys:1/Sales:416,Maison Francis Kurkdjian,Baccarat Rouge 540 EDP,70.0,240.0,,LISTED
ComprehensiveTower71,Legacy:178/Buys:1/Sales:416,Maison Francis Kurkdjian,Baccarat Rouge 540 EDP (No Cap),70.0,220.0,,LISTED
ComprehensiveTower71,Legacy:178/Buys:1/Sales:416,Maison Francis Kurkdjian,Oud Silk Mood,70.0,210.0,,LISTED
ComprehensiveTower71,Legacy:178/Buys:1/Sales:416,Maison Francis Kurkdjian,Kurky,70.0,185.0,,LISTED
ComprehensiveTower71,Legacy:178/Buys:1/Sales:416,Maison Francis Kurkdjian,Gentle Fluidity Gold,70.0,185.0,,LISTED
ComprehensiveTower71,Legacy:178/Buys:1/Sales:416,Maison Francis Kurkdjian,Grand Soir,70.0,185.0,,LISTED
ComprehensiveTower71,Legacy:178/Buys:1/Sales:416,Maison Francis Kurkdjian,724,70.0,175.0,,LISTED
ComprehensiveTower71,Legacy:178/Buys:1/Sales:416,Maison Francis Kurkdjian,APOM,70.0,165.0,,LISTED
ComprehensiveTower71,Legacy:178/Buys:1/Sales:416,Maison Francis Kurkdjian,L'Eau À La Rose EDT,70.0,165.0,,AVAILABLE
ComprehensiveTower71,Legacy:178/Buys:1/Sales:416,Maison Francis Kurkdjian,Aqua Media Cologne Forte,70.0,160.0,,AVAILABLE
ComprehensiveTower71,Legacy:178/Buys:1/Sales:416,Maison Francis Kurkdjian,Amyris Femme,70.0,155.0,,AVAILABLE
ComprehensiveTower71,Legacy:178/Buys:1/Sales:416,Maison Francis Kurkdjian,Aqua Vitae Forte EDP,70.0,155.0,,AVAILABLE
ComprehensiveTower71,Legacy:178/Buys:1/Sales:416,Maison Francis Kurkdjian,Aqua Celestia Cologne Forte,70.0,155.0,,AVAILABLE
ComprehensiveTower71,Legacy:178/Buys:1/Sales:416,Maison Francis Kurkdjian,A La Rose,70.0,155.0,,AVAILABLE
ComprehensiveTower71,Legacy:178/Buys:1/Sales:416,Maison Francis Kurkdjian,Aqua Vitae Cologne Forte EDP,70.0,145.0,,AVAILABLE
ComprehensiveTower71,Legacy:178/Buys:1/Sales:416,Maison Francis Kurkdjian,Aqua Celestia Forte EDP,70.0,145.0,,AVAILABLE
ComprehensiveTower71,Legacy:178/Buys:1/Sales:416,Maison Francis Kurkdjian,Baccarat Rouge 540 Hair Mist,70.0,75.0,,AVAILABLE
ComprehensiveTower71,Legacy:178/Buys:1/Sales:416,Maison Francis Kurkdjian,Baccarat Rouge 540 Body Oil,70.0,65.0,,AVAILABLE
ComprehensiveTower71,Legacy:178/Buys:1/Sales:416,Maison Francis Kurkdjian,APOM,35.0,115.0,,AVAILABLE
ComprehensiveTower71,Legacy:178/Buys:1/Sales:416,Maison Francis Kurkdjian,A La Rose,35.0,99.0,,AVAILABLE
ComprehensiveTower71,Legacy:178/Buys:1/Sales:416,Maison Francis Kurkdjian,Baccarat Rouge 540 Extrait,200.0,550.0,,AVAILABLE
ComprehensiveTower71,Legacy:178/Buys:1/Sales:416,Maison Francis Kurkdjian,Baccarat Rouge 540 Extrait,200.0,500.0,,AVAILABLE
ComprehensiveTower71,Legacy:178/Buys:1/Sales:416,Maison Francis Kurkdjian,Oud Satin Mood,200.0,385.0,,AVAILABLE
ComprehensiveTower71,Legacy:178/Buys:1/Sales:416,Maison Francis Kurkdjian,Oud Satin Mood Extrait,70.0,245.0,,AVAILABLE
ComprehensiveTower71,Legacy:178/Buys:1/Sales:416,Maison Francis Kurkdjian,Oud Extrait,70.0,220.0,,AVAILABLE
ComprehensiveTower71,Legacy:178/Buys:1/Sales:416,Maison Francis Kurkdjian,Baccarat Rouge 540 EDP,70.0,200.0,,AVAILABLE
ComprehensiveTower71,Legacy:178/Buys:1/Sales:416,Maison Francis Kurkdjian,Kurky,70.0,160.0,,AVAILABLE
ComprehensiveTower71,Legacy:178/Buys:1/Sales:416,Maison Francis Kurkdjian,Gentle Fluidity Gold,70.0,150.0,,AVAILABLE
ComprehensiveTower71,Legacy:178/Buys:1/Sales:416,Maison Francis Kurkdjian,L'eau A La Rose,70.0,145.0,,AVAILABLE
ComprehensiveTower71,Legacy:178/Buys:1/Sales:416,Maison Francis Kurkdjian,Petit Matin,70.0,140.0,,AVAILABLE
ComprehensiveTower71,Legacy:178/Buys:1/Sales:416,Maison Francis Kurkdjian,724,70.0,140.0,,AVAILABLE
ComprehensiveTower71,Legacy:178/Buys:1/Sales:416,Maison Francis Kurkdjian,A La Rose,70.0,125.0,,AVAILABLE
ComprehensiveTower71,Legacy:178/Buys:1/Sales:416,Maison Francis Kurkdjian,Gentle Fluidity Gold,35.0,120.0,,AVAILABLE
ComprehensiveTower71,Legacy:178/Buys:1/Sales:416,,Fétiche Le Cuir,80.0,200.0,,AVAILABLE
ComprehensiveTower71,Legacy:178/Buys:1/Sales:416,,Fétiche L ́ambre,80.0,185.0,,AVAILABLE
ComprehensiveTower71,Legacy:178/Buys:1/Sales:416,,Fétiche La Rose,80.0,185.0,,AVAILABLE
ComprehensiveTower71,Legacy:178/Buys:1/Sales:416,,Loubiluna,90.0,185.0,,AVAILABLE
ComprehensiveTower71,Legacy:178/Buys:1/Sales:416,,Loubiprince,90.0,185.0,,AVAILABLE
ComprehensiveTower71,Legacy:178/Buys:1/Sales:416,,Loubidoo Rose Encens,90.0,185.0,,AVAILABLE
ComprehensiveTower71,Legacy:178/Buys:1/Sales:416,,Loubidoo,90.0,175.0,,AVAILABLE
ComprehensiveTower71,Legacy:178/Buys:1/Sales:416,,Loubirouge,90.0,175.0,,AVAILABLE
ComprehensiveTower71,Legacy:178/Buys:1/Sales:416,,Loubimar,90.0,175.0,,AVAILABLE
ComprehensiveTower71,Legacy:178/Buys:1/Sales:416,,Loubicrown,90.0,175.0,,AVAILABLE
ComprehensiveTower71,Legacy:178/Buys:1/Sales:416,,Loubifunk,90.0,175.0,,AVAILABLE
ComprehensiveTower71,Legacy:178/Buys:1/Sales:416,,Loubicharme,90.0,175.0,,AVAILABLE
ComprehensiveTower71,Legacy:178/Buys:1/Sales:416,,Loubicrown,50.0,110.0,,AVAILABLE
ComprehensiveTower71,Legacy:178/Buys:1/Sales:416,,Loubiprince,50.0,110.0,,AVAILABLE
ComprehensiveTower71,Legacy:178/Buys:1/Sales:416,,Loubidoo Rose Limited Edition,,99.0,,AVAILABLE
ComprehensiveTower71,Legacy:178/Buys:1/Sales:416,Bvlgari,Tygar,100.0,335.0,,AVAILABLE
ComprehensiveTower71,Legacy:178/Buys:1/Sales:416,Bvlgari,Yasep,100.0,300.0,,AVAILABLE
ComprehensiveTower71,Legacy:178/Buys:1/Sales:416,Bvlgari,Tygar (No Cap + Scuffs),100.0,300.0,,AVAILABLE
ComprehensiveTower71,Legacy:178/Buys:1/Sales:416,Bvlgari,Orom (No Cap),100.0,290.0,,AVAILABLE
ComprehensiveTower71,Legacy:178/Buys:1/Sales:416,Creed,Aventus F1422,50.0,165.0,,AVAILABLE
ComprehensiveTower71,Legacy:178/Buys:1/Sales:416,Creed,Carmina,50.0,165.0,,AVAILABLE
ComprehensiveTower71,Legacy:178/Buys:1/Sales:416,Creed,Spring Flower (2023),50.0,160.0,,AVAILABLE
ComprehensiveTower71,Legacy:178/Buys:1/Sales:416,Creed,Spring Flower (2023),50.0,150.0,,AVAILABLE
ComprehensiveTower71,Legacy:178/Buys:1/Sales:416,Creed,Aventus For Her,50.0,150.0,,AVAILABLE
ComprehensiveTower71,Legacy:178/Buys:1/Sales:416,Creed,Aventus For Her,50.0,140.0,,AVAILABLE
ComprehensiveTower71,Legacy:178/Buys:1/Sales:416,Creed,Love In White,50.0,135.0,,AVAILABLE
ComprehensiveTower71,Legacy:178/Buys:1/Sales:416,Creed,Acqua Fiorentina,50.0,125.0,,AVAILABLE
ComprehensiveTower71,Legacy:178/Buys:1/Sales:416,Creed,Acqua Fiorentina,50.0,110.0,,AVAILABLE
ComprehensiveTower71,Legacy:178/Buys:1/Sales:416,Creed,Aventus F239/1752,,170.0,,AVAILABLE
ComprehensiveTower71,Legacy:178/Buys:1/Sales:416,Creed,Aventus Cologne F,,165.0,,AVAILABLE
ComprehensiveTower71,Legacy:178/Buys:1/Sales:416,,Delphinus F2848,,165.0,,AVAILABLE
ComprehensiveTower71,Legacy:178/Buys:1/Sales:416,Creed,Virgin Island Water,,155.0,,AVAILABLE
ComprehensiveTower71,Legacy:178/Buys:1/Sales:416,Creed,Viking Cologne S9821P01/S9821P01,,145.0,,AVAILABLE
ComprehensiveTower71,Legacy:178/Buys:1/Sales:416,Creed,Silver Mountain Water F160/F222,,145.0,,AVAILABLE
ComprehensiveTower71,Legacy:178/Buys:1/Sales:416,Creed,Silver Mountain Water M3520K01,,165.0,,AVAILABLE
ComprehensiveTower71,Legacy:178/Buys:1/Sales:416,Creed,Green Irish Tweed F2042,,145.0,,AVAILABLE
ComprehensiveTower71,Legacy:178/Buys:1/Sales:416,,Spice and Wood,75.0,290.0,,AVAILABLE
ComprehensiveTower71,Legacy:178/Buys:1/Sales:416,,Queen of Silk (F2199/F2302),,240.0,,AVAILABLE
ComprehensiveTower71,Legacy:178/Buys:1/Sales:416,,Carmina,,225.0,,AVAILABLE
ComprehensiveTower71,Legacy:178/Buys:1/Sales:416,Creed,Aventus For Her (F1869/F1447),,190.0,,AVAILABLE
ComprehensiveTower71,Legacy:178/Buys:1/Sales:416,,Spring Flower,,190.0,,AVAILABLE
ComprehensiveTower71,Legacy:178/Buys:1/Sales:416,,Acqua Fiorentina,,185.0,,AVAILABLE
ComprehensiveTower71,Legacy:178/Buys:1/Sales:416,,Wind Flower,75.0,180.0,,AVAILABLE
ComprehensiveTower71,Legacy:178/Buys:1/Sales:416,Creed,Love In White,,180.0,,AVAILABLE
ComprehensiveTower71,Legacy:178/Buys:1/Sales:416,Creed,Aventus For Her (F1447),,175.0,,AVAILABLE
ComprehensiveTower71,Legacy:178/Buys:1/Sales:416,,Acqua Fiorentina,,170.0,,AVAILABLE
ComprehensiveTower71,Legacy:178/Buys:1/Sales:416,,Spring Flower,,170.0,,AVAILABLE
ComprehensiveTower71,Legacy:178/Buys:1/Sales:416,Creed,Love In White For Summer,,145.0,,AVAILABLE
ComprehensiveTower71,Legacy:178/Buys:1/Sales:416,Creed,Love in Black,,155.0,,AVAILABLE
ComprehensiveTower71,Legacy:178/Buys:1/Sales:416,Creed,Silver Mountain Water Oil,,145.0,,AVAILABLE
ComprehensiveTower71,Legacy:178/Buys:1/Sales:416,Creed,Love in White Oil,,145.0,,AVAILABLE
ComprehensiveTower71,Legacy:178/Buys:1/Sales:416,Creed,Original Vétiver Oil,,145.0,,AVAILABLE
ComprehensiveTower71,Legacy:178/Buys:1/Sales:416,Creed,Aventus for Her Oil,,145.0,,AVAILABLE
ComprehensiveTower71,Legacy:178/Buys:1/Sales:416,Creed,Aventus for Her Oil,,130.0,,AVAILABLE
ComprehensiveTower71,Legacy:178/Buys:1/Sales:416,Creed,Aventus F1607/F1770,100.0,245.0,,AVAILABLE
ComprehensiveTower71,Legacy:178/Buys:1/Sales:416,Creed,Aventus Cologne F1398/F551,100.0,245.0,,AVAILABLE
ComprehensiveTower71,Legacy:178/Buys:1/Sales:416,Creed,Virgin Island Water,,235.0,,AVAILABLE
ComprehensiveTower71,Legacy:178/Buys:1/Sales:416,,Delphinus F2841,,225.0,,AVAILABLE
ComprehensiveTower71,Legacy:178/Buys:1/Sales:416,Creed,Royal Oud,,220.0,,AVAILABLE
ComprehensiveTower71,Legacy:178/Buys:1/Sales:416,Creed,Tabarome Millesime FBatch,,200.0,,AVAILABLE
ComprehensiveTower71,Legacy:178/Buys:1/Sales:416,Creed,Millesime Imperial F3175,,200.0,,AVAILABLE
ComprehensiveTower71,Legacy:178/Buys:1/Sales:416,Creed,Original Vetiver FBatch,,200.0,,AVAILABLE
ComprehensiveTower71,Legacy:178/Buys:1/Sales:416,Creed,Green Irish Tweed F2088,,200.0,,AVAILABLE
ComprehensiveTower71,Legacy:178/Buys:1/Sales:416,Creed,Green Irish Tweed F694,,200.0,,AVAILABLE
ComprehensiveTower71,Legacy:178/Buys:1/Sales:416,Creed,Himalaya F2206,,200.0,,AVAILABLE
ComprehensiveTower71,Legacy:178/Buys:1/Sales:416,Creed,Viking F495,,200.0,,AVAILABLE
ComprehensiveTower71,Legacy:178/Buys:1/Sales:416,Creed,Viking Cologne,,180.0,,AVAILABLE
ComprehensiveTower71,Legacy:178/Buys:1/Sales:416,Creed,Viking,,180.0,,AVAILABLE
ComprehensiveTower71,Legacy:178/Buys:1/Sales:416,Creed,Aventus,100.0,300.0,,AVAILABLE
ComprehensiveTower71,Legacy:178/Buys:1/Sales:416,Creed,Himalaya,100.0,150.0,,AVAILABLE
ComprehensiveTower71,Legacy:178/Buys:1/Sales:416,Creed,Delphinus,100.0,200.0,,AVAILABLE
ComprehensiveTower71,Legacy:178/Buys:1/Sales:416,Creed,Aventus Cologne,100.0,200.0,,AVAILABLE
ComprehensiveTower71,Legacy:178/Buys:1/Sales:416,Creed,Aventus,100.0,200.0,,AVAILABLE
ComprehensiveTower71,Legacy:178/Buys:1/Sales:416,Creed,Aventus,100.0,200.0,,AVAILABLE
ComprehensiveTower71,Legacy:178/Buys:1/Sales:416,Creed,Royal Water,50.0,140.0,,AVAILABLE
ComprehensiveTower71,Legacy:178/Buys:1/Sales:416,Creed,Aventus For Her,75.0,175.0,,AVAILABLE
ComprehensiveTower71,Legacy:178/Buys:1/Sales:416,Creed,Viking Cologne,100.0,185.0,,AVAILABLE
ComprehensiveTower71,Legacy:178/Buys:1/Sales:416,Creed,Millesime Imperial,100.0,155.0,55.0,AVAILABLE
ComprehensiveTower71,Legacy:178/Buys:1/Sales:416,Creed,Fleurissimo,75.0,160.0,,AVAILABLE
ComprehensiveTower71,Legacy:178/Buys:1/Sales:416,,Original Santal,50.0,155.0,,AVAILABLE
ComprehensiveTower71,Legacy:178/Buys:1/Sales:416,Creed,Green Irish Tweed,50.0,145.0,,AVAILABLE
ComprehensiveTower71,Legacy:178/Buys:1/Sales:416,Creed,Aventus 21,50.0,155.0,,AVAILABLE
ComprehensiveTower71,Legacy:178/Buys:1/Sales:416,Creed,Aventus,50.0,150.0,,AVAILABLE
ComprehensiveTower71,Legacy:178/Buys:1/Sales:416,Creed,Aventus Cologne,50.0,150.0,,AVAILABLE
ComprehensiveTower71,Legacy:178/Buys:1/Sales:416,,Carmina,,199.0,,AVAILABLE
ComprehensiveTower71,Legacy:178/Buys:1/Sales:416,Creed,Aventus for Her,30.0,120.0,,AVAILABLE
ComprehensiveTower71,Legacy:178/Buys:1/Sales:416,,Carmina,30.0,100.0,,AVAILABLE
ComprehensiveTower71,Legacy:178/Buys:1/Sales:416,Le Labo,Neroli 36,50.0,140.0,,AVAILABLE
ComprehensiveTower71,Legacy:178/Buys:1/Sales:416,Le Labo,Another 13,100.0,290.0,,AVAILABLE
ComprehensiveTower71,Legacy:178/Buys:1/Sales:416,Le Labo,Rose 31,100.0,225.0,,AVAILABLE
ComprehensiveTower71,Legacy:178/Buys:1/Sales:416,Frederic Malle,Vibrant and Warm Travel Set,,150.0,,AVAILABLE
ComprehensiveTower71,Legacy:178/Buys:1/Sales:416,Frederic Malle,Portrait of a Lady Hair Mist,100.0,150.0,,AVAILABLE
ComprehensiveTower71,Legacy:178/Buys:1/Sales:416,Frederic Malle,Portrait of a Lady,100.0,250.0,,AVAILABLE
ComprehensiveTower71,Legacy:178/Buys:1/Sales:416,Frederic Malle,Portrait of a Lady,100.0,220.0,90.0,AVAILABLE
ComprehensiveTower71,Legacy:178/Buys:1/Sales:416,Frederic Malle,Carnal Flower,100.0,225.0,,AVAILABLE
ComprehensiveTower71,Legacy:178/Buys:1/Sales:416,By Kilian,Cologne Indelebile,100.0,225.0,,AVAILABLE
ComprehensiveTower71,Legacy:178/Buys:1/Sales:416,,L'eau D'Hiver,100.0,225.0,,AVAILABLE
ComprehensiveTower71,Legacy:178/Buys:1/Sales:416,,Rose Tonnerre,100.0,185.0,,AVAILABLE
ComprehensiveTower71,Legacy:178/Buys:1/Sales:416,Frederic Malle,Lipstick Rose,100.0,185.0,,AVAILABLE
ComprehensiveTower71,Legacy:178/Buys:1/Sales:416,Frederic Malle,Portrait of a Lady,50.0,185.0,,AVAILABLE
ComprehensiveTower71,Legacy:178/Buys:1/Sales:416,Frederic Malle,Carnal Flower,50.0,165.0,,AVAILABLE
ComprehensiveTower71,Legacy:178/Buys:1/Sales:416,Frederic Malle,Bigarade Concentree,50.0,150.0,96.0,AVAILABLE
ComprehensiveTower71,Legacy:178/Buys:1/Sales:416,By Kilian,Good Girl Gone Bad Icon Set,50.0,200.0,,AVAILABLE
ComprehensiveTower71,Legacy:178/Buys:1/Sales:416,By Kilian,Good Girl Gone Bad w/ Coffret,50.0,180.0,,AVAILABLE
ComprehensiveTower71,Legacy:178/Buys:1/Sales:416,,Princess Eau Fraiche,50.0,95.0,,AVAILABLE
ComprehensiveTower71,Legacy:178/Buys:1/Sales:416,By Kilian,Good Girl Gone Bad,100.0,250.0,,AVAILABLE
ComprehensiveTower71,Legacy:178/Buys:1/Sales:416,,Kissing,100.0,170.0,,AVAILABLE
ComprehensiveTower71,Legacy:178/Buys:1/Sales:416,By Kilian,Good Girl Gone Bad,100.0,225.0,,AVAILABLE
ComprehensiveTower71,Legacy:178/Buys:1/Sales:416,By Kilian,Good Girl Gone Bad,50.0,150.0,,AVAILABLE
ComprehensiveTower71,Legacy:178/Buys:1/Sales:416,Maison Francis Kurkdjian,Rolling in Love,,150.0,,AVAILABLE
ComprehensiveTower71,Legacy:178/Buys:1/Sales:416,,Voulez-vous Coucher Avec Moi,,150.0,,AVAILABLE
ComprehensiveTower71,Legacy:178/Buys:1/Sales:416,,Dark Lord,,145.0,,AVAILABLE
ComprehensiveTower71,Legacy:178/Buys:1/Sales:416,Guerlain,L'Heure Verte,,145.0,,AVAILABLE
ComprehensiveTower71,Legacy:178/Buys:1/Sales:416,By Kilian,Good Girl Gone Bad Eau Fraiche,,90.0,,AVAILABLE
ComprehensiveTower71,Legacy:178/Buys:1/Sales:416,By Kilian,Love Don't Be Shy Special Blend 2023,50.0,225.0,,AVAILABLE
ComprehensiveTower71,Legacy:178/Buys:1/Sales:416,Tom Ford,Soliel Neige,30.0,115.0,,AVAILABLE
ComprehensiveTower71,Legacy:178/Buys:1/Sales:416,Tom Ford,Soleil de Feu,30.0,115.0,97.0,AVAILABLE
ComprehensiveTower71,Legacy:178/Buys:1/Sales:416,Tom Ford,Santal Blush,,125.0,,AVAILABLE
ComprehensiveTower71,Legacy:178/Buys:1/Sales:416,Tom Ford,Cafe Rose,,75.0,,AVAILABLE
ComprehensiveTower71,Legacy:178/Buys:1/Sales:416,Tom Ford,Tubereuse Nue,50.0,150.0,,AVAILABLE
ComprehensiveTower71,Legacy:178/Buys:1/Sales:416,Tom Ford,White Suede,50.0,150.0,,AVAILABLE
ComprehensiveTower71,Legacy:178/Buys:1/Sales:416,Tom Ford,Rose De Chine,50.0,150.0,,AVAILABLE
ComprehensiveTower71,Legacy:178/Buys:1/Sales:416,Tom Ford,Cafe Rose,50.0,110.0,,AVAILABLE
ComprehensiveTower71,Legacy:178/Buys:1/Sales:416,Tom Ford,Black Orchid Parfum,50.0,110.0,,AVAILABLE
ComprehensiveTower71,Legacy:178/Buys:1/Sales:416,Tom Ford,Velvet Orchid,50.0,95.0,100.0,AVAILABLE
ComprehensiveTower71,Legacy:178/Buys:1/Sales:416,Tom Ford,Ombre Leather,100.0,165.0,,AVAILABLE
ComprehensiveTower71,Legacy:178/Buys:1/Sales:416,Tom Ford,Velvet Orchid,,135.0,,AVAILABLE
ComprehensiveTower71,Legacy:178/Buys:1/Sales:416,Tom Ford,Velvet Orchid,,130.0,,AVAILABLE
ComprehensiveTower71,Legacy:178/Buys:1/Sales:416,,Vanilla Sx,30.0,175.0,,AVAILABLE
ComprehensiveTower71,Legacy:178/Buys:1/Sales:416,Tom Ford,Fcking Fabulous,30.0,145.0,,AVAILABLE
ComprehensiveTower71,Legacy:178/Buys:1/Sales:416,Tom Ford,Vanille Fatale,30.0,145.0,,AVAILABLE
ComprehensiveTower71,Legacy:178/Buys:1/Sales:416,Tom Ford,Vanille Fatale,30.0,140.0,,AVAILABLE
ComprehensiveTower71,Legacy:178/Buys:1/Sales:416,,Cherry Smoke,30.0,145.0,,AVAILABLE
ComprehensiveTower71,Legacy:178/Buys:1/Sales:416,,Electric Cherry,30.0,145.0,,AVAILABLE
ComprehensiveTower71,Legacy:178/Buys:1/Sales:416,,Cherry Smoke,,140.0,,AVAILABLE
ComprehensiveTower71,Legacy:178/Buys:1/Sales:416,,Myrrhe Mystere,,125.0,,AVAILABLE
ComprehensiveTower71,Legacy:178/Buys:1/Sales:416,Tom Ford,Oud Wood,,115.0,,AVAILABLE
ComprehensiveTower71,Legacy:178/Buys:1/Sales:416,Tom Ford,Oud Wood,,110.0,,AVAILABLE
ComprehensiveTower71,Legacy:178/Buys:1/Sales:416,,Soleil de Feu,,100.0,,AVAILABLE
ComprehensiveTower71,Legacy:178/Buys:1/Sales:416,,Soleil de Feu,,110.0,,AVAILABLE
ComprehensiveTower71,Legacy:178/Buys:1/Sales:416,Tom Ford,Tubereuse Nue,,110.0,,AVAILABLE
ComprehensiveTower71,Legacy:178/Buys:1/Sales:416,Tom Ford,Bois Marocain,,110.0,,AVAILABLE
ComprehensiveTower71,Legacy:178/Buys:1/Sales:416,Tom Ford,Santal Blush,,110.0,,AVAILABLE
ComprehensiveTower71,Legacy:178/Buys:1/Sales:416,Maison Francis Kurkdjian,Soleil Neige,,110.0,,AVAILABLE
ComprehensiveTower71,Legacy:178/Buys:1/Sales:416,Tom Ford,Soleil Blanc,,110.0,,AVAILABLE
ComprehensiveTower71,Legacy:178/Buys:1/Sales:416,Tom Ford,White Suede,,110.0,,AVAILABLE
ComprehensiveTower71,Legacy:178/Buys:1/Sales:416,Tom Ford,Rose de Chine,,95.0,,AVAILABLE
ComprehensiveTower71,Legacy:178/Buys:1/Sales:416,Tom Ford,Cafe Rose,,75.0,,AVAILABLE
ComprehensiveTower71,Legacy:178/Buys:1/Sales:416,,Soleil Neige Parfum,50.0,295.0,,AVAILABLE
ComprehensiveTower71,Legacy:178/Buys:1/Sales:416,,Black Lacquer,50.0,200.0,,AVAILABLE
ComprehensiveTower71,Legacy:178/Buys:1/Sales:416,,Vanilla Sx,50.0,200.0,,AVAILABLE
ComprehensiveTower71,Legacy:178/Buys:1/Sales:416,Tom Ford,Lost Cherry,50.0,200.0,,AVAILABLE
ComprehensiveTower71,Legacy:178/Buys:1/Sales:416,Tom Ford,Fcking Fabulous,50.0,185.0,,AVAILABLE
ComprehensiveTower71,Legacy:178/Buys:1/Sales:416,Tom Ford,Rose Prick,,175.0,,AVAILABLE
ComprehensiveTower71,Legacy:178/Buys:1/Sales:416,,Rose Exposed,,175.0,,AVAILABLE
ComprehensiveTower71,Legacy:178/Buys:1/Sales:416,Tom Ford,Noir de Noir,,165.0,,AVAILABLE
ComprehensiveTower71,Legacy:178/Buys:1/Sales:416,Tom Ford,Tuscan Leather,,165.0,,AVAILABLE
ComprehensiveTower71,Legacy:178/Buys:1/Sales:416,,Ebene Fume,,160.0,,AVAILABLE
ComprehensiveTower71,Legacy:178/Buys:1/Sales:416,Tom Ford,Noir de Noir,,150.0,,AVAILABLE
ComprehensiveTower71,Legacy:178/Buys:1/Sales:416,,Soleil Brulant,,145.0,,AVAILABLE
ComprehensiveTower71,Legacy:178/Buys:1/Sales:416,Tom Ford,Rose de Chine,,145.0,,AVAILABLE
ComprehensiveTower71,Legacy:178/Buys:1/Sales:416,Tom Ford,Oud Wood,,145.0,,AVAILABLE
ComprehensiveTower71,Legacy:178/Buys:1/Sales:416,,Soliel de Feu,,145.0,,AVAILABLE
ComprehensiveTower71,Legacy:178/Buys:1/Sales:416,Tom Ford,Soleil Neige,,145.0,,LISTED
ComprehensiveTower71,Legacy:178/Buys:1/Sales:416,Tom Ford,Santal Blush,,145.0,,LISTED
ComprehensiveTower71,Legacy:178/Buys:1/Sales:416,Tom Ford,Tubereuse Nue,,145.0,,LISTED
ComprehensiveTower71,Legacy:178/Buys:1/Sales:416,Tom Ford,Jasmin Rouge,,145.0,,LISTED
ComprehensiveTower71,Legacy:178/Buys:1/Sales:416,Tom Ford,Jasmin Rouge,,140.0,,LISTED
ComprehensiveTower71,Legacy:178/Buys:1/Sales:416,Tom Ford,White Suede,,145.0,,LISTED
ComprehensiveTower71,Legacy:178/Buys:1/Sales:416,Tom Ford,Rose D'Amalfi,,145.0,,LISTED
ComprehensiveTower71,Legacy:178/Buys:1/Sales:416,Tom Ford,Ombre Leather Parfum,,125.0,,LISTED
ComprehensiveTower71,Legacy:178/Buys:1/Sales:416,Tom Ford,Oud Mineral,,110.0,,LISTED
ComprehensiveTower71,Legacy:178/Buys:1/Sales:416,Tom Ford,Eau De Soleil Blanc,,110.0,,LISTED
ComprehensiveTower71,Legacy:178/Buys:1/Sales:416,Tom Ford,Black Orchid Parfum,,105.0,,AVAILABLE
ComprehensiveTower71,Legacy:178/Buys:1/Sales:416,Tom Ford,Grey Vetiver Parfum,,105.0,,AVAILABLE
ComprehensiveTower71,Legacy:178/Buys:1/Sales:416,Tom Ford,Eau de Soliel Blanc,,99.0,,AVAILABLE
ComprehensiveTower71,Legacy:178/Buys:1/Sales:416,Tom Ford,Cafe Rose,,99.0,,AVAILABLE
ComprehensiveTower71,Legacy:178/Buys:1/Sales:416,Tom Ford,Velvet Orchid,,85.0,,AVAILABLE
ComprehensiveTower71,Legacy:178/Buys:1/Sales:416,Tom Ford,Black Orchid,,85.0,,AVAILABLE
ComprehensiveTower71,Legacy:178/Buys:1/Sales:416,Tom Ford,Noir Extreme,,85.0,,AVAILABLE
ComprehensiveTower71,Legacy:178/Buys:1/Sales:416,Tom Ford,Oud Wood,100.0,200.0,,AVAILABLE
ComprehensiveTower71,Legacy:178/Buys:1/Sales:416,Tom Ford,Soliel Neige,100.0,200.0,,AVAILABLE
ComprehensiveTower71,Legacy:178/Buys:1/Sales:416,Tom Ford,Jasmin Rouge,,200.0,,AVAILABLE
ComprehensiveTower71,Legacy:178/Buys:1/Sales:416,Tom Ford,Ombre Leather Parfum,,175.0,,AVAILABLE
ComprehensiveTower71,Legacy:178/Buys:1/Sales:416,Tom Ford,White Suede,,175.0,,AVAILABLE
ComprehensiveTower71,Legacy:178/Buys:1/Sales:416,Tom Ford,Bois Pacifique,100.0,160.0,,AVAILABLE
ComprehensiveTower71,Legacy:178/Buys:1/Sales:416,Tom Ford,Costa Azzurra,,155.0,,AVAILABLE
ComprehensiveTower71,Legacy:178/Buys:1/Sales:416,Tom Ford,Black Orchid Parfum,,155.0,,AVAILABLE
ComprehensiveTower71,Legacy:178/Buys:1/Sales:416,Tom Ford,Noir Extreme Parfum,,160.0,,AVAILABLE
ComprehensiveTower71,Legacy:178/Buys:1/Sales:416,Tom Ford,Noir Extreme Parfum (No Cap),,155.0,,AVAILABLE
ComprehensiveTower71,Legacy:178/Buys:1/Sales:416,Tom Ford,Ombre Leather,,140.0,,AVAILABLE
ComprehensiveTower71,Legacy:178/Buys:1/Sales:416,Tom Ford,Noir Extreme,,135.0,,AVAILABLE
ComprehensiveTower71,Legacy:178/Buys:1/Sales:416,Tom Ford,Black Orchid,,135.0,,AVAILABLE
ComprehensiveTower71,Legacy:178/Buys:1/Sales:416,Tom Ford,Velvet Orchid,,135.0,,AVAILABLE
ComprehensiveTower71,Legacy:178/Buys:1/Sales:416,Tom Ford,Eau de Soliel Blanc,,130.0,,AVAILABLE
ComprehensiveTower71,Legacy:178/Buys:1/Sales:416,,Black Lacquer,50.0,175.0,,AVAILABLE
ComprehensiveTower71,Legacy:178/Buys:1/Sales:416,,Bois Pacifique,100.0,150.0,,AVAILABLE
ComprehensiveTower71,Legacy:178/Buys:1/Sales:416,,Bois Pacifique,100.0,140.0,,AVAILABLE
ComprehensiveTower71,Legacy:178/Buys:1/Sales:416,Tom Ford,Ombre Leather,100.0,125.0,,AVAILABLE
ComprehensiveTower71,Legacy:178/Buys:1/Sales:416,,Vanilla Sx,50.0,160.0,,AVAILABLE
ComprehensiveTower71,Legacy:178/Buys:1/Sales:416,Tom Ford,Santal Blush,50.0,120.0,,AVAILABLE
ComprehensiveTower71,Legacy:178/Buys:1/Sales:416,Tom Ford,Rose Prick,50.0,160.0,,AVAILABLE
ComprehensiveTower71,Legacy:178/Buys:1/Sales:416,Tom Ford,Santal Blush,50.0,135.0,,AVAILABLE
ComprehensiveTower71,Legacy:178/Buys:1/Sales:416,Tom Ford,Velvet Orchid,100.0,100.0,80.0,AVAILABLE
ComprehensiveTower71,Legacy:178/Buys:1/Sales:416,Tom Ford,Grey Vetiver EDP,50.0,80.0,,AVAILABLE
ComprehensiveTower71,Legacy:178/Buys:1/Sales:416,Tom Ford,Velvet Orchid,,70.0,,AVAILABLE
ComprehensiveTower71,Legacy:178/Buys:1/Sales:416,,Soliel de Feu,50.0,125.0,,AVAILABLE
ComprehensiveTower71,Legacy:178/Buys:1/Sales:416,,Soilel de Feu,30.0,99.0,,AVAILABLE
ComprehensiveTower71,Legacy:178/Buys:1/Sales:416,,Soliel de Feu,30.0,90.0,,AVAILABLE
ComprehensiveTower71,Legacy:178/Buys:1/Sales:416,Tom Ford,White Suede,30.0,100.0,97.0,AVAILABLE
ComprehensiveTower71,Legacy:178/Buys:1/Sales:416,,Soliel Neige,30.0,70.0,67.0,AVAILABLE
ComprehensiveTower71,Legacy:178/Buys:1/Sales:416,,Soliel Neige,30.0,99.0,93.0,AVAILABLE
ComprehensiveTower71,Legacy:178/Buys:1/Sales:416,,Soliel Neige,15.0,75.0,50.0,AVAILABLE
ComprehensiveTower71,Legacy:178/Buys:1/Sales:416,,Soliel Neige,30.0,75.0,100.0,AVAILABLE
ComprehensiveTower71,Legacy:178/Buys:1/Sales:416,,Rose de Chine,30.0,80.0,100.0,AVAILABLE
ComprehensiveTower71,Legacy:178/Buys:1/Sales:416,Tom Ford,Lost Cherry,25.0,140.0,50.0,AVAILABLE
ComprehensiveTower71,Legacy:178/Buys:1/Sales:416,Tom Ford,Lost Cherry,50.0,140.0,100.0,AVAILABLE
ComprehensiveTower71,Legacy:178/Buys:1/Sales:416,Tom Ford,Fcking Fabulous,35.0,120.0,70.0,AVAILABLE
ComprehensiveTower71,Legacy:178/Buys:1/Sales:416,Tom Ford,Fcking Fabulous,50.0,120.0,100.0,AVAILABLE
ComprehensiveTower71,Legacy:178/Buys:1/Sales:416,Tom Ford,Cafe Rose,100.0,95.0,100.0,AVAILABLE
ComprehensiveTower71,Legacy:178/Buys:1/Sales:416,Tom Ford,Cafe Rose,50.0,69.0,100.0,AVAILABLE
