brand,product,size,discount_price,retail_price,url
FRAGRANCE WORLD,Men's French Avenue Liquid Brun EDP Spray 3.4 oz Fragrances,,$32.99,$80.00,https://www.jomashop.com/fragrance-world-mens-french-avenue-liquid-brun-edp-spray-3-4-oz-fragrances-6290360375694.html
AFNAN,Men's Supremacy Collector's Edition EDP Spray 3.4 oz Fragrances,,$39.99,$95.00,https://www.jomashop.com/afnan-mens-supremacy-collectors-edition-edp-spray-3-4-oz-fragrances-6290171075073.html
JO MILANO,Unisex Game Of Spades Wildcard Parfum 3.4 oz Fragrances,,$55.99,$220.00,https://www.jomashop.com/jo-milano-unisex-game-of-spades-wildcard-edp-3-4-oz-fragrances-860009248649.html
GULF ORCHID,Unisex Niche Collection Mango Ice EDP Spray 3.4 oz (100 ml),,$29.99,$40.00,https://www.jomashop.com/gulf-orchid-unisex-niche-collection-mango-ice-edp-spray-3-4-oz-fragrances-6290362162629.html
GIORGIO ARMANI,Acqua Di Gio Absolu / EDP Spray 4.2 oz (125 ml) (m),,$178.99,$190.00,https://www.jomashop.com/giorgio-armani-perfume-acbmes42-a.html
SOSPIRO,Unisex Vibrato EDP Spray 3.4 oz (Tester) Fragrances,3.4 oz / 100 ml - Tester,$179.99,$325.00,https://www.jomashop.com/sospiro-unisex-vibrato-edp-spray-3-4-oz-tester-fragrances-3700583501402.html
SOSPIRO,Unisex Vibrato EDP Spray 3.4 oz Fragrances,3.4 oz / 100 ml,$199.99,$325.00,https://www.jomashop.com/sospiro-unisex-vibrato-edp-spray-3-4-oz-fragrances-3700583501396.html
MIND GAMES,Unisex Queening Extrait de Parfum Spray 3.4 oz Fragrances,,$309.99,$395.00,https://www.jomashop.com/mind-games-unisex-queening-extrait-de-parfum-spray-3-4-oz-fragrances-850034671741.html
YVES SAINT LAURENT,Men's Myslf Le Parfum Parfum 2.0 oz Fragrances,2.0 oz / 60 ml,$90.99,$150.00,https://www.jomashop.com/yves-saint-laurent-mens-myslf-edp-spray-2-0-oz-fragrances-3614274114652.html
YVES SAINT LAURENT,Men's Myslf Le Parfum 3.3 oz Fragrances,3.3 oz / 100 ml,$125.00,$196.00,https://www.jomashop.com/yves-saint-laurent-mens-myslf-le-parfum-3-3-oz-fragrances-3614274114645.html
MIND GAMES,Unisex French Defense Extrait de Parfum Spray 3.4 oz Fragrances,,$309.99,$395.00,https://www.jomashop.com/mind-games-unisex-french-defense-extrait-de-parfum-spray-3-4-oz-fragrances-850034671581.html
YVES SAINT LAURENT,Men's Myslf EDP Spray 3.3 oz Fragrances,,$102.99,$155.00,https://www.jomashop.com/yves-saint-laurent-mens-myself-edp-spray-3-38-oz-fragrances-3614273852814.html
CREED,Men's Aventus EDP Spray 0.05 oz Fragrances,0.05 oz,$14.99,$20.00,https://www.jomashop.com/creed-mens-aventus-edp-spray-0-067-oz-fragrances-3508440501097.html
CREED,Men's Aventus EDP Spray 1.0 oz Fragrances,1.0 oz / 30 ml,$159.99,$265.00,https://www.jomashop.com/creed-mens-aventus-edp-spray-1-0-oz-fragrances-3508440251688.html
CREED,Aventus / EDP Spray 1.7 oz (50 ml),1.7 oz / 50 ml,$204.99,$365.00,https://www.jomashop.com/creed-fragrances-cavmes17b-1-7oz.html
CREED,Men's Aventus EDP Spray 3.3 oz (Tester) Fragrances,3.4 oz / 100 ml - Tester,$294.99,$495.00,https://www.jomashop.com/creed-mens-aventus-edp-spray-3-4-oz-tester-fragrances-3508440561114.html
CREED,Aventus / EDP Spray 3.3 oz (100 ml) (m),3.3 oz / 100 ml,$319.99,$495.00,https://www.jomashop.com/creed-fragrances-cavmes33b-3-3oz.html
CREED,Men's Aventus EDP Splash 8.11 oz Fragrances,8.11 oz,$574.99,$775.00,https://www.jomashop.com/creed-mens-creed-aventus-edp-splash-8-11-oz-fragrances-3508440000651.html
CREED,Unisex Aventus Soap 5.29 oz Fragrances,Soap,$54.00,$60.00,https://www.jomashop.com/creed-unisex-aventus-soap-5-29-oz-fragrances-3508444105420.html
BDK PARFUMS,Unisex Gris Charnel Extrait de Parfum 3.4 oz Fragrances,,$240.00,$320.00,https://www.jomashop.com/bdk-parfums-unisex-gris-charnel-extrait-edp-3-4-oz-fragrances-3760035450757.html
MAISON ASRAR,Legacy EDP Spray 3.4 oz Fragrances,,$44.89,$60.00,https://www.jomashop.com/maison-asrar-legacy-edp-spray-3-4-oz-fragrances-6290362163107.html
LATTAFA,Unisex Khamrah Qahwa EDP Spray 3.4 oz Fragrances,,$24.99,$90.00,https://www.jomashop.com/lattafa-unisex-khamrah-qahwa-edp-spray-3-4-oz-fragrances-6290360593661.html
GIORGIO ARMANI,Men's Emporio Armani Stronger With You Intensely EDP Spray 0.5 oz Fragrances,0.5 oz / 15 ml,$34.99,,https://www.jomashop.com/giorgio-armani-mens-emporio-armani-stronger-with-you-intensely-edp-spray-0-5-oz-fragrances-3614272231757.html
GIORGIO ARMANI,- Emporio Armani Stronger With You Intensely Eau De Parfum Spray 50ml/1.7oz,1.7 oz,$63.95,$115.00,https://www.jomashop.com/giorgio-armani-emporio-armani-stronger-with-you-intensely-eau-de-parfum-spray-50ml-1-7oz-3614272225701.html
GIORGIO ARMANI,Emporio Stronger With You Intensely / EDP Spray 3.4 oz (100 ml) (m),3.4 oz / 100 ml,$98.00,$130.00,https://www.jomashop.com/giorgio-armani-fragrances-ewimes34-a.html
GIORGIO ARMANI,Men's Emporio Armani Stronger With You Intensely EDP Spray 5.0 oz Fragrances,5.0 oz / 150 ml,$134.99,,https://www.jomashop.com/giorgio-armani-mens-emporio-armani-stronger-with-you-intensely-edp-spray-5-0-oz-fragrances-3614274347388.html
BOND NO.9,Unisex Greenwich Village EDP 1.7 oz (50 ml),1.7 oz / 50 ml,$158.00,$345.00,https://www.jomashop.com/bond-no-9-unisex-greenwich-village-edp-1-7-oz-fragrances-888874007710.html
BOND NO.9,Unisex Greenwich Village EDP Spray 3.3 oz (Tester) Fragrances 000,3.3 oz / 100 ml - Tester,$194.99,$529.00,https://www.jomashop.com/bond-no-9-unisex-greenwich-village-edp-spray-3-3-oz-tester-fragrances-000-950039374-000950039374.html
BOND NO.9,Unisex Greenwich Village EDP Spray 3.3 oz Fragrances,3.3 oz / 100 ml,$205.00,$529.00,https://www.jomashop.com/bond-no-9-greenwich-village-for-women-eau-de-parfum-spray-3-4-ounce-888874006584.html
BOND NO.9,Greenwich Village 6.4 oz Scented Candle,Scented Candle,$69.99,$125.00,https://www.jomashop.com/bond-no-9-greenwich-village-6-4-oz-scented-candle-888874007475.html
RASASI,Men's Hawas Ice Eau De Perfume Spray 3.38 oz Fragrances,,$32.98,$138.00,https://www.jomashop.com/rasasi-mens-hawas-ice-edp-spray-3-38-oz-fragrances-614514331040.html
JO MILANO,Unisex Game Of Spades Full-House Parfum 3.4 oz Fragrances,3.4 oz / 100 ml,$66.50,$220.00,https://www.jomashop.com/jo-milano-game-of-spades-full-house-parfum-3-4-oz-fragrances-850051043095.html
JO MILANO,Unisex Game Of Spades Full-House Parfum 3.4 oz (Tester) Fragrances,3.4 oz / 100 ml - Tester,$79.99,$220.00,https://www.jomashop.com/jo-milano-unisex-game-of-spades-full-house-parfum-3-4-oz-tester-fragrances-t850051043095.html
AZZARO,The Most Wanted / EDP Spray Intense 3.4 oz (100 ml) (M),,$76.99,$135.00,https://www.jomashop.com/azzaro-the-most-wanted-azzaro-edp-spray-intense-3-4-oz-100-ml-m-3614273521307.html
AZZARO,Men's The Most Wanted Parfum 1.7 oz Fragrances,1.7 oz,$65.95,$110.00,https://www.jomashop.com/azzaro-mens-the-most-wanted-parfum-1-7-oz-fragrances-3614273638869.html
AZZARO,Men's The Most Wanted Parfum Spray 3.3oz Fragrances,3.3 oz / 100 ml,$89.95,$138.00,https://www.jomashop.com/azzaro-mens-the-most-wanted-parfum-edp-spray-fragrances-3614273638852.html
ARMAF,Men's Club De Nuit Intense Extrait de Parfum Spray 2.37 oz Fragrances,,$39.99,$95.00,https://www.jomashop.com/armaf-mens-club-de-nuit-intense-extrait-de-parfum-spray-2-37-oz-fragrances-6294015196610.html
MAISON MARGIELA,Men's Replica Jazz Club EDT Spray 0.34 oz Fragrances,0.34 oz,$26.99,,https://www.jomashop.com/maison-margiela-mens-replica-jazz-club-edt-spray-0-34-oz-fragrances-3614271308894.html
MAISON MARGIELA,Men's Replica Jazz Club EDT Spray 1 oz Fragrances,1.0 oz,$63.99,$98.00,https://www.jomashop.com/maison-margiela-mens-replica-jazz-club-edt-spray-1-oz-fragrances-3614273185868.html
MAISON MARGIELA,Men's Replica Jazz Club EDT Spray 3.4 oz Fragrances,3.4 oz,$78.98,$165.00,https://www.jomashop.com/maison-margiela-mens-replica-jazz-club-edt-spray-3-4-oz-fragrances-3605521932105.html
MAISON MARGIELA,Men's Replica Jazz Club EDT Spray 3.4 oz (Tester) (100 ml),3.4 oz,$79.97,$165.00,https://www.jomashop.com/maison-margiela-mens-replica-jazz-club-edt-spray-3-4-oz-tester-fragrances-3605521932167.html
BDK PARFUMS,Unisex Gris Charnel EDP 3.4 oz Fragrances,3.4 oz / 100 ml,$187.48,$250.00,https://www.jomashop.com/bdk-parfums-unisex-gris-charnel-edp-3-4-oz-fragrances-3760035450184.html
BDK PARFUMS,Unisex Gris Charnel EDP 3.4 oz (Tester) Fragrances,3.4 oz / 100 ml - Tester,$187.50,$250.00,https://www.jomashop.com/bdk-parfums-unisex-gris-charnel-edp-3-4-oz-tester-fragrances-3760035450214.html
XERJOFF,Unisex V Erba Pura EDP Spray 0.06 oz Fragrances,0.06 oz,$14.99,$20.00,https://www.jomashop.com/xerjoff-unisex-erba-pura-edp-spray-0-06-oz-fragrances-8033488150501.html
XERJOFF,Unisex Erba Pura EDP Spray 1.7 oz Fragrances,1.7 oz / 50 ml,$129.95,$275.00,https://www.jomashop.com/xerjoff-unisex-erba-pura-edp-spray-1-7-oz-fragrances-8054320902591.html
XERJOFF,Unisex V Erba Pura EDP Spray 3.4 oz (Tester) Fragrances,3.4 oz / 100 ml - Tester,$150.00,$335.00,https://www.jomashop.com/xerjoff-unisex-erba-pura-edp-spray-3-4-oz-tester-fragrances-8033488156336.html
XERJOFF,Unisex V Erba Pura EDP Spray 3.4 oz (100 ml),3.4 oz,$179.00,$335.00,https://www.jomashop.com/xerjoff-unisex-erba-pura-edp-spray-3-4-oz-fragrances-8033488156329.html
XERJOFF,Unisex Erba Pura Deodorant 3.4 oz Fragrances,Deodorant,$31.99,$45.00,https://www.jomashop.com/xerjoff-unisex-erba-pura-deodorant-3-4-oz-fragrances-8054320903048.html
TIZIANA TERENZI,Unisex Kirke Extrait de Parfum Spray 3.38 oz (Tester) Fragrances,3.38 oz / 100 ml - Tester,$94.99,$295.00,https://www.jomashop.com/tiziana-terenzi-unisex-kirke-extrait-de-parfum-spray-3-38-oz-tester-fragrances-0908763216987.html
TIZIANA TERENZI,Unisex Kirke Extrait de Parfum Spray 3.4 oz Fragrances,3.4 oz,See price in cart,$295.00,https://www.jomashop.com/tiziana-terenzi-unisex-kirke-edp-3-4-oz-fragrances-8016741072482.html
VALENTINO GARAVANI,- Valentino Uomo Born In Roma Coral Fantasy Eau De Toilette Spray 50ml / 1.7oz,1.7 oz / 50 ml,$84.99,$97.00,https://www.jomashop.com/valentino-valentino-uomo-born-in-roma-coral-fantasy-eau-de-toilette-spray-50ml-1-7oz-3614273672122.html
VALENTINO GARAVANI,Men's Uomo Born In Roma Coral Fantasy EDT Spray 3.4 oz (Tester) Fragrances,3.4 oz / 100 ml - Tester,$99.99,$136.00,https://www.jomashop.com/valentino-mens-uomo-born-in-roma-coral-fantasy-edt-spray-3-4-oz-tester-fragrances-3614273672139.html
VALENTINO GARAVANI,Men's Uomo Born In Roma Coral Fantasy EDT Spray 3.4 oz Fragrances,3.4 oz / 100 ml,$103.00,$136.00,https://www.jomashop.com/valentino-mens-uomo-born-in-roma-coral-fantasy-edt-spray-3-4-oz-fragrances-3614273672412.html
MAISON ASRAR,Unisex The Frame Collection DXB EDP Spray 3.4 oz Fragrances,,$44.99,$60.00,https://www.jomashop.com/maison-asrar-unisex-the-frame-collection-dxb-edp-spray-3-4-oz-fragrances-6290362163879.html
DOLCE & GABBANA,Men's The One EDP Spray 1.7 oz Fragrances,1.7 oz,$54.99,$90.00,https://www.jomashop.com/dolce-and-gabbana-mens-the-one-edp-spray-1-7-oz-fragrances-3423473021384.html
DOLCE & GABBANA,The One Men by EDP Spray 3.4 oz (100 ml) (m),3.4 oz / 100 ml,$62.00,$110.00,https://www.jomashop.com/dolce-and-gabbana-perfume-thomes34-a.html
DOLCE & GABBANA,Men's The One EDP Spray 3.4 oz (Tester) Fragrances,3.4 oz,$64.99,$110.00,https://www.jomashop.com/dolce-and-gabbana-mens-the-one-edp-spray-3-4-oz-tester-fragrances-3423473026846.html
DOLCE & GABBANA,The One Men / EDP Spray 5.0 oz (150 ml) (m),5.0 oz / 150 ml,$95.99,$153.00,https://www.jomashop.com/dolce-and-gabbana-perfume-thomes5-a.html
XERJOFF,Unisex 1861 Naxos EDP Spray 0.06 oz Fragrances,0.06 oz,$14.99,$20.00,https://www.jomashop.com/xerjoff-unisex-naxos-edp-spray-0-06-oz-fragrances-8033488153946.html
XERJOFF,Unisex 1861 Naxos EDP Spray 3.4 oz (Tester) (100 ml),3.4 oz / 100 ml - Tester,$169.99,$290.00,https://www.jomashop.com/xerjoff-unisex-naxos-edp-spray-3-4-oz-tester-fragrances-8033488155100.html
XERJOFF,Unisex 1861 Naxos EDP Spray 3.4 oz,3.4 oz,$195.00,$290.00,https://www.jomashop.com/xerjoff-unisex-1861-naxos-edp-spray-3-4-oz-fragrances-8033488155070.html
MIND GAMES,Unisex J’Adoube Extrait de Parfum Spray 3.4 oz Fragrances,,$309.99,$395.00,https://www.jomashop.com/mind-games-unisex-j-adoube-extrait-de-parfum-spray-3-4-oz-fragrances-850034671277.html
MIND GAMES,Unisex Blockade Extrait de Parfum Spray 3.4 oz Fragrances,,$299.99,$395.00,https://www.jomashop.com/mind-games-unisex-blockade-extrait-de-parfum-spray-3-4-oz-fragrances-850034671123.html
SOSPIRO,Unisex Il Pardrino EDP Spray 3.38 oz (Tester) Fragrances,3.38 oz / 100 ml - Tester,$174.99,$326.00,https://www.jomashop.com/sospiro-unisex-il-pardrino-edp-spray-3-38-oz-tester-fragrances-3700583502799.html
SOSPIRO,Unisex Il Pardrino EDP Spray 3.38 oz Fragrances,3.38 oz / 100 ml,$194.99,$326.00,https://www.jomashop.com/sospiro-unisex-il-pardrino-edp-spray-3-38-oz-fragrances-3700583502096.html
JEAN PAUL GAULTIER,Men's Le Male Elixir Parfum Spray 2.5 oz Fragrances,2.5 oz,$85.00,$119.00,https://www.jomashop.com/jean-paul-gaultier-mens-le-male-elixir-edp-spray-2-5-oz-fragrances-8435415076937.html
JEAN PAUL GAULTIER,Men's Le Male Elixir Parfum Spray 4.2 oz Fragrances,4.2 oz / 125 ml,$111.99,$169.00,https://www.jomashop.com/jean-paul-gaultier-mens-le-male-elixir-edp-spray-4-2-oz-fragrances-8435415076944.html
KHADLAJ,Unisex Island Extrait de Parfum Spray 3.4 oz Fragrances 6291107978789,,$39.99,$75.00,https://www.jomashop.com/khadlaj-unisex-island-extrait-de-parfum-spray-3-4-oz-fragrances-6291107978789.html
RASASI,Men's Hawas EDP Spray 3.4 oz Fragrances,,$22.99,$92.00,https://www.jomashop.com/rasasi-mens-hawas-edp-spray-3-4-oz-fragrances-614514331026.html
KILIAN,Unisex Angels Share EDP Spray 1.69 oz (Tester) Fragrances,1.69 oz - Tester,$189.99,$275.00,https://www.jomashop.com/kilian-unisex-angels-share-edp-spray-1-69-oz-tester-fragrances-3700550216100.html
KILIAN,Unisex Angels' Share EDP Spray 1.7 oz Fragrances,1.7 oz / 50 ml,$209.99,$275.00,https://www.jomashop.com/kilian-unisex-angels-share-edp-spray-1-7-oz-fragrances-3700550216094.html
KILIAN,Unisex Angels Share EDP Spray 3.38 oz (Tester) Fragrances 0,3.38 oz / 100 ml - Tester,$274.00,$415.00,https://www.jomashop.com/kilian-unisex-angels-share-edp-spray-3-38-oz-tester-fragrances-0-523698542012-0523698542012.html
KILIAN,Unisex Angel's Share EDP 3.4 oz Fragrances,3.4 oz / 100 ml,$325.00,$415.00,https://www.jomashop.com/kilian-unisex-angels-share-edp-3-4-oz-fragrances-3700550232971.html
HUGO BOSS,Men's Bottled Absolu Parfum Intense Parfum 1.7 oz Fragrances,1.7 oz / 50 ml,$74.99,$115.00,https://www.jomashop.com/hugo-boss-mens-bottled-absolu-parfum-intense-parfum-1-7-oz-fragrances-3616305480613.html
HUGO BOSS,Men's Bottled Absolu Parfum Intense EDP 3.3 oz Fragrances,3.3 oz / 100 ml,$97.50,$150.00,https://www.jomashop.com/hugo-boss-mens-bottled-absolu-parfum-intense-edp-3-3-oz-fragrances-3616305480620.html
VALENTINO GARAVANI,Ladies Donna Born In Roma EDP Spray 0.33 oz Fragrances,0.33 oz / 10 ml,$32.99,$44.00,https://www.jomashop.com/valentino-ladies-donna-born-in-roma-edp-spray-0-33-oz-fragrances-3614273074056.html
VALENTINO GARAVANI,Ladies Donna Born In Roma EDP Spray 0.33 oz Fragrances,0.33 oz / 10 ml,$34.99,$45.00,https://www.jomashop.com/valentino-ladies-donna-born-in-roma-edt-spray-0-33-oz-fragrances-3614274317534.html
VALENTINO GARAVANI,Ladies Donna Born In Roma EDP Spray 1 oz Fragrances,1.0 oz / 30 ml,$69.99,$92.00,https://www.jomashop.com/valentino-ladies-donna-born-in-roma-edp-spray-1-oz-fragrances-3614272761421.html
VALENTINO GARAVANI,Donna Born In Roma / Valentino EDP Spray 1.7 oz (50 ml) (W),1.7 oz / 50 ml,$82.99,$145.00,https://www.jomashop.com/donna-born-in-roma-valentino-edp-spray-1-7-oz-50-ml-w-3614272761438.html
VALENTINO GARAVANI,Ladies Donna Born In Roma EDP Spray 3.4 oz Fragrances,3.4 oz / 100 ml,$119.99,$180.00,https://www.jomashop.com/valentino-ladies-donna-born-in-roma-edp-spray-3-4-oz-fragrances-3614272761445.html
FRENCH AVENUE,Unisex Vulcan Feu EDP Spray 3.38 oz Fragrances,,$45.99,$80.00,https://www.jomashop.com/fragrance-world-unisex-vulcan-feu-edp-spray-3-38-oz-fragrances-6290360378053.html
TOM FORD,Unisex Ombre Leather EDP Spray 0.14 oz Fragrances 888066140041,0.14 oz,$24.99,$50.00,https://www.jomashop.com/tom-ford-unisex-ombre-leather-edp-spray-4-oz-fragrances-888066140041.html
TOM FORD,Ombre Leather Eau De Parfum Travel Spray 0.34 oz (10 ml),0.34 oz,$43.99,$55.00,https://www.jomashop.com/tom-ford-ombre-leather-eau-de-parfum-travel-spray-0-34-oz-10-ml-888066100076.html
TOM FORD,Unisex Ombre Leather EDP Spray 1.7 oz Fragrances,1.7 oz / 50 ml,$120.00,$175.00,https://www.jomashop.com/tom-ford-unisex-ombre-leather-edp-spray-1-7-oz-fragrances-888066075138.html
TOM FORD,Ombre Leather Eau de Parfum Spray 3.4 oz,3.4 oz / 100 ml,$145.00,$240.00,https://www.jomashop.com/tom-ford-ombre-leather-eau-de-parfum-spray-888066075145.html
TOM FORD,Unisex Ombre Leather EDP Spray 5.0 oz Fragrances,5.0 oz / 150 ml,$199.99,$275.00,https://www.jomashop.com/tom-ford-unisex-ombre-leather-edp-spray-5-0-oz-fragrances-888066117678.html
ARMAF,Men's Club De Nuit Intense EDT Spray 3.6 oz Fragrances,3.6 oz,$25.99,$95.00,https://www.jomashop.com/armaf-mens-club-de-nuit-intense-edt-3-6-oz-fragrances-6085010044712.html
ARMAF,Men's Club De Nuit Intense EDT 2 PC Gift Set,Gift Set,$32.99,$120.00,https://www.jomashop.com/armaf-mens-club-de-nuit-intense-edt-2-pc-gift-set-6294015135848.html
ARMAF,Men's Club de Nuit Intense Gift Set Fragrances,Gift Set,$44.99,$150.00,https://www.jomashop.com/armaf-mens-club-de-nuit-intense-gift-set-fragrances-6294015105247.html
CREED,Men's Green Irish Tweed EDP 0.08 oz Fragrances 3508440501004,0.08 oz,$12.99,$20.00,https://www.jomashop.com/creed-mens-creed-green-irish-tweed-edp-0-05-oz-fragrances-5000232.html
CREED,Green Irish Tweed / EDP Spray 1.7 oz (50 ml) (m),1.7 oz / 50 ml,$194.99,$345.00,https://www.jomashop.com/creed-perfume-cgimes17.html
CREED,Men's Green Irish Tweed EDP Spray 3.4 oz (Tester) (100 ml),,$204.99,$470.00,https://www.jomashop.com/creed-mens-green-irish-tweed-edp-spray-3-4-oz-tester-fragrances-3508440561022.html
CREED,Green Irish Tweed / EDP Spray 3.3 oz (100 ml) (m),3.3 oz / 100 ml,$229.00,$490.00,https://www.jomashop.com/creed-fragrances-cgimes33b-3-3oz.html
CREED,Men's Green Irish Tweed Gift Set Fragrances,Gift Set,$148.99,$230.00,https://www.jomashop.com/creed-mens-creed-green-irish-tweed-gift-set-fragrances-3508440310323.html
MAISON ASRAR,Unisex Future Collection Vision EDP Spray 3.4 oz (Tester) Fragrances,3.4 oz / 100 ml - Tester,$52.99,$80.00,https://www.jomashop.com/maison-asrar-unisex-future-collection-vision-edp-spray-3-4-oz-tester-fragrances-t6290362162841.html
MAISON ASRAR,Unisex Future Collection Vision EDP Spray 3.4 oz Fragrances,3.4 oz / 100 ml,$54.99,$80.00,https://www.jomashop.com/maison-asrar-unisex-future-collection-vision-edp-spray-3-4-oz-fragrances-6290362162841.html
PRADA,Ladies Paradoxe Intense EDP 1.0 oz Fragrances,1.0 oz / 30 ml,$66.00,$105.00,https://www.jomashop.com/prada-ladies-paradoxe-intense-edp-1-0-oz-fragrances-3614273961738.html
PRADA,Ladies Paradoxe Intense EDP 1.7 oz Fragrances,1.7 oz / 50 ml,$99.99,$145.00,https://www.jomashop.com/prada-ladies-paradoxe-intense-edp-1-7-oz-fragrances-3614273961752.html
PRADA,Ladies Paradoxe Intense EDP Spray 3.0 oz (Tester) Fragrances,3.0 oz / 90 ml - Tester,$119.99,$165.00,https://www.jomashop.com/prada-ladies-paradoxe-intense-edp-spray-3-4-oz-tester-fragrances-3614273961714.html
PRADA,Ladies Paradoxe Intense EDP Spray 3.0 oz Fragrances,3.0 oz / 90 ml,$137.99,$185.00,https://www.jomashop.com/prada-ladies-paradoxe-intense-edp-spray-3-0-oz-fragrances-3614273961707.html
PRADA,Men's L'Homme Intense EDP Spray 3.4 oz (100 ml),,$84.99,$200.00,https://www.jomashop.com/prada-mens-prada-lhomme-intense-edp-spray-3-4-oz-fragrances-8435137764730.html
YVES SAINT LAURENT,- La Nuit De L'Homme Eau De Parfum Spray 100ml/3.3oz,,$94.99,$130.00,https://www.jomashop.com/yves-saint-laurent-la-nuit-de-lhomme-eau-de-parfum-spray-100ml-3-3oz-3614272648333.html
YVES SAINT LAURENT,Men's MYSLF EDP Spray 0.04 oz Fragrances,0.04 oz,$9.99,,https://www.jomashop.com/yves-saint-laurent-mens-myslf-edp-spray-0-04-oz-fragrances-3614273852784.html
YVES SAINT LAURENT,Men's Myslf EDP Spray 2 oz Fragrances,2 oz,$79.99,$136.00,https://www.jomashop.com/yves-saint-laurent-mens-myslf-edp-spray-2-oz-fragrances-3614273852821.html
YVES SAINT LAURENT,Men's Myslf Refill EDP 5.0 oz Fragrances,5.0 oz / 150 ml,$124.99,$182.00,https://www.jomashop.com/yves-saint-laurent-mens-myslf-refill-edp-5-0-oz-fragrances-3614273852807.html
YVES SAINT LAURENT,Men's MYSLF Gift Set Fragrances,Gift Set,$154.99,$192.00,https://www.jomashop.com/yves-saint-laurent-mens-myslf-gift-set-fragrances-3614274093988.html
YVES SAINT LAURENT,- Libre Eau De Parfum Intense Spray 50ml / 1.6oz,1.6 oz / 50 ml,$94.99,$125.00,https://www.jomashop.com/yves-saint-laurent-libre-eau-de-parfum-intense-spray-50ml-1-6oz-3614273069540.html
YVES SAINT LAURENT,Ladies Libre Intense EDP Spray 3 oz Fragrances,3.0 oz / 90 ml,$116.25,$175.00,https://www.jomashop.com/yves-saint-laurent-ladies-libre-intense-edp-spray-3-oz-fragrances-3614273069557.html
YVES SAINT LAURENT,Ladies Libre Intense EDP Spray 3.0 oz (Tester) Fragrances,3.0 oz / 90 ml - Tester,$119.99,$175.00,https://www.jomashop.com/tester-yves-saint-laurent-libre-intense-edp-for-women-90ml-3614273069588.html
VERSACE,Eros Flame / EDP Splash Mini 0.17 oz (5.0 ml) (M),0.17 oz,$14.99,$30.00,https://www.jomashop.com/versace-eros-flame-versace-edp-splash-mini-0-17-oz-5-0-ml-m-8011003847075.html
VERSACE,Eros Flame / EDP Spray 1.0 oz (30 ml) (m),1.0 oz / 30 ml,$36.99,$70.00,https://www.jomashop.com/versace-fragrances-vrfmes1-1-0oz.html
VERSACE,Eros Flame / EDP Spray 1.7 oz (50 ml) (m),1.7 oz / 50 ml,$44.99,$87.00,https://www.jomashop.com/versace-fragrances-vrfmes17-1-7oz.html
VERSACE,Eros Flame / EDP Spray 3.4 oz (100 ml) (m),3.4 oz,$58.99,$115.00,https://www.jomashop.com/versace-fragrances-vrfmes34-3-4oz.html
VERSACE,Eros Flame / EDP Spray 6.7 oz (200 ml) (m),6.7 oz / 200 ml,$71.99,$150.00,https://www.jomashop.com/versace-eros-flame-versace-edp-spray-6-7-oz-200-ml-m-vrfmes67.html
GIORGIO ARMANI,- Emporio Armani Stronger With You Absolutely Eau De Parfum Spray 50ml/1.7oz,1.7 oz / 50 ml,$71.99,$105.00,https://www.jomashop.com/giorgio-armani-emporio-armani-stronger-with-you-absolutely-eau-de-parfum-spray-50ml-1-7oz-3614273335812.html
GIORGIO ARMANI,- Emporio Armani Stronger With You Absolutely Eau De Parfum Spray 100ml/3.4oz,3.4 oz / 100 ml,$95.00,$160.00,https://www.jomashop.com/giorgio-armani-emporio-armani-stronger-with-you-absolutely-eau-de-parfum-spray-100ml-3-4oz-3614273336383.html
CREED,Men's Absolu Aventus EDP Spray 0.057 oz Fragrances,0.057 oz,$14.99,,https://www.jomashop.com/creed-mens-absolu-aventus-edp-spray-0-057-oz-fragrances-3508440251329.html
CREED,Men's Absolu Aventus EDP Spray 2.5 oz (Tester) Fragrances,2.5 oz / 75 ml - Tester,$324.99,$565.00,https://www.jomashop.com/creed-mens-absolu-aventus-edp-spray-2-5-oz-tester-fragrances-3508440251756.html
CREED,Men's Absolu Aventus EDP Spray 3.4 oz Fragrances,3.4 oz / 100 ml,$449.99,$610.00,https://www.jomashop.com/creed-mens-absolu-aventus-edp-spray-3-4-oz-fragrances-3508440004352.html
DIOR,Sauvage / Christian EDP Spray 2.0 oz (60 ml) (m),2.0 oz / 60 ml,$107.99,$135.00,https://www.jomashop.com/christian-dior-fragrances-svgmes2-2-0oz.html
DIOR,Christian Men's Sauvage EDP Spray 3.4 oz (Tester) Fragrances,3.4 oz / 100 ml - Tester,$124.99,$165.00,https://www.jomashop.com/christian-dior-mens-sauvage-edp-spray-3-4-oz-tester-fragrances-3348901371858.html
DIOR,Sauvage / Christian EDP Spray 3.4 oz (100 ml) (m),3.4 oz / 100 ml,$139.95,$165.00,https://www.jomashop.com/christian-dior-fragrances-svgmes34-3-4oz.html
DIOR,Sauvage / Christian EDP Spray 6.8 oz (200 ml) (m),6.8 oz / 200 ml,$168.99,$220.00,https://www.jomashop.com/christian-dior-fragrances-svgmes68-6-8oz.html
DIOR,Men's Sauvage 4.0 oz (Tester) Fragrances,Cleansers,$49.99,,https://www.jomashop.com/dior-mens-sauvage-4-0-oz-tester-fragrances-3348901649698.html
JO MILANO,Unisex Game of Spades Emerald Parfum 3.0 oz Fragrances,,$79.99,$220.00,https://www.jomashop.com/jo-milano-unisex-game-of-spades-emerald-parfum-3-0-oz-fragrances-8437746106537.html
AMOUAGE,Interlude 53 Extrait De Parfum Spray 3.4 oz Fragrances,,$274.50,$520.00,https://www.jomashop.com/amouage-interlude-53-extrait-de-parfum-spray-3-4-oz-fragrances-701666410737.html
YVES SAINT LAURENT,Lanuit De Lhomme / Ysl EDT Spray 2.0 oz (m),2.0 oz / 60 ml,$59.99,$89.00,https://www.jomashop.com/ysl-perfume-latmts2.html
YVES SAINT LAURENT,Lanuit De Lhomme by Ysl EDT Spray 3.3 oz (100 ml) (m),3.3 oz,$69.99,$130.00,https://www.jomashop.com/ysl-latmts33-a.html
YVES SAINT LAURENT,Men's La Nuit De L'Homme EDT Spray 3.4 oz (Tester) Fragrances,3.4 oz / 100 ml - Tester,$79.99,$110.00,https://www.jomashop.com/yves-saint-laurent-mens-la-nuit-de-lhomme-edt-spray-3-4-oz-tester-fragrances-3365440375086.html
YVES SAINT LAURENT,Lanuit De Lhomme / Ysl EDT Spray 6.7 oz (m),6.7 oz / 200 ml,$139.99,$174.00,https://www.jomashop.com/lanuit-de-lhomme-ysl-edt-spray-6-7-oz-m-latmts67-3365440328624.html
YVES SAINT LAURENT,Men's La Nuit L'Homme Gift Set Fragrances,Gift Set,$69.99,$130.00,https://www.jomashop.com/yves-saint-laurent-mens-la-nuit-lhomme-gift-set-fragrances-3660732601493.html
MANCERA,Unisex Amore Caffe EDP Spray 4.0 oz Fragrances,,$99.99,$200.00,https://www.jomashop.com/mancera-unisex-amore-caffe-edp-spray-4-0-oz-fragrances-3760265194582.html
FRAGRANCE WORLD,Unisex Aether Extrait de Parfum Spray 3.4 oz Fragrances,,$38.99,$75.00,https://www.jomashop.com/fragrance-world-unisex-aether-extrait-de-parfum-spray-3-4-oz-fragrances-6290360376608.html
PARFUMS DE MARLY,Ladies Valaya Exclusif EDP Spray 2.5 oz Fragrances 3700578505767,,,,https://www.jomashop.com/parfums-de-marly-ladies-valaya-exclusif-edp-spray-2-5-oz-fragrances-3700578505767.html
BOND NO.9,Unisex Nomad EDP 3.3 oz (100 ml),,,,https://www.jomashop.com/bond-no-9-unisex-nomad-edp-3-3-oz-fragrances-888874007741.html
AFNAN,Perfumes Men's 9PM EDP Spray 3.4 oz/100ML Fragrances 6290171002338,,,,https://www.jomashop.com/afnan-perfumes-unisex-9pm-edp-spray-3-4-oz-100ml-fragrances-6290171002338.html
AFNAN,Men's Supremacy In Heaven EDP Spray 3.4 oz/100ML Fragrances 6290171002253,,,,https://www.jomashop.com/afnan-mens-supermacy-in-heaven-edp-spray-3-4-oz-100ml-fragrances-6290171002253.html
ZIMAYA,Men's Mazaaj Infused EDP Spray 3.4 oz Fragrances,,$34.99,$60.00,https://www.jomashop.com/zimaya-mens-mazaaj-infused-edp-spray-3-4-oz-fragrances-6290171074731.html
MAISON FRANCIS KURKDJIAN,Unisex Baccarat Rouge 540 Extrait De Parfum Spray 1.2 oz Fragrances,1.2 oz,$314.99,,https://www.jomashop.com/maison-francis-kurkdjian-unisex-baccarat-rouge-540-extrait-de-parfum-spray-1-2-oz-fragrances-3700559611425.html
MAISON FRANCIS KURKDJIAN,Baccarat Rouge 540 Extrait 5X11ml,1.9 oz,$406.99,$425.00,https://www.jomashop.com/maison-francis-kurkdjian-baccarat-rouge-540-extrait-5x11ml-3700559608012.html
MAISON FRANCIS KURKDJIAN,Baccarat Rouge 540 Extrait De Parfum Spray 6.8 oz,6.8 oz / 200 ml,$714.98,$945.00,https://www.jomashop.com/maison-francis-kurkdjian-baccarat-rouge-540-extrait-de-parfum-spray-6-8-oz-3700559609170.html
MAISON FRANCIS KURKDJIAN,Unisex Baccarat Rouge 540 Spray Gift Set Fragrances,Gift Set,$235.99,$295.00,https://www.jomashop.com/maison-francis-kurkdjian-unisex-baccarat-rouge-540-spray-gift-set-fragrances-3700559606735.html
YVES SAINT LAURENT,Libre / Ysl EDP Spray 3.0 oz (90 ml) (w),3.0 oz,$104.99,$180.00,https://www.jomashop.com/libre-ysl-edp-spray-3-0-oz-90-ml-w-3614272648425.html
YVES SAINT LAURENT,Men's Y Eau de Parfum 2 oz Spray,2.0 oz / 60 ml,$74.99,$130.00,https://www.jomashop.com/yves-saint-laurent-men-s-y-eau-de-parfum-3614272050341.html
YVES SAINT LAURENT,Men's Y EDP Spray 3.3 oz Fragrances,3.3 oz / 100 ml,$107.99,$165.00,https://www.jomashop.com/ysl-fragrances-yysmes33-a-3-3oz.html
YVES SAINT LAURENT,Men's Y EDP 5.0 oz Refill Fragrances,5.0 oz / 150 ml,$109.99,$144.00,https://www.jomashop.com/yves-saint-laurent-mens-y-edp-5-0-oz-refill-fragrances-3614274057348.html
YVES SAINT LAURENT,Men's Y EDP Spray 3.38 oz (Tester) Fragrances,3.38 oz / 100 ml - Tester,$114.99,$155.00,https://www.jomashop.com/yves-saint-laurent-mens-y-edp-spray-3-38-oz-tester-fragrances-5902503705282.html
YVES SAINT LAURENT,- Y Deodorant Stick 75g / 2.6oz,Deodorant,$24.99,$37.00,https://www.jomashop.com/yves-saint-laurent-y-deodorant-stick-75g-2-6oz-3614271717092.html
YVES SAINT LAURENT,Men's Y Gift Set Fragrances,Gift Set,$104.99,$160.00,https://www.jomashop.com/yves-saint-laurent-mens-y-gift-set-fragrances-3614272849181.html
YVES SAINT LAURENT,Men's Y Gift Set Fragrances,Gift Set,$124.99,$160.00,https://www.jomashop.com/yves-saint-laurent-mens-y-gift-set-fragrances-3660732613670.html
GUCCI,Men's Guilty Elixir de Parfum pour Homme Guilty Elixir de Parfum Extrait de Parfum Spray 2.0 oz Fragrances,,$114.99,$195.00,https://www.jomashop.com/gucci-mens-guilty-elixir-de-parfum-spray-2-0-oz-60-ml-3616304175893.html
VERSACE,Men's Eros EDP Spray 1.7 oz Fragrances,1.7 oz,$40.99,$95.00,https://www.jomashop.com/versace-mens-eros-edp-spray-1-7-oz-fragrances-8011003861903.html
VERSACE,Men's Eros EDP Spray 3.4 oz (Tester) Fragrances,3.4 oz,$54.99,$115.00,https://www.jomashop.com/versace-mens-eros-edp-spray-3-4-oz-tester-fragrances-8011003861408.html
VERSACE,Men's Eros EDP Spray 3.4 oz (100 ml),3.4 oz,$60.99,$130.00,https://www.jomashop.com/versace-mens-eros-edp-spray-3-4-oz-fragrances-8011003861224.html
VERSACE,Men's Eros EDP Spray 6.7 oz (200 ml),6.7 oz,$74.99,$150.00,https://www.jomashop.com/versace-mens-eros-edp-spray-6-7-oz-fragrances-8011003861910.html
BOND NO.9,Unisex Lafayette Street EDP 1.7 oz (50 ml),1.7 oz / 50 ml,$222.99,$345.00,https://www.jomashop.com/bond-no-9-unisex-lafayette-street-edp-1-7-oz-fragrances-888874007703.html
BOND NO.9,Lafayette Street / EDP Spray 3.3 oz (100 ml) (m),3.3 oz / 100 ml,$299.99,$517.50,https://www.jomashop.com/bond-no-9-fragrances-9lsmes33.html
VIKTOR & ROLF,Spicebomb Extreme / EDP Spray 1.7 oz (50 ml) (m),1.7 oz,$66.99,$110.00,https://www.jomashop.com/viktor-rolf-fragrances-spxmts17-1-7oz.html
VIKTOR & ROLF,Spicebomb Extreme / EDP Spray 3.04 oz (90 ml) (m),3.0 oz,$84.00,$155.00,https://www.jomashop.com/spicebomb-extreme-viktor-rolf-edp-spray-3-04-90-ml-m-3614270659706.html
PACO RABANNE,Men's Invictus Victory Elixir EDP 0.17 oz Fragrances,0.17 oz,$14.99,$30.00,https://www.jomashop.com/paco-rabanne-mens-invictus-victory-elixir-intense-parfum-0-17-oz-fragrances-3349668614561.html
PACO RABANNE,Men's Invictus Victory Elixir EDP Spray 1.7 oz Fragrances,1.7 oz / 50 ml,$70.00,$114.00,https://www.jomashop.com/paco-rabanne-mens-invictus-victory-elixir-edp-spray-1-7-oz-fragrances-3349668614516.html
PACO RABANNE,Men's Invictus Victory Elixir EDP Spray 3.4 oz (Tester) Fragrances,3.4 oz / 100 ml - Tester,$84.99,$145.00,https://www.jomashop.com/paco-rabanne-mens-invictus-victory-elixir-intense-edp-spray-3-4-oz-fragrances-3349668614554.html
PACO RABANNE,Men's Invictus Victory Elixir Parfum 3.4oz Fragrances,3.4 oz / 100 ml,$94.99,$168.00,https://www.jomashop.com/paco-rabanne-mens-invictus-victory-elixir-parfum-3-4oz-fragrances-3349668614523.html
PACO RABANNE,Men's Invictus Victory Elixir EDP Spray 6.7 oz Fragrances,6.7 oz / 200 ml,$138.50,$198.00,https://www.jomashop.com/paco-rabanne-mens-invictus-victory-elixir-edp-spray-6-7-oz-fragrances-3349668614530.html
MONTALE,Unisex Arabians Tonka EDP Spray 0.67 oz Fragrances 000,0.67 oz,$29.99,,https://www.jomashop.com/montale-unisex-arabians-tonka-edp-spray-0-67-oz-fragrances-000-850038096-000850038096.html
MONTALE,Unisex Arabians Tonka EDP 1.7 oz Fragrances,1.7 oz / 50 ml,$79.99,$120.00,https://www.jomashop.com/montale-unisex-arabians-tonka-edp-1-7-oz-fragrances-3760260457378.html
MONTALE,Unisex Arabians Tonka EDP Spray 3.4 oz Fragrances,3.4 oz,$104.99,$190.00,https://www.jomashop.com/montale-arabian-tonka-edp-unisex-100ml-3760260457354.html
CREED,Unisex Silver Mountain Water EDP 0.05 oz Fragrances,0.05 oz,$14.99,$25.00,https://www.jomashop.com/creed-unisex-creed-silver-mountain-water-edp-0-05-oz-fragrances-5000235.html
CREED,Silver Mountain Water / EDP Spray 1.7 oz (50 ml) (u),1.7 oz / 50 ml,$189.99,$345.00,https://www.jomashop.com/creed-perfume-csmes17.html
CREED,Men's Silver Mountain Water No Cap EDP Spray 3.3 oz (Tester) Fragrances,3.4 oz / 100 ml - Tester,$219.99,$470.00,https://www.jomashop.com/creed-mens-silver-mountain-water-edp-spray-3-4-oz-tester-fragrances-3508440561053.html
CREED,Silver Mountain / EDP Spray 3.3 oz (100 ml) (m),3.3 oz / 100 ml,$249.99,$490.00,https://www.jomashop.com/creed-perfume-csmes33.html
CREED,Men's Silver Mountain Water EDP Spray 3.3 oz Fragrances,3.3 oz / 100 ml,$269.99,$470.00,https://www.jomashop.com/creed-mens-creed-silver-mountain-water-edp-spray-3-3-oz-fragrances-871854001051.html
CREED,Men's Silver Mountain Water EDP 8.4 oz Fragrances,8.4 oz / 250 ml,$399.99,$755.00,https://www.jomashop.com/creed-mens-creed-silver-mountain-water-edp-8-4-oz-fragrances-3508440000729.html
CREED,Unisex Silver Mountain Water Soap 5.29 oz Fragrances 3508444105352,Soap,$49.99,$50.00,https://www.jomashop.com/creed-unisex-silver-mountain-water-soap-5-29-oz-fragrances-3508444105352.html
ARMAF,Unisex Club De Nuit Untold EDP Spray 3.6 oz (105 ml),3.6 oz,$39.99,$125.00,https://www.jomashop.com/armaf-unisex-club-de-nuit-untold-edp-spray-3-6-oz-fragrances-6294015164176.html
ARMAF,Unisex Club De Nuit Untold EDP Spray 3.6 oz (Tester) Fragrances,,,,https://www.jomashop.com/armaf-unisex-club-de-nuit-untold-edp-spray-3-6-oz-tester-fragrances-t6294015164176.html
ARMAF,Unisex Club De Nuit Untold EDP 6.8 oz Fragrances,6.8 oz / 200 ml,$64.99,$99.00,https://www.jomashop.com/armaf-unisex-club-de-nuit-untold-edp-6-8-oz-fragrances-6294015164312-35188.html
ARMAF,Men's Club De Nuit Untold Body Spray 6.7 oz Fragrances 6295199802366,,,,https://www.jomashop.com/armaf-mens-club-de-nuit-untold-body-spray-6-7-oz-fragrances-6295199802366.html
ARMAF,Unisex Club De Nuit Untold EDP Spray 1.0 oz Fragrances 6294015169928,,$23.99,$45.00,https://www.jomashop.com/armaf-mens-club-de-nuit-untold-edp-spray-1-0-oz-fragrances-6294015169928.html
GIORGIO ARMANI,Acqua Di Gio Men / Parfum Refillable Spray 1.35 oz (40 ml) (M),1.35 oz,$59.99,$108.00,https://www.jomashop.com/acqua-di-gio-men-giorgio-armani-parfum-refillable-spray-1-35-oz-40-ml-m-3614273906487.html
GIORGIO ARMANI,Men's Acqua di Gio Parfum 1.7 oz Fragrances,1.7 oz / 50 ml,$72.99,$130.00,https://www.jomashop.com/giorgio-armani-mens-acqua-di-gio-parfum-1-7-oz-fragrances-3614273954174.html
GIORGIO ARMANI,Men's Acqua Di Gio Parfum 2.54 oz (Tester) Fragrances,2.54 oz - Tester,$89.99,$160.00,https://www.jomashop.com/giorgio-armani-mens-acqua-di-gio-le-parfum-edp-2-54-oz-tester-fragrances-3614273914017.html
GIORGIO ARMANI,Men's Acqua Di Gio Parfum 2.5 oz Fragrances,2.5 oz,$94.99,$160.00,https://www.jomashop.com/giorgio-armani-mens-acqua-di-gio-parfum-edp-2-5-oz-fragrances-3614273906470.html
GIORGIO ARMANI,Men's Acqua di Gio Parfum 3.4 oz Fragrances,3.4 oz / 100 ml,$104.99,$175.00,https://www.jomashop.com/giorgio-armani-mens-acqua-di-gio-parfum-3-4-oz-fragrances-3614273954167.html
GIORGIO ARMANI,Men's Acqua Di Gio Parfum 4.23 oz Fragrances,4.23 oz,$127.99,$198.00,https://www.jomashop.com/giorgio-armani-mens-acqua-di-gio-le-parfum-4-23-oz-fragrances-3614273907521.html
GIORGIO ARMANI,Men's Acqua di Gio Parfum 6.8 oz Fragrances,6.8 oz / 200 ml,$189.99,$225.00,https://www.jomashop.com/giorgio-armani-mens-acqua-di-gio-parfum-6-8-oz-fragrances-3614273954150.html
MONTBLANC,Explorer / Mont Blanc EDP Spray 3.3 oz (100 ml) (m),3.3 oz / 100 ml,$49.99,$125.00,https://www.jomashop.com/montblanc-fragrances-exlmes33-a-3-3oz.html
RAYHAAN,Men's Elixir EDP Spray 3.4 oz Fragrances,,$30.99,$65.00,https://www.jomashop.com/rayhaan-mens-rayhaan-elixir-edp-spray-3-4-oz-fragrances-6297001571002.html
BDK PARFUMS,Pas Ce Soir Extrait de Parfum Spray 3.4 oz Fragrance,3.4 oz / 100 ml,$240.00,$320.00,https://www.jomashop.com/bdk-parfums-pas-ce-soir-extrait-extrait-de-parfum-spray-3-4-oz-fragrance-3760035451013.html
BDK PARFUMS,Unisex Pas Ce Soir Extrait de Parfum Spray 3.4 oz (Tester) Fragrances 3760035451020,3.4 oz / 100 ml - Tester,$240.00,$320.00,https://www.jomashop.com/bdk-parfums-unisex-pas-ce-soir-extrait-de-parfum-spray-3-4-oz-tester-fragrances-3760035451020.html
GIORGIO ARMANI,Men's Acqua Di Gio Profondo EDP Spray 1.0 oz Fragrances,1.0 oz / 30 ml,$64.99,,https://www.jomashop.com/giorgio-armani-mens-acqua-di-gio-profondo-edp-spray-1-0-oz-fragrances-3614273953863.html
GIORGIO ARMANI,Men's Acqua di Gio Profondo EDP Spray 1.7 oz Fragrances,1.7 oz / 50 ml,$78.00,$110.00,https://www.jomashop.com/giorgio-armani-mens-acqua-di-gio-profondo-edp-spray-1-7-oz-fragrances-3614273953856.html
GIORGIO ARMANI,Men's Acqua di Gio Profondo EDP Spray 3.4 oz Fragrances,3.4 oz / 100 ml,$99.99,$140.00,https://www.jomashop.com/giorgio-armani-mens-acqua-di-gio-profondo-edp-spray-3-4-oz-fragrances-3614273953849.html
GIORGIO ARMANI,Men's Acqua di Gio Profondo EDP Spray 2.5 oz (70 ml),2.5 oz,$102.99,$130.00,https://www.jomashop.com/giorgio-armani-mens-acqua-di-gio-profondo-edp-spray-2-5-oz-fragrances-3614272865228.html
GIORGIO ARMANI,Men's Acqua Di Gio Profondo EDP 5.0 oz Refill Fragrances,5.0 oz / 150 ml,$110.00,$175.00,https://www.jomashop.com/giorgio-armani-mens-acqua-di-gio-profondo-edp-5-0-oz-refill-fragrances-3614273953825.html
GIORGIO ARMANI,Men's Acqua Di Gio Profondo EDP Spray 6.7 oz Fragrances,6.7 oz / 200 ml,$154.99,$190.00,https://www.jomashop.com/giorgio-armani-mens-acqua-di-gio-profondo-edp-spray-6-7-oz-fragrances-8431240313285.html
MAISON MARGIELA,Replica by The Fireplace Eau De Toilette (Miniature) 7Ml / 0.2Oz,0.2 oz,$18.99,,https://www.jomashop.com/maison-margiela-replica-by-the-fireplace-eau-de-toilette-miniature-7ml-0-2oz-3614273521888.html
MAISON MARGIELA,Unisex Replica By the Fireplace EDT Spray 0.34 oz Fragrances,0.34 oz,$24.99,$35.00,https://www.jomashop.com/maison-margiela-unisex-replica-by-the-fireplace-edt-spray-0-34-oz-fragrances-3614272140394.html
MAISON MARGIELA,Unisex Replica By The Fireplace EDT Spray 1 oz Fragrances 3614273185875,1.0 oz / 30 ml,$56.52,$85.00,https://www.jomashop.com/maison-margiela-unisex-replica-by-the-fireplace-edt-spray-1-oz-fragrances-3614273185875.html
MAISON MARGIELA,Men's Replica By The Fireplace EDT Spray 3.4 oz Fragrances,3.4 oz,$84.98,$165.00,https://www.jomashop.com/maison-margiela-mens-replica-by-the-fireplace-edt-spray-3-4-oz-fragrances-3614270562112.html
BURBERRY,Men's Hero EDP Spray 0.05 oz Fragrances,0.05 oz,$9.99,$20.00,https://www.jomashop.com/burberry-mens-hero-edp-spray-0-05-oz-fragrances-3614228838023.html
BURBERRY,Men's Hero EDP Spray 1.7 oz Fragrances,1.7 oz / 50 ml,$54.99,$124.00,https://www.jomashop.com/burberry-mens-hero-edp-spray-1-7-oz-fragrances-3614228838030.html
BURBERRY,Men's Hero EDP Spray 3.4 oz Fragrances,3.4 oz / 100 ml,$73.50,$155.00,https://www.jomashop.com/burberry-mens-hero-edp-spray-3-4-oz-fragrances-3614228838016.html
BURBERRY,Men's Hero EDP Spray 3.38 oz (Tester) Fragrances,3.38 oz / 100 ml - Tester,$94.99,$131.00,https://www.jomashop.com/burberry-mens-hero-edp-spray-3-38-oz-tester-fragrances-3614228838009.html
BURBERRY,Men's Hero EDP Spray 5.07 oz Fragrances,5.07 oz,$114.99,$193.00,https://www.jomashop.com/burberry-mens-hero-edp-spray-5-07-oz-fragrances-3614228837996.html
LATTAFA,Unisex Khamrah EDP Spray 3.4 oz Fragrances,3.4 oz,$29.99,$100.00,https://www.jomashop.com/lattafa-unisex-khamrah-edp-spray-3-4-oz-fragrances-6291108737194.html
LATTAFA,Unisex Khamrah Body Spray 6.7 oz Fragrances,Body Spray,$14.99,$30.00,https://www.jomashop.com/lattafa-unisex-khamrah-body-spray-6-7-oz-fragrances-6290360593241.html
ARMAF,Men's Club De Nuit Intense EDP Spray 0.6 oz (Tester) Fragrances,0.6 oz - Tester,$25.99,,https://www.jomashop.com/armaf-mens-club-de-nuit-intense-edp-spray-0-6-oz-tester-fragrances-7290115045536.html
ARMAF,Men's Club de Nuit Intense EDP Spray 1.0 oz Fragrances,1.0 oz / 30 ml,$29.99,,https://www.jomashop.com/armaf-mens-club-de-nuit-intense-edp-spray-1-0-oz-fragrances-6294015157765.html
ARMAF,Club De Nuit Intense by for Men - 6.8 oz EDP Spray (200 ml),6.8 oz,$44.99,$200.00,https://www.jomashop.com/club-de-nuit-intense-by-armaf-for-men-6-8-oz-edp-spray-6294015131024.html
ARMAF,Men's Club De Nuit Intense Parfum Spray 5.0 oz (150 ml),5.0 oz,$40.99,$200.00,https://www.jomashop.com/armaf-club-de-nuit-intense-edp-for-men-105ml-6294015131017.html
NISHANE,Men's Hacivat Extrait de Parfum Spray 1.7 oz Fragrances,1.7 oz,$110.00,$290.00,https://www.jomashop.com/nishane-hacivat-1-7-oz-edp-spray-8681008055388.html
NISHANE,Men's Hacivat Extrait de Parfum Spray 3.38 oz (Tester) Fragrances,3.38 oz / 100 ml - Tester,$140.00,$395.00,https://www.jomashop.com/nishane-unisex-hacivat-extrait-de-parfum-spray-3-38-oz-tester-fragrances-8683608071232.html
NISHANE,Men's Hacivat Extrait de Parfum Spray 3.4 oz Fragrances,3.4 oz,$165.00,$395.00,https://www.jomashop.com/nishane-hacivat-3-4-oz-edp-spray-8681008055180.html
PRADA,Lhomme / EDT Spray 3.4 oz (100 ml) (m),3.4 oz / 100 ml,$74.99,$136.00,https://www.jomashop.com/prada-perfume-lmmmts34.html
PRADA,Men's L'homme EDT Spray 5 oz (150 ml),5.0 oz / 150 ml,$119.99,$145.00,https://www.jomashop.com/prada-mens-lhomme-edt-spray-5-oz-fragrances-8435137749614.html
MANCERA,Instant Crush / Paris EDP Spray 4.0 oz (120 ml) (U),,$89.99,$190.00,https://www.jomashop.com/instant-crush-mancera-paris-edp-spray-4-0-oz-120-ml-u-3760265193134.html
GOLDFIELD AND BANKS,Unisex Ingenious Ginger Extrait de Parfum Spray 0.33 oz Fragrances,0.33 oz / 10 ml,$34.99,$46.00,https://www.jomashop.com/goldfield-and-banks-unisex-ingenious-ginger-extrait-de-parfum-spray-0-33-oz-fragrances-9356353000992.html
GOLDFIELD AND BANKS,Unisex Ingenious Ginger Perfume Spray 1.7 oz Fragrances,1.7 oz / 50 ml,$105.00,$140.00,https://www.jomashop.com/goldfield-and-banks-unisex-ingenious-ginger-perfume-spray-1-7-oz-fragrances-9356353000985.html
GOLDFIELD AND BANKS,Unisex Ingenious Ginger Extrait de Parfum Spray 3.4 oz Fragrances,3.4 oz / 100 ml,$153.75,$205.00,https://www.jomashop.com/goldfield-and-banks-ingenious-ginger-3-4-oz-fragrances-9356353000977.html
BURBERRY,Ladies Goddess EDP 0.33 oz Fragrances,0.33 oz / 10 ml,$34.99,$38.00,https://www.jomashop.com/burberry-ladies-goddess-edp-0-33-oz-fragrances-3616302020638.html
BURBERRY,Ladies Goddess EDP Spray 1.0 oz Fragrances,1.0 oz / 30 ml,$69.99,$111.00,https://www.jomashop.com/burberry-ladies-goddess-edp-spray-1-01-oz-fragrances-3616302020645.html
BURBERRY,Ladies Goddess EDP 1.7 oz Fragrances,1.7 oz / 50 ml,$79.95,$138.00,https://www.jomashop.com/burberry-ladies-goddess-edp-1-7-oz-fragrances-3616302020676.html
BURBERRY,Ladies Goddess EDP Spray 3.4 oz (Tester) Fragrances,3.4 oz / 100 ml - Tester,$94.99,$168.00,https://www.jomashop.com/burberry-ladies-goddess-edp-spray-3-4-oz-tester-fragrances-3616302020683-71164.html
BURBERRY,Ladies Goddess EDP 3.4 oz Fragrances,3.4 oz / 100 ml,$99.95,$181.00,https://www.jomashop.com/burberry-ladies-goddess-edp-3-4-oz-fragrances-3616302020652.html
BURBERRY,Ladies Goddess EDP 1.69 oz Fragrances 3616305271556,,,,https://www.jomashop.com/burberry-ladies-goddess-edp-1-69-oz-fragrances-3616305271556.html
BDK PARFUMS,Unisex Tabac Rose EDP 3.3 oz Fragrances,3.3 oz / 100 ml,$217.50,$290.00,https://www.jomashop.com/bdk-parfums-unisex-tabac-rose-edp-3-3-oz-fragrances-3760035450344.html
BDK PARFUMS,Tabac Rose EDP Spray 3.4 oz (Tester) Fragrances,3.4 oz / 100 ml - Tester,$217.50,$290.00,https://www.jomashop.com/bdk-parfums-mens-tabac-rose-edp-spray-3-4-oz-tester-fragrances-3760035450351.html
PARFUMS DE MARLY,Men's Althair EDP Spray 2.5 oz (75 ml),2.5 oz / 75 ml,$261.00,$290.00,https://www.jomashop.com/parfums-de-marly-mens-althair-edp-spray-2-5-oz-fragrances-3700578504371.html
PARFUMS DE MARLY,Men's Althair EDP Spray 4.2 oz,4.2 oz / 125 ml,$360.00,$400.00,https://www.jomashop.com/parfums-de-marly-mens-althair-edp-spray-4-2-oz-fragrances-3700578504364.html
ARMAF,Men's Odyssey Mandarin Sky EDP Spray 0.34 oz Fragrances,0.34 oz,$14.99,,https://www.jomashop.com/armaf-mens-odyssey-mandarin-sky-edp-spray-0-34-oz-fragrances-6294015191974.html
ARMAF,Men's Odyssey Mandarin Sky EDP Spray 2.02 oz Fragrances,2.02 oz,$23.99,$65.00,https://www.jomashop.com/armaf-mens-odyssey-mandarin-sky-edp-spray-2-02-oz-fragrances-6294015189575.html
ARMAF,Men's Odyssey Mandarin Sky EDP 3.4 oz Fragrances,3.4 oz / 100 ml,$29.99,$90.00,https://www.jomashop.com/armaf-mens-odyssey-mandarin-sky-edp-3-4-oz-fragrances-6294015149371.html
ARMAF,Men's Odyssey Mandarin Sky EDP Spray 6.7 oz Fragrances,6.7 oz / 200 ml,$41.98,$130.00,https://www.jomashop.com/armaf-mens-odyssey-mandarin-sky-edp-spray-6-7-oz-fragrances-6294015168020.html
ARMAF,Men's Odyssey Mandarin Sky Body Spray 6.8 oz Fragrances,Body Spray,$14.99,,https://www.jomashop.com/armaf-mens-odyssey-mandarin-sky-body-spray-6-8-oz-fragrances-6294015190663.html
LATTAFA,Unisex Pride Vintage Radio EDP Spray 3.4 oz Fragrances,,$26.99,$80.00,https://www.jomashop.com/lattafa-unisex-pride-vintage-radio-edp-spray-3-4-oz-fragrances-6290360592909.html
NISHANE,Unisex Ani Extrait de Parfum Spray 1.7 oz Fragrances,1.7 oz / 50 ml,$119.99,$250.00,https://www.jomashop.com/nishane-ani-1-7-oz-edp-spray-8681008055067.html
NISHANE,Unisex Ani Extrait de Parfum Spray 3.4 oz Fragrances,3.4 oz / 100 ml,$141.99,$390.00,https://www.jomashop.com/nishane-ani-3-4-oz-edp-spray-8681008055074.html
RASASI,Men's Hawas Tropical EDP Spray 3.3 oz Fragrances,,$44.95,,https://www.jomashop.com/rasasi-mens-hawas-tropical-edp-spray-3-3-oz-fragrances-614514464441.html
BDK PARFUMS,Unisex Rouge Smoking Extrait Extrait de Parfum Spray 3.4 oz Fragrances,,$240.00,$320.00,https://www.jomashop.com/bdk-parfums-unisex-rouge-smoking-extrait-extrait-de-parfum-spray-3-4-oz-fragrances-3760035451280.html
AMOUAGE,Men's Jubilation XXV EDP Spray 3.4 oz Fragrances,,$184.50,$380.00,https://www.jomashop.com/amouage-mens-jubilation-xxv-edp-spray-3-4-oz-fragrances-701666410072.html
JEAN PAUL GAULTIER,Men's Le Beau Paradise Garden EDP Spray 2.5 oz,2.5 oz / 75 ml,$77.95,$110.00,https://www.jomashop.com/jean-paul-gaultier-mens-le-beau-paradise-garden-edp-2-5-oz-fragrances-8435415091244.html
JEAN PAUL GAULTIER,Men's Le Beau Paradise Garden EDP 4.2 oz Fragrances,4.2 oz / 125 ml,$109.99,$180.00,https://www.jomashop.com/jean-paul-gaultier-mens-le-beau-paradise-garden-edp-4-2-oz-fragrances-8435415091275.html
LATTAFA,Unisex Angham EDP Spray 3.4 oz Fragrances,,$36.99,$85.00,https://www.jomashop.com/lattafa-unisex-angham-edp-spray-3-4-oz-fragrances-6290360598338.html
MIND GAMES,Unisex Lionora Extrait de Parfum Spray 3.4 oz Fragrances,,$309.99,$395.00,https://www.jomashop.com/mind-games-unisex-lionora-extrait-de-parfum-spray-3-4-oz-fragrances-850034671727.html
AFNAN,Unisex 9PM Elixir Extrait de Parfum Spray 3.4 oz Fragrances,,$41.98,,https://www.jomashop.com/afnan-unisex-9pm-elixir-extrait-de-parfum-spray-3-4-oz-fragrances-6290171075738.html
VERSACE,Mini Set / Dylan Blue 3 Pc. Set (m),Gift Set,$19.99,$75.00,https://www.jomashop.com/mini-set-versace-dylan-blue-3-pc-set-m-m3vdbm1-8011003826612.html
VERSACE,Men's Dylan Blue Deodorant Stick 2.5 oz (75 ml),Deodorant,$24.99,$32.00,https://www.jomashop.com/versace-mens-versace-dylan-blue-deodorant-stick-2-5-oz-fragrances-8011003826537-vdbmd25.html
VERSACE,Men's Dylan Blue Gift Set Fragrances,Gift Set,$44.99,$89.00,https://www.jomashop.com/versace-mens-dylan-blue-gift-set-fragrances-8011003873579.html
VERSACE,Dylan Blue / Deodorant Spray 3.4 oz (100 ml) (m),Deodorant,$49.99,$88.00,https://www.jomashop.com/versace-vdbmds34.html
VERSACE,Dylan Blue / Set (m),Gift Set,$54.97,$98.00,https://www.jomashop.com/versace-dylan-blue-versace-set-m-vdbm5.html
VERSACE,Men's Dylan Blue Gift Set Fragrances,Gift Set,$64.99,$130.00,https://www.jomashop.com/versace-mens-versace-pour-homme-dylan-blue-3-4-oz-fragrances-8011003854554.html
VERSACE,Pour Homme Dylan Blue Gift Set Fragrances,Gift Set,$64.99,$124.00,https://www.jomashop.com/versace-pour-homme-dylan-blue-gift-set-fragrances-8011003870271.html
PARFUMS DE MARLY,Unisex Delina Hand Cream 1 oz Fragrances,Lotions & Creams,$49.50,$55.00,https://www.jomashop.com/parfums-de-marly-unisex-delina-hand-cream-1-oz-fragrances-3700578521309.html
PARFUMS DE MARLY,Unisex Delina Shower Gel 6.7 oz Fragrances 3700578521361,,,,https://www.jomashop.com/parfums-de-marly-unisex-delina-shower-gel-8-4-oz-fragrances-3700578521361.html
PARFUMS DE MARLY,Delina Hair Mist 2.5 oz Fragrances,Mist,$87.30,$97.00,https://www.jomashop.com/parfums-de-marly-mens-delina-hair-mist-2-5-oz-fragrances-3700578521231.html
PARFUMS DE MARLY,Delina 6.3 oz (180 g) Scented Candle,Scented Candle,$88.20,$98.00,https://www.jomashop.com/parfums-de-marly-delina-6-3-oz-scented-candle-3700578503923.html
PARFUMS DE MARLY,Ladies Delina Cream 6.7 oz Fragrances,Lotions & Creams,$90.00,$100.00,https://www.jomashop.com/parfums-de-marly-ladies-delina-cream-7-5-oz-fragrances-3700578521224.html
PARFUMS DE MARLY,Delina Body Oil 3.4 oz Fragrances,Oil & Serums,$99.00,$110.00,https://www.jomashop.com/parfums-de-marly-delina-edp-oil-3-4-oz-fragrances-3700578521347.html
PARFUMS DE MARLY,Ladies Delina EDP 1.0 oz Fragrances 3700578502452,,,,https://www.jomashop.com/parfums-de-marly-ladies-delina-edp-1-0-oz-fragrances-3700578502452.html
PARFUMS DE MARLY,Ladies Delina EDP Spray 2.5 oz (75 ml),,,,https://www.jomashop.com/parfums-de-marly-ladies-delina-edp-spray-2-5-oz-fragrances-3700578521002.html
PARFUMS DE MARLY,Ladies Valaya EDP Spray 2.5 oz Fragrances 3700578503046,,,,https://www.jomashop.com/parfums-de-marly-ladies-valaya-edp-spray-2-5-oz-fragrances-3700578503046.html
YVES SAINT LAURENT,Unisex Babycat EDP 4.2 oz Fragrances,,$317.99,$490.00,https://www.jomashop.com/yves-saint-laurent-unisex-babycat-edp-4-2-oz-fragrances-3614273355568.html
PRADA,Ladies Paradoxe EDP Spray 3.0 oz Fragrances,3.0 oz / 90 ml,$107.98,$165.00,https://www.jomashop.com/prada-ladies-paradoxe-edp-spray-3-04-oz-fragrances-3614273760164.html
JO MILANO,Unisex Game Of Spades Bonus Parfum 3.4 oz Fragrances,,$79.99,$220.00,https://www.jomashop.com/jo-milano-unisex-game-of-spades-bonus-parfum-3-4-oz-fragrances-850051043361.html
JEAN PAUL GAULTIER,Men's Le Male Le Parfum EDP Spray 2.5 oz Fragrances,2.5 oz / 75 ml,$79.95,$106.00,https://www.jomashop.com/jean-paul-gaultier-mens-le-male-edp-spray-2-5-oz-fragrances-8435415032278.html
JEAN PAUL GAULTIER,Men's Le Male Le Parfum EDP Spray 4.2 oz Fragrances,4.2 oz,$99.99,$146.00,https://www.jomashop.com/jean-paul-gaultier-mens-le-male-le-parfum-edp-spray-4-2-oz-fragrances-8435415032315.html
JEAN PAUL GAULTIER,Men's Le Male Le Parfum EDP Spray 4.2 oz (Tester) Fragrances 8435415032285,4.2 oz / 125 ml - Tester,$104.99,$146.00,https://www.jomashop.com/jean-paul-gaultier-mens-le-male-le-parfum-edp-spray-4-2-oz-tester-fragrances-8435415032285.html
JEAN PAUL GAULTIER,Men's Le Male Le Parfum EDP Spray 6.8 oz Fragrances,6.8 oz / 200 ml,$129.99,$180.00,https://www.jomashop.com/jean-paul-gaultier-mens-le-male-le-parfum-edp-spray-6-8-oz-fragrances-8435415032360.html
MANCERA,Unisex Cedrat Boise EDP Spray 0.27 oz Fragrances 000,0.27 oz,$21.99,$40.00,https://www.jomashop.com/mancera-unisex-cedrat-boise-edp-spray-0-27-oz-fragrances-000-850011125-000850011125.html
MANCERA,Unisex Cedrat Boise EDP Spray 4 oz (120 ml),4.0 oz,$73.50,$190.00,https://www.jomashop.com/mancera-unisex-cedrat-boise-edp-spray-4-oz-fragrances-3760265190485.html
TOM FORD,Unisex Oud Wood EDP Spray 3.4 oz Private Blend,3.4 oz / 100 ml,$244.99,$445.00,https://www.jomashop.com/tom-ford-unisex-oud-wood-edp-spray-3-4-oz-fragrances-888066024099.html
BYREDO,Unisex Bal D'Afrique EDP Spray 1.6 oz Fragrances 7340032860283,1.6 oz / 50 ml,$171.99,$225.00,https://www.jomashop.com/bal-dafrique-by-byredo-for-women-1-6-oz-edp-spray-7340032806038.html
BYREDO,- Bal D'Afrique Eau De Parfum Spray 100ml/3.4oz,3.4 oz / 100 ml,$229.99,$330.00,https://www.jomashop.com/byredo-bal-dafrique-eau-de-parfum-spray-100ml-3-4oz-7340032806182.html
BURBERRY,Her / EDP Spray 3.3 oz (100 ml) (w),3.3 oz / 100 ml,$94.99,$181.00,https://www.jomashop.com/burberry-her-eau-de-parfum-spray-3614227693876.html
AMOUAGE,Unisex Opus XIV Royal Tobacco EDP Spray 3.4 oz Fragrances,,$194.50,$380.00,https://www.jomashop.com/amouage-unisex-opus-xiv-royal-tobacco-edp-spray-3-4-oz-fragrances-701666410577.html
MANCERA,Unisex Intense Cedrat Boise EDP 4.0 oz Fragrances,,$89.99,$225.00,https://www.jomashop.com/mancera-unisex-intense-cedrat-boise-edp-4-0-oz-fragrances-3760265194032.html
NIKOS,Parfums Men's Sculpture Homme EDT Spray 3.3 oz (Tester) Fragrances,,$34.99,$75.00,https://www.jomashop.com/nikos-parfums-mens-sculpture-homme-edt-spray-3-3-oz-tester-fragrances-3414204201007.html
INITIO PARFUMS PRIVES,Unisex Musk Therapy Extrait de Parfum Spray 1.6 oz Fragrances,1.6 oz / 50 ml,$261.00,$290.00,https://www.jomashop.com/initio-parfums-prives-unisex-musk-therapy-extrait-de-parfum-spray-1-6-oz-fragrances-3701415902565.html
INITIO PARFUMS PRIVES,Initio Parfums Musk Therapy Extrait de Parfum Spray 90ml (3.04oz),3.0 oz / 90 ml,$387.00,$430.00,https://www.jomashop.com/initio-parfums-musktherapy-eau-de-parfum-spray-90ml-3-04oz-3701415900882.html
INITIO PARFUMS PRIVES,Unisex Musk Therapy Mist 1.7 oz Fragrances,Mist,$90.00,$100.00,https://www.jomashop.com/initio-parfums-prives-unisex-musk-therapy-mist-1-7-oz-fragrances-3701415902657.html
INITIO PARFUMS PRIVES,Unisex Musk Therapy 6.7 oz Fragrances,Lotions & Creams,$99.00,$110.00,https://www.jomashop.com/initio-parfums-prives-unisex-musk-therapy-6-7-oz-fragrances-3701415904125.html
LATTAFA,Unisex Eclaire EDP Spray 3.4 oz Fragrances,3.4 oz,$27.99,$60.00,https://www.jomashop.com/lattafa-unisex-eclaire-edp-spray-3-4-oz-fragrances-6290362340638.html
LATTAFA,Unisex Eclaire Body Spray 6.7 oz Fragrances 6290362345466,Body Spray,$10.99,$30.00,https://www.jomashop.com/lattafa-unisex-eclaire-body-spray-6-7-oz-fragrances-6290362345466.html
XERJOFF,Torino21 Eau De Parfum 50ml / 1.7oz,1.7 oz / 50 ml,$140.00,$220.00,https://www.jomashop.com/xerjoff-torino21-eau-de-parfum-50ml-1-7oz-8054320901211.html
AMOUAGE,Ladies Overture EDP 3.4 oz Fragrances,,$188.50,$380.00,https://www.jomashop.com/amouage-ladies-overture-edp-3-4-oz-fragrances-701666410294.html
XERJOFF,Unisex Erba Gold EDP Spray 1.7 oz (Tester) Fragrances,1.7 oz / 50 ml - Tester,$151.99,$300.00,https://www.jomashop.com/xerjoff-unisex-erba-gold-edp-spray-1-7-oz-tester-fragrances-t8054320902539.html
XERJOFF,Unisex V Erba Gold EDP Spray 1.7 oz Fragrances,1.7 oz / 50 ml,$154.99,$300.00,https://www.jomashop.com/xerjoff-unisex-v-erba-gold-edp-spray-1-7-oz-fragrances-8054320902539.html
XERJOFF,Unisex Erba Gold EDP 3.4 oz (Tester) Fragrances,3.4 oz,$179.99,$300.00,https://www.jomashop.com/xerjoff-unisex-erba-gold-edp-3-4-oz-tester-fragrances-8054320902546.html
XERJOFF,Unisex V Erba Gold EDP Spray 3.4 oz Fragrances,3.4 oz,$194.99,$300.00,https://www.jomashop.com/xerjoff-unisex-v-erba-gold-edp-spray-3-4-oz-fragrances-8054320902522.html
THOMAS KOSMALA,Unisex No. 4 Apres L'amour EDP Spray 1.01 oz (Tester) Fragrances 0,1.01 oz - Tester,$34.99,,https://www.jomashop.com/thomas-kosmala-unisex-apres-lamour-no-4-edp-spray-1-01-oz-tester-fragrances-0-506073452130-0506073452130.html
THOMAS KOSMALA,Unisex No. 4 Apres L'amour EDP Spray 3.3 oz (Tester) Fragrances,3.3 oz / 100 ml - Tester,$79.45,$275.00,https://www.jomashop.com/thomas-kosmala-unisex-apres-lamour-no-4-edp-spray-3-38-oz-tester-fragrances-5060412110310.html
THOMAS KOSMALA,Unisex Apres L'Amour EDP Spray 3.4 oz (100 ml),3.4 oz / 100 ml,$89.94,$220.00,https://www.jomashop.com/thomas-kosmala-unisex-apres-lamour-edp-spray-3-4-oz-fragrances-5060412110235.html
THOMAS KOSMALA,Unisex No. 4 Apres L'amour EDP 8.11 oz Fragrances,8.11. oz,$154.99,$275.00,https://www.jomashop.com/thomas-kosmala-unisex-no-4-apres-lamour-edp-8-11-oz-fragrances-5060412110198.html
THOMAS KOSMALA,Unisex No 4 Apres L'amour Mist 1.01 oz Fragrances 0,Mist,$29.99,,https://www.jomashop.com/thomas-kosmala-unisex-no-4-apres-lamour-mist-1-01-oz-fragrances-0-604328957642-0604328957642.html
JO MILANO,Unisex Game of Spades Moon Parfum 3.4 oz Fragrances,,$61.99,$220.00,https://www.jomashop.com/jo-milano-unisex-game-of-spades-moon-parfum-3-4-oz-fragrances-850051043019.html
KHADLAJ,Unisex Island Vanilla Dunes Extrait de Parfum Spray 3.4 oz Fragrances,,$34.99,$100.00,https://www.jomashop.com/khadlaj-unisex-island-vanilla-dunes-extrait-de-parfum-spray-3-4-oz-fragrances-6291107979748.html
DIOR,Christian Men's Sauvage Elixir 2.0 oz Spray Fragrances,,$169.99,$199.00,https://www.jomashop.com/christian-dior-mens-sauvage-elixir-spray-fragrances-3348901567572.html
DIOR,Christian Men's Sauvage Elixir Spray 3.4 oz Fragrances,3.4 oz,$224.99,$265.00,https://www.jomashop.com/christian-dior-mens-sauvage-elixir-spray-3-4-oz-fragrances-3348901640916.html
VALENTINO GARAVANI,Ladies Donna Born in Roma Intense EDP 1.0 oz Fragrances,1.0 oz / 30 ml,$79.99,$115.00,https://www.jomashop.com/valentino-ladies-donna-born-in-roma-intense-edp-1-0-oz-fragrances-3614273790864.html
VALENTINO GARAVANI,Ladies Donna Born In Roma Intense EDP Spray 1.7 oz Fragrances,1.7 oz,$89.95,$150.00,https://www.jomashop.com/valentino-ladies-donna-born-in-roma-intense-edp-spray-1-7-oz-fragrances-3614273790857.html
VALENTINO GARAVANI,Ladies Donna Born In Roma Intense EDP Spray 1.7 oz Fragrances,1.7 oz / 50 ml,$99.99,$150.00,https://www.jomashop.com/valentino-ladies-donna-born-in-roma-intense-edp-spray-1-7-oz-fragrances-361473790857.html
VALENTINO GARAVANI,Ladies Donna Born in Roma Intense EDP Spray 3.4 oz (Tester) Fragrances,3.4 oz / 100 ml - Tester,$124.99,$185.00,https://www.jomashop.com/valentino-ladies-donna-born-in-roma-intense-edp-spray-3-4-oz-tester-fragrances-3614273790819.html
VALENTINO GARAVANI,Ladies Donna Born In Roma Intense EDP 3.4 oz Fragrances,3.4 oz / 100 ml,$129.99,$185.00,https://www.jomashop.com/valentino-ladies-donna-born-in-roma-intense-edp-3-4-oz-fragrances-3614273790840.html
AL HARAMAIN,Unisex Amber Oud Aqua Dubai Extrait de Parfum Spray 2.54 oz (Tester) Fragrances,2.54 oz - Tester,$43.99,$95.00,https://www.jomashop.com/al-haramain-unisex-amber-oud-aqua-dubai-extrait-de-parfum-spray-2-54-oz-tester-fragrances-6291106814866.html
AL HARAMAIN,Unisex Amber Oud Aqua Dubai Extrait de Parfum Spray 3.38 oz (Tester) Fragrances,3.38 oz / 100 ml - Tester,$44.99,$124.00,https://www.jomashop.com/al-haramain-unisex-amber-oud-aqua-dubai-extrait-de-parfum-spray-3-38-oz-tester-fragrances-6291106814880.html
AL HARAMAIN,Unisex Amber Oud Aqua Dubai Extrait de Parfum Spray 2.5 oz Fragrances,2.5 oz / 75 ml,$50.99,$95.00,https://www.jomashop.com/al-haramain-unisex-amber-oud-aqua-dubai-extrait-de-parfum-spray-2-5-oz-fragrances-6291106814859.html
AL HARAMAIN,Unisex Amber Oud Aqua Dubai Extrait de Parfum Spray 3.38 oz Fragrances,3.38 oz / 100 ml,$54.99,$124.00,https://www.jomashop.com/al-haramain-unisex-amber-oud-aqua-dubai-extrait-de-parfum-spray-3-38-oz-fragrances-6291106814873.html
GOLDFIELD AND BANKS,Unisex Perfume Concentrate Pacific Rock Moss EDP Spray 0.33 oz Fragrances,0.33 oz / 10 ml,$29.99,$39.00,https://www.jomashop.com/goldfield-and-banks-unisex-perfume-concentrate-pacific-rock-moss-edp-spray-0-33-oz-fragrances-9356353000398.html
GOLDFIELD AND BANKS,Unisex Pacific Rock Moss Perfume Concentrate Spray 1.7 oz Fragrances 9356353000015,,,$140.00,https://www.jomashop.com/goldfield-and-banks-unisex-pacific-rock-moss-edp-spray-1-7-oz-fragrances-9356353000015.html
GOLDFIELD AND BANKS,Unisex Perfume Concentrate Pacific Rock Moss Spray 3.4 oz Fragrances,3.4 oz / 100 ml,$114.99,$205.00,https://www.jomashop.com/goldfield-and-banks-unisex-perfume-concentrate-pacific-rock-moss-edp-spray-3-4-oz-fragrances-9369999068219.html
INITIO PARFUMS PRIVES,Unisex Side Effect EDP Spray 1.7 oz Fragrances,1.7 oz / 50 ml,$252.00,$280.00,https://www.jomashop.com/initio-parfums-prives-unisex-side-effect-edp-spray-1-7-oz-fragrances-3701415902596.html
INITIO PARFUMS PRIVES,Initio Unisex The Carnal Blend Side Effect EDP Spray 3 oz Fragrances,3.0 oz / 90 ml,$378.00,$420.00,https://www.jomashop.com/initio-unisex-the-carnal-blend-side-effect-edp-spray-3-oz-fragrances-3701415900073.html
BOND NO.9,Bleecker Street / EDP Spray 1.7 oz (u),1.7 oz / 50 ml,$159.50,$335.00,https://www.jomashop.com/bond-no-9-fragrances-9blees17-1-7oz.html
BOND NO.9,Bleecker Street by EDP Spray 3.4 oz (u),3.4 oz / 100 ml,$224.99,$506.00,https://www.jomashop.com/bond-no-9-perfume-9blees34.html
ARMAF,Men's Club De Nuit Intense Limited Edition Parfum 3.6 oz Fragrances,,$59.99,$124.99,https://www.jomashop.com/armaf-mens-club-de-nuit-intense-limited-edition-parfum-3-55-oz-fragrances-6294015180367.html
DIOR,Homme Intense / Christian EDP Spray 1.7 oz (m),1.7 oz / 50 ml,$93.99,$130.00,https://www.jomashop.com/christian-dior-perfume-diimes17-a.html
DIOR,Homme Intense / Christian EDP Spray 3.4 oz (m),3.4 oz,$119.99,$158.00,https://www.jomashop.com/chdior-diimes34-a.html
DIOR,Christian Men's Homme Intense EDP Spray 5 oz Fragrances,5.0 oz,$144.99,$180.00,https://www.jomashop.com/christian-dior-ladies-homme-intense-edp-spray-5-oz-fragrances-3348901001120.html
VERSACE,Men's Eros Najim Parfum 1.7 oz Fragrances,1.7 oz / 50 ml,$84.99,$118.00,https://www.jomashop.com/versace-mens-eros-najim-parfum-1-7-oz-fragrances-8011003901579.html
VERSACE,Men's Najim Parfum 3.38 oz (Tester) Fragrances,3.38 oz / 100 ml - Tester,$89.99,$155.00,https://www.jomashop.com/versace-mens-najim-parfum-3-38-oz-tester-fragrances-8011003898336.html
VERSACE,Men's Eros Najim Parfum 3.4 oz Fragrances,3.4 oz / 100 ml,$94.99,$155.00,https://www.jomashop.com/versace-mens-eros-najim-parfum-3-4-oz-fragrances-8011003895755.html
LATTAFA,Unisex Bade'e Al Oud Honor & Glory EDP Spray 3.4 oz Fragrances,,$21.99,$100.00,https://www.jomashop.com/lattafa-unisex-badee-al-oud-honor-glory-edp-spray-3-4-oz-fragrances-6290360593135.html
LATTAFA,Men's Asad EDP Spray 0.4 oz Fragrances 6920362344940,,,,https://www.jomashop.com/lattafa-mens-asad-edp-spray-0-4-oz-fragrances-6920362344940.html
LATTAFA,Men's Asad EDP Spray 3.4 oz Fragrances,3.4 oz / 100 ml,$21.95,$80.00,https://www.jomashop.com/lattafa-mens-asad-edp-spray-3-4-oz-fragrances-6291108735411.html
AMOUAGE,Ladies Dia 40 Extrait de Parfum Spray 3.4 oz Fragrances,,$264.50,$520.00,https://www.jomashop.com/amouage-ladies-dia-40-extrait-de-parfum-spray-3-4-oz-fragrances-701666410959.html
LATTAFA,Ladies Yara EDP Spray 1.7 oz Fragrances,1.7 oz / 50 ml,$14.99,$40.00,https://www.jomashop.com/lattafa-ladies-yara-edp-spray-1-7-oz-fragrances-6423080728925.html
LATTAFA,Ladies Yara EDP Spray 3.38 oz Fragrances,3.38 oz / 100 ml,$26.99,$100.00,https://www.jomashop.com/lattafa-ladies-yara-edp-spray-3-38-oz-fragrances-6291108730515.html
LATTAFA,Ladies Yara Deodorant Spray 6.7 oz Fragrances,Deodorant,$9.99,$30.00,https://www.jomashop.com/lattafa-unisex-yara-deodorant-spray-6-7-oz-fragrances-6291108734940.html
LATTAFA,Ladies Yara Rollerball Perfume Oil 0.34 oz Fragrances 6423080731178,,,,https://www.jomashop.com/lattafa-ladies-yara-rollerball-perfume-oil-0-34-oz-fragrances-6423080731178.html
LATTAFA,Yara Perfume Oil 0.67 oz Fragrances,Perfume Oil,$24.99,,https://www.jomashop.com/lattafa-yara-perfume-oil-0-67-oz-fragrances-6290362345688.html
BOND NO.9,Men's The Scent Of Peace For Him EDP Spray 1.7 oz Fragrances,,$199.99,$295.00,https://www.jomashop.com/bond-no9-9sopmes17.html
BOND NO.9,The Scent of Peace for Him Eau de Parfum Spray 3.3 oz / 100 ml,3.3 oz / 100 ml,$235.00,$506.00,https://www.jomashop.com/bond-no-9-the-scent-of-peace-for-him-eau-de-parfum-tester-spray-3-3-oz-100-ml-888874002760.html
FRAGRANCE WORLD,Unisex After Effect Extrait de Parfum Spray 2.7 oz Fragrances,,$29.99,$75.00,https://www.jomashop.com/fragrance-world-unisex-after-effect-extrait-de-parfum-spray-2-7-oz-fragrances-6291108323953.html
AZZARO,Men's Forever Wanted Elixir Parfum 1.7 oz Fragrances,1.7 oz / 50 ml,$84.99,$115.00,https://www.jomashop.com/azzaro-mens-forever-wanted-elixir-edp-spray-1-7-oz-fragrances-3614274258080.html
AZZARO,Men's Forever Wanted Elixir Spray 3.4 oz Fragrances,3.4 oz / 100 ml,$109.99,$145.00,https://www.jomashop.com/azzaro-mens-forever-wanted-elixir-extrait-de-parfum-spray-3-4-oz-fragrances-3614274258073.html
BOND NO.9,Nolita / EDP Spray 3.38 oz (100 ml) (w),,$199.99,$440.00,https://www.jomashop.com/bond-no-9-fragrances-9noles33-3-38oz.html
AFNAN,Men's Turathi Blue EDP Spray 3.0 oz Fragrances,,$35.99,$100.00,https://www.jomashop.com/afnan-mens-turathi-blue-edp-spray-3-0-oz-fragrances-6290171070580.html
BOND NO.9,Unisex Tribeca EDP 1.7 oz Fragrances,1.7 oz / 50 ml,$181.99,$345.00,https://www.jomashop.com/bond-no-9-unisex-tribeca-edp-1-7-oz-fragrances-888874007727.html
BOND NO.9,Unisex Tribeca EDP 3.4 oz (100 ml),3.4 oz / 100 ml,$249.99,$529.00,https://www.jomashop.com/bond-no-9-unisex-tribeca-edp-3-4-oz-fragrances-888874007123.html
PRADA,Men's Luna Rossa Black EDP Spray 1.7 oz Fragrances,1.7 oz / 50 ml,$69.99,$130.00,https://www.jomashop.com/luna-rossa-black-by-prada-for-men-1-7-oz-edp-spray-8435137782970.html
PRADA,Luna Rossa Black / EDP Spray 3.4 oz (100 ml) (m),3.4 oz / 100 ml,$89.99,$140.00,https://www.jomashop.com/prada-perfume-prbmes34.html
ARMAF,Men's Club De Nuit Precieux 1 Extrait de Parfum Spray 1.85 oz Fragrances,,$46.99,$95.00,https://www.jomashop.com/armaf-mens-club-de-nuit-precieux-1-extrait-de-parfum-spray-1-85-oz-fragrances-6294015181913.html
MAISON ASRAR,Unisex Wadi Collection EDP Spray 3.4 oz Fragrances,,$40.00,$50.00,https://www.jomashop.com/maison-asrar-unisex-wadi-collection-edp-spray-3-4-oz-fragrances-6290362163787.html
YVES SAINT LAURENT,Men's Y Le Parfum 3.3 oz Fragrances,,$130.99,$196.00,https://www.jomashop.com/yves-saint-laurent-y-le-parfum-eau-de-parfum-spray-100ml-3-4oz-3614273318105.html
MONTBLANC,Men's Explorer EDP Spray 0.15 oz Fragrances,0.15 oz,$13.99,$20.00,https://www.jomashop.com/montblanc-mens-explorer-edp-spray-0-15-oz-fragrances-3386460101097.html
MONTBLANC,Explorer / Mont Blanc EDP Spray 1.0 oz (30 ml) (m),,,$75.00,https://www.jomashop.com/explorer-mont-blanc-edp-spray-1-0-oz-30-ml-m-exlmes1.html
MONTBLANC,Explorer / Mont Blanc EDP Spray 2.0 oz (60 ml) (m),,$36.95,$95.00,https://www.jomashop.com/explorer-mont-blanc-edp-spray-2-0-oz-60-ml-m-exlmes2.html
MONTBLANC,Men's Explorer EDP Spray 6.7 oz Fragrances,6.7 oz / 200 ml,$69.99,$158.00,https://www.jomashop.com/montblanc-mens-explorer-edp-spray-6-7-oz-fragrances-3386460118675.html
MONTBLANC,Explorer / .0 oz (150 ml) (m),Aftershave,$19.99,$50.00,https://www.jomashop.com/montblanc-exlmab5.html
MONTBLANC,Men's Explorer Discovery Kit Gift Set 3386460116848,,,,https://www.jomashop.com/montblanc-mens-explorer-gift-set-fragrances-3386460116848.html
MONTBLANC,Men's Explorer Ultra Blue Gift Set Fragrances,Gift Set,$44.99,$115.00,https://www.jomashop.com/montblanc-mens-explorer-gift-set-fragrances-3386460132275.html
MONTBLANC,Men's Explorer Gift Set Fragrances,Gift Set,$55.99,$118.00,https://www.jomashop.com/montblanc-mens-explorer-gift-set-fragrances-3386460139120.html
CREED,Ladies Aventus for Her EDP 0.05 oz Fragrances,0.05 oz,$12.99,$30.00,https://www.jomashop.com/creed-ladies-creed-aventus-for-her-edp-0-05-oz-fragrances-3508440501226.html
CREED,Aventus / EDP Spray 1.0 oz (30 ml) (w),1.0 oz / 30 ml,$164.99,$300.00,https://www.jomashop.com/creed-perfume-caves1.html
CREED,Ladies Aventus EDP Spray 2.5 (Tester) Fragrances,2.5 oz / 75 ml - Tester,$189.99,$445.00,https://www.jomashop.com/creed-ladies-aventus-edp-spray-2-5-tester-fragrances-3508445604663.html
CREED,Aventus / EDP Spray 2.5 oz (75 ml) (w),2.5 oz / 75 ml,$229.99,$445.00,https://www.jomashop.com/creed-perfume-caves25.html
CREED,Ladies Aventus for Her EDP Splash 8.11 oz Fragrances,8.11 oz,$593.99,,https://www.jomashop.com/creed-ladies-creed-aventus-for-her-edp-splash-8-11-oz-fragrances-3508440000552.html
CREED,Ladies Aventus For Her EDP Splash 16.9 oz Fragrances,16.9 oz / 500 ml,$705.99,"$1,470.00",https://www.jomashop.com/creed-ladies-creed-aventus-for-her-edp-splash-16-9-oz-fragrances-3508445002667.html
CREED,Ladies Aventus For Her Gift Set Fragrances,Gift Set,$164.99,$245.00,https://www.jomashop.com/creed-ladies-creed-aventus-for-her-gift-set-fragrances-3508440310668.html
BOND NO.9,Sutton Place / EDP Spray 3.3 oz (100 ml),,$194.99,$460.00,https://www.jomashop.com/bond-no-9-perfume-9sues33.html
ROJA PARFUMS,Men's Elysium EDP Spray 3.4 oz (100 ml),,$199.99,$365.00,https://www.jomashop.com/roja-parfums-unisex-elysium-edp-spray-3-4-oz-fragrances-5060399670272.html
AFNAN,Unisex Rare Reef EDP Spray 3.4 oz Fragrances,,$44.99,,https://www.jomashop.com/afnan-unisex-rare-reef-edp-spray-3-4-oz-fragrances-6290171076704.html
CREED,Men's Virgin Island Water EDP Spray 0.06 oz Fragrances,0.06 oz,$14.99,$22.00,https://www.jomashop.com/creed-mens-creed-virgin-island-water-edp-spray-0-06-oz-fragrances-3508440501189.html
CREED,Virgin Island Water / EDP Spray 1.7 oz (50 ml) (u),,,,https://www.jomashop.com/creed-perfume-cvies17.html
CREED,Virgin Island Water / EDP Spray 3.3 oz (100 ml) (u),3.3 oz / 100 ml,$280.99,$490.00,https://www.jomashop.com/creed-perfume-cvies33.html
CREED,Unisex Millesime Imperial EDP 0.08 oz Fragrances,0.08 oz,$13.99,$25.00,https://www.jomashop.com/creed-mens-creed-millesime-imperial-edp-0-08-oz-fragrances-3508440501011.html
CREED,Milleseme Imperial / EDP Spray 1.7 oz (50 ml) (u),1.7 oz / 50 ml,$209.99,$360.00,https://www.jomashop.com/creed-perfume-cmies17.html
CREED,Unisex Millesime Imperial EDP Spray 3.4 oz (Tester) (100 ml),3.4 oz / 100 ml - Tester,$224.99,$490.00,https://www.jomashop.com/creed-unisex-millesime-imperial-edp-spray-3-4-oz-tester-fragrances-3508440561039.html
CREED,Millesime Imperial / EDP Spray 3.3 oz (100 ml) (u),3.3 oz / 100 ml,$280.99,$490.00,https://www.jomashop.com/creed-perfume-cmies33.html
DUMONT,Men's Nitro Red EDP Spray 3.4 oz Fragrances,,$32.99,$75.00,https://www.jomashop.com/dumont-mens-nitro-red-edp-spray-3-4-oz-fragrances-3760060761880.html
LATTAFA,Unisex Art Of Universe EDP Spray 3.4 oz Fragrances,,$44.99,$95.00,https://www.jomashop.com/lattafa-unisex-art-of-universe-edp-spray-3-4-oz-fragrances-6290360592206.html
AMOUAGE,Ladies Love Delight EDP 3.4 oz Fragrances,,$224.50,$380.00,https://www.jomashop.com/amouage-ladies-love-delight-edp-3-4-oz-fragrances-701666410973.html
ARMAF,Ladies Club De Nuit EDP Spray 3.6 oz (105 ml),3.6 oz,$21.95,$95.00,https://www.jomashop.com/armaf-ladies-club-de-nuit-edp-spray-3-6-oz-fragrances-6085010094151.html
DOLCE & GABBANA,Men's Light Blue Capri In Love EDP Spray 3.4 oz Fragrances,,$64.99,$144.00,https://www.jomashop.com/dolce-and-gabbana-mens-light-blue-capri-in-love-edp-spray-3-4-oz-fragrances-8054754407280.html
PARFUMS DE MARLY,Layton Eau de Parfum Fragrances 2.5 oz (75 ml),2.5 oz / 75 ml,$261.00,$290.00,https://www.jomashop.com/parfums-de-marly-layton-eau-de-parfum-fragrances-75ml-2-5-oz-3700578518125.html
PARFUMS DE MARLY,Men's Layton EDP Spray 4.2 oz (125 ml),4.2 oz / 125 ml,See price in cart,$400.00,https://www.jomashop.com/parfums-de-marly-mens-layton-edp-spray-4-2-oz-fragrances-3700578518002.html
PARFUMS DE MARLY,Men's Layton EDP Spray 6.8 oz (200 ml),6.8 oz / 200 ml,$490.50,$545.00,https://www.jomashop.com/parfums-de-marly-mens-layton-edp-spray-6-8-oz-fragrances-3700578503206.html
PARFUMS DE MARLY,Layton Royal Essence Cologne 3 x .34 oz EDP Sprays Travel Set for Men,Gift Set,$189.00,$210.00,https://www.jomashop.com/parfums-de-marly-layton-royal-essence-cologne-3-x-34-oz-edp-sprays-travel-set-for-men-3700578518170.html
SOSPIRO,Unisex Dolce Melodia EDP Spray 3.4 oz Fragrances,,$194.99,$350.00,https://www.jomashop.com/sospiro-unisex-dolce-melodia-edp-spray-3-4-oz-fragrances-3700583501372.html
LATTAFA,Men's Asad Bourbon EDP Spray 3.4 oz Fragrances,,$34.99,$85.00,https://www.jomashop.com/lattafat-mens-asad-bourbon-3-4-oz-fragrances-6290362340362.html
LATTAFA,Men's Fakhar EDP Spray 3.4 oz Fragrances,3.4 oz,$20.99,$79.00,https://www.jomashop.com/lattafa-mens-fakhar-edp-spray-3-4-oz-fragrances-6291107456058.html
LATTAFA,Unisex Fakhar Silver Air Freshener 10 oz Fragrances,Room Spray,$9.99,$30.00,https://www.jomashop.com/lattafa-unisex-fakhar-silver-air-freshener-10-oz-fragrances-6291108735145.html
AMOUAGE,Men's Interlude Black Iris Eau de Parfum Cologne 3.3 oz/ 100 ml,,$194.50,$380.00,https://www.jomashop.com/amouage-mens-interlude-black-iris-eau-de-parfum-cologne-3-3-oz-100-ml-701666315964.html
YVES SAINT LAURENT,Men's Y Eau de Parfum Intense EDP Spray 0.04 oz Fragrances 3614273898430,,,,https://www.jomashop.com/yves-saint-laurent-mens-y-intense-edp-spray-0-04-oz-fragrances-3614273898430.html
YVES SAINT LAURENT,Men's Y Eau de Parfum Intense EDP Spray 0.33 oz Fragrances,0.33 oz / 10 ml,$40.99,$45.00,https://www.jomashop.com/yves-saint-laurent-mens-y-eau-de-parfum-intense-edp-spray-0-33-oz-fragrances-3614273898447.html
YVES SAINT LAURENT,Men's Y Eau de Parfum Intense EDP Spray 2.0 oz Fragrances,2.0 oz / 60 ml,$74.99,$150.00,https://www.jomashop.com/yves-saint-laurent-mens-y-eau-de-parfum-intense-edp-spray-2-0-oz-fragrances-3614273898461.html
YVES SAINT LAURENT,Men's Y Eau de Parfum Intense EDP Spray 3.38 oz Fragrances,3.4 oz / 100 ml,$99.99,$180.00,https://www.jomashop.com/yves-saint-laurent-mens-y-intense-edp-spray-3-38-oz-fragrances-3614273898478.html
MIND GAMES,Unisex Gambit Extrait de Parfum Spray 3.4 oz Fragrances,,$309.99,$395.00,https://www.jomashop.com/mind-games-unisex-gambit-extrait-de-parfum-spray-3-4-oz-fragrances-850034671642.html
VERSACE,Mini Set / Signature Homme 3 Pc. Set (m),Gift Set,$19.99,$75.00,https://www.jomashop.com/versace-beauty-and-personal-care-m3vsi1.html
VERSACE,Men's Pour Homme Deodorant Stick 2.5 oz Bath & Body,Deodorant,$24.99,$45.00,https://www.jomashop.com/versace-mens-pour-homme-deodorant-stick-2-5-oz-bath-body-8011003816743.html
VERSACE,Signature Homme / Deodorant Spray 3.4 oz (100 ml) (m),Deodorant,$35.99,$65.00,https://www.jomashop.com/versace-bath-body-vsimds34-3-4oz.html
VERSACE,Men's Pour Homme Gift Set Fragrances,Gift Set,$44.99,,https://www.jomashop.com/versace-mens-pour-homme-gift-set-fragrances-8011003879311.html
VERSACE,Signature Homme by Set (m),Gift Set,$46.99,$92.00,https://www.jomashop.com/versace-beauty-and-personal-care-vsim2.html
VERSACE,Men's Pour Homme 3.4 oz Gift Set Fragrances,Gift Set,$64.99,$125.00,https://www.jomashop.com/versace-mens-versace-pour-homme-3-4-oz-gift-set-fragrances-8011003854523.html
VERSACE,Signature Homme by EDT Mini 0.17 oz (5.0 ml) (m),0.17 oz,$13.99,$30.00,https://www.jomashop.com/versace-perfume-vsimtm.html
NISHANE,Men's Hundred Silent Ways Extrait de Parfum Spray 1.7 oz Fragrances,1.7 oz / 50 ml,$128.99,$250.00,https://www.jomashop.com/nishane-hundred-silent-ways-1-7-oz-edp-spray-8681008055586.html
NISHANE,Unisex Hundred Silent Ways Extrait de Parfum Spray 3.4 oz Fragrances,3.4 oz / 100 ml,$170.00,$380.00,https://www.jomashop.com/nishane-hundred-silent-ways-3-4-oz-edp-spray-8681008055173.html
DOLCE & GABBANA,Men's Light Blue EDT Splash 0.15 oz Fragrances 8057971183555,,,,https://www.jomashop.com/dolce-and-gabbana-mens-light-blue-edt-splash-0-15-oz-fragrances-8057971183555.html
DOLCE & GABBANA,Men's Light Blue EDT Spray 0.33 oz Fragrances,0.33 oz / 10 ml,$19.99,$40.00,https://www.jomashop.com/dolce-and-gabbana-mens-light-blue-edt-spray-0-33-oz-fragrances-8057971183050.html
DOLCE & GABBANA,Men's Light Blue EDT 1.3 oz Fragrances,1.3 oz,$32.99,$73.00,https://www.jomashop.com/dolce-and-gabbana-mens-light-blue-edt-1-3-oz-fragrances-8057971180387.html
DOLCE & GABBANA,Men's Light Blue EDT Spray 1.7 oz Fragrances 8057971188109,0.15 oz,$44.99,,https://www.jomashop.com/dolce-and-gabbana-mens-light-blue-edt-spray-1-7-oz-fragrances-8057971188109.html
DOLCE & GABBANA,Men's Light Blue EDT Spray 4.2 oz (Tester),4.2 oz / 125 ml - Tester,$44.99,$114.00,https://www.jomashop.com/dolce-gabbana-light-blue-tester-4-2-edt-sp-for-men-3423473026747.html
DOLCE & GABBANA,Light Blue Pour Homme / EDT Spray 2.5 oz (75 ml) (m),2.5 oz / 75 ml,$51.99,$86.00,https://www.jomashop.com/d-g-perfume-ligmts25b.html
DOLCE & GABBANA,Men's Light Blue EDT Spray 3.4 oz Fragrances,3.4 oz / 100 ml,$54.99,$125.00,https://www.jomashop.com/dolce-and-gabbana-mens-light-blue-edt-spray-3-4-oz-fragrances-8057971188116.html
DOLCE & GABBANA,Light Blue Pour Homme / EDT Spray 4.2 oz (m),4.2 oz / 125 ml,$59.99,$166.00,https://www.jomashop.com/dolce-and-gabbana-perfume-ligmts42-a.html
DOLCE & GABBANA,Men's Light Blue Gift Set Fragrances,Gift Set,$54.99,,https://www.jomashop.com/dolce-and-gabbana-mens-light-blue-gift-set-fragrances-8057971187461.html
CAROLINA HERRERA,Men's Bad Boy Cobalt EDP 0.34 oz Fragrances,0.34 oz,$21.99,$38.00,https://www.jomashop.com/carolina-herrera-mens-bad-boy-cobalt-edp-0-34-oz-fragrances-8411061046906.html
CAROLINA HERRERA,Men's Bad Boy Cobalt EDP Spray 3.38 oz (Tester) Fragrances,3.38 oz / 100 ml - Tester,$74.99,$158.00,https://www.jomashop.com/carolina-herrera-mens-bad-boy-cobalt-edp-spray-3-38-oz-tester-fragrances-8411061027844.html
CAROLINA HERRERA,Men's Bad Boy Cobalt EDP Spray 1.7 oz Fragrances,1.7 oz / 50 ml,$84.99,$111.00,https://www.jomashop.com/carolina-herrera-mens-bad-boy-cobalt-edp-spray-1-7-oz-fragrances-8411061027813.html
CAROLINA HERRERA,Men's Bad Boy Cobalt EDP 3.4 oz Fragrances,3.4 oz / 100 ml,$89.99,$142.00,https://www.jomashop.com/carolina-herrera-mens-bad-boy-cobalt-edp-3-4-oz-fragrances-8411061027837.html
CAROLINA HERRERA,Men's Bad Boy Cobalt 5.1 oz EDP Fragrances,5.1 oz,$114.99,$179.00,https://www.jomashop.com/carolina-herrera-mens-bad-boy-cobalt-edp-fragrances-8411061027820.html
CREED,Ladies Carmina EDP .06 oz Fragrances,0.06 oz,$14.99,$30.00,https://www.jomashop.com/creed-ladies-carmina-edp-06-oz-fragrances-3508440251466.html
CREED,Ladies Carmina EDP Spray 1.0 oz Fragrances,1.0 oz / 30 ml,$179.99,$300.00,https://www.jomashop.com/creed-ladies-carmina-edp-spray-1-0-oz-fragrances-3508440251428.html
CREED,Ladies Carmina EDP Spray 2.5 oz No Cap (Tester) Fragrances,2.5 oz / 75 ml - Tester,$234.99,$445.00,https://www.jomashop.com/creed-ladies-carmina-edp-spray-2-5-oz-tester-fragrances-3508440251442.html
CREED,Ladies Carmina EDP Spray 2.5 oz Fragrances,2.5 oz / 75 ml,$289.25,$445.00,https://www.jomashop.com/creed-ladies-carmina-edp-spray-2-5-oz-fragrances-3508440251435.html
BURBERRY,Ladies Her Elixir EDP Spray 1.01 oz Fragrances,1.01 oz,$64.99,$99.00,https://www.jomashop.com/burberry-ladies-her-elixir-edp-spray-1-01-oz-fragrances-3616304061929.html
BURBERRY,Ladies Her Elixir EDP Spray 1.69 oz Fragrances,1.69 oz,$89.99,$155.00,https://www.jomashop.com/burberry-ladies-her-elixir-edp-spray-1-69-oz-fragrances-3616304061936.html
BURBERRY,Ladies Her Elixir De Parfum Intense EDP 3.4 oz (Tester) Fragrances,3.4 oz / 100 ml - Tester,$94.99,$175.93,https://www.jomashop.com/burberry-ladies-burberry-her-elixir-de-parfum-intense-edp-3-4-oz-tester-fragrances-3616304061950.html
BURBERRY,Ladies Her Elixir EDP 3.4 oz Fragrances,3.4 oz,$114.99,$180.00,https://www.jomashop.com/burberry-ladies-her-elixir-edp-3-4-oz-fragrances-3616304061943.html
MIND GAMES,Unisex Double Attack Extrait de Parfum Spray 3.4 oz Fragrances,,$309.99,$395.00,https://www.jomashop.com/mind-games-unisex-double-attack-extrait-de-parfum-spray-3-4-oz-fragrances-850034671246.html
TIZIANA TERENZI,Unisex Vittoriale 2022 EDP 3.4 oz Fragrances,,$149.99,$500.00,https://www.jomashop.com/tiziana-terenzi-unisex-vittoriale-2022-edp-3-4-oz-fragrances-8016741102684.html
BOND NO.9,Unisex New York Nights EDP Spray 1.7 oz Fragrances,1.7 oz / 50 ml,$164.00,$335.00,https://www.jomashop.com/bond-no-9-unisex-new-york-nights-edp-spray-1-7-oz-fragrances-888874005815.html
BOND NO.9,New York Nights / EDP Spray 3.3 oz (100 ml) (U),3.3 oz / 100 ml,$279.99,$529.00,https://www.jomashop.com/new-york-nights-bond-no-9-edp-spray-3-3-oz-100-ml-u-888874005853.html
PARIS CORNER,Unisex Rifaaqat EDP Spray 2.87 oz Fragrances,,$24.99,$55.00,https://www.jomashop.com/paris-corner-unisex-rifaaqat-edp-spray-2-87-oz-fragrances-6291112131452.html
THE HARMONIST,Unisex Hypnotizing Fire Parfum 1.7 oz Fragrances,,$214.99,$320.00,https://www.jomashop.com/the-harmonist-unisex-the-harmonist-hypnotizing-fire-parfum-1-7-oz-fragrances-3760284780629.html
BOND NO.9,Madison Avenue / EDP Spray 1.7 oz (50 ml) (w),1.7 oz / 50 ml,$170.99,$335.00,https://www.jomashop.com/bond-no-9-perfume-9mves17.html
BOND NO.9,Madison Avenue / EDP Spray 3.3 oz (100 ml) (w),3.3 oz / 100 ml,$179.50,$450.00,https://www.jomashop.com/bond-no-9-perfume-9mves33.html
MERCEDES-BENZ,For Men EDT Spray 0.68 oz Fragrances,0.68 oz,$11.99,$45.00,https://www.jomashop.com/mercedes-benz-mens-mercedes-benz-club-black-edt-spray-0-68-oz-fragrances-3595471021939.html
MERCEDES-BENZ,Men's Club Black EDT Spray 1.7 oz Fragrances,1.7 oz / 50 ml,$29.99,$68.00,https://www.jomashop.com/mercedes-benz-mens-club-black-edt-spray-1-7-oz-fragrances-3595471041203.html
MERCEDES-BENZ,Men's Club Black EDT 3.4 oz Fragrances,3.4 oz / 100 ml,$46.99,$85.00,https://www.jomashop.com/mercedes-benz-mens-mercedes-benz-club-black-edt-3-4-oz-fragrances-3595471041197.html
GISADA,Men's Ambassador EDP Spray 0.05 oz Fragrances,0.05 oz,$9.99,,https://www.jomashop.com/gisada-mens-ambassador-edp-spray-0-05-oz-fragrances-7640164030449.html
GISADA,Men's Ambassador EDP Spray 3.4 oz Fragrances,3.4 oz / 100 ml,$74.99,$130.00,https://www.jomashop.com/gisada-mens-ambassador-edp-spray-3-4-oz-fragrances-7640164030418.html
ARMAF,Ladies Club De Nuit Maleka EDP Spray 3.38 oz (Tester) Fragrances 0,3.38 oz / 100 ml - Tester,$34.00,$85.00,https://www.jomashop.com/armaf-ladies-club-de-nuit-maleka-edp-spray-3-38-oz-tester-fragrances-0-604320125985-0604320125985.html
ARMAF,Ladies Club De Nuit Maleka EDP Spray 3.4 oz Fragrances,3.4 oz / 100 ml,$39.99,$85.00,https://www.jomashop.com/armaf-ladies-club-de-nuit-maleka-edp-spray-3-4-oz-fragrances-6295199801116.html
BYREDO,Unisex Mojave Ghost EDP Spray 1.7 oz (50 ml),1.7 oz / 50 ml,$185.00,$225.00,https://www.jomashop.com/byredo-unisex-mojave-ghost-edp-spray-1-7-oz-fragrances-7340032860733.html
BYREDO,Unisex Mojave Ghost EDP Spray 3.4 oz Fragrances,3.4 oz / 100 ml,$224.99,$320.00,https://www.jomashop.com/byredo-unisex-mojave-ghost-edp-spray-3-4-oz-fragrances-7340032860740.html
DOLCE & GABBANA,Light Blue Eau Intense / EDP Spray 1.6 oz (50 ml) (m),1.6 oz / 50 ml,$49.99,$112.00,https://www.jomashop.com/dolce-and-gabbana-perfume-lbimes16.html
DOLCE & GABBANA,Men's Light Blue Eau Intense EDP Spray 3.38 oz (Tester) Fragrances,3.38 oz / 100 ml - Tester,$55.99,$136.00,https://www.jomashop.com/dolce-and-gabbana-mens-light-blue-intense-edp-spray-3-38-oz-tester-fragrances-8057971181414.html
DOLCE & GABBANA,Light Blue Eau Intense / EDP Spray 3.3 oz (100 ml) (m),3.3 oz / 100 ml,$74.99,$136.00,https://www.jomashop.com/dolce-and-gabbana-perfume-lbimes33.html
DOLCE & GABBANA,Light Blue Eau Intense / EDP Spray 6.7 oz (200 ml) (m),6.7 oz / 200 ml,$79.99,$190.00,https://www.jomashop.com/dolce-and-gabbana-perfume-lbimes67b-a.html
AZZARO,Men's The Most Wanted Intense EDP Spray 1.7 oz Fragrances,1.7 oz / 50 ml,$50.25,$125.00,https://www.jomashop.com/azzaro-mens-the-most-wanted-intense-edp-spray-1-7-oz-fragrances-3614273521345.html
GIORGIO ARMANI,Armani Code / Parfum Spray 0.5 oz (15 ml) (M),0.5 oz / 15 ml,$24.99,$35.00,https://www.jomashop.com/armani-code-giorgio-armani-parfum-spray-0-5-oz-15-ml-m-3614273604840.html
GIORGIO ARMANI,Men's Code Parfum 1 oz Fragrances 3614274298024,1 oz,$54.99,,https://www.jomashop.com/giorgio-armani-mens-code-parfum-1-oz-fragrances-3614274298024.html
GIORGIO ARMANI,Men's Armani Code Parfum Refillable Spray 2.5 oz (Tester) Fragrances,2.5 oz / 75 ml - Tester,$79.99,$160.00,https://www.jomashop.com/giorgio-armani-ladies-my-way-parfum-spray-refillable-3-oz-fragrances-3614273604857.html
GIORGIO ARMANI,Men's Armani Code Parfum Spray 2.5 oz Fragrances,2.5 oz / 75 ml,$83.99,$170.00,https://www.jomashop.com/giorgio-armani-mens-armani-code-parfum-edp-spray-2-5-oz-fragrances-3614273604833.html
GIORGIO ARMANI,Men's Refill Armani Code Parfum 5.1 oz Fragrances,5.1 oz,$104.99,$180.00,https://www.jomashop.com/giorgio-armani-mens-refill-armani-code-parfum-edp-5-1-oz-fragrances-3614273604895.html
GIORGIO ARMANI,Men's Armani Code Parfum Spray 4.2 oz Fragrances,4.2 oz,$114.99,$198.00,https://www.jomashop.com/giorgio-armani-mens-armani-code-parfum-edp-spray-4-2-oz-fragrances-3614273604932.html
EX NIHILO,Unisex Fleur Narcotique Extrait de Parfum 3.4 oz Fragrances,,$299.99,$440.00,https://www.jomashop.com/ex-nihilo-unisex-fleur-narcotique-extrait-de-parfum-3-4-oz-fragrances-3760264095088.html
XERJOFF,Unisex ATP Torino 22 EDP 1.7 oz,1.7 oz / 50 ml,$150.00,$215.00,https://www.jomashop.com/xerjoff-unisex-atp-torino-22-edp-1-7-oz-fragrances-8054320901877.html
XERJOFF,Unisex Join The Club Torino 22 EDP Spray 1.69 oz (Tester) Fragrances 8054320903130,,,,https://www.jomashop.com/xerjoff-unisex-join-the-club-torino-21-edp-spray-1-69-oz-tester-fragrances-8054320903130.html
DUMONT,Men's Nitro White EDP Spray 3.4 oz Fragrances,,$29.99,$75.00,https://www.jomashop.com/dumont-mens-nitro-white-edp-spray-3-4-oz-fragrances-3760060764171.html
VALENTINO GARAVANI,Ladies Donna Born In Roma Green Stravaganza EDP Spray 0.2 oz Fragrances,0.2 oz,$24.99,$35.00,https://www.jomashop.com/valentino-ladies-donna-born-in-roma-green-stravaganza-edp-spray-0-2-oz-fragrances-3614274046229.html
VALENTINO GARAVANI,Ladies Born In Roma Green Stravaganza EDP Spray 1.0 oz Fragrances,1.0 oz / 30 ml,$69.99,$92.00,https://www.jomashop.com/valentino-ladies-born-in-roma-green-stravaganza-edp-spray-1-0-oz-fragrances-3614274024777.html
VALENTINO GARAVANI,Ladies Born In Roma Green Stravaganza EDP Spray 3.4 oz (Tester) Fragrances,3.4 oz / 100 ml - Tester,$104.99,$165.00,https://www.jomashop.com/valentino-ladies-born-in-roma-green-stravaganza-edp-spray-3-4-oz-tester-fragrances-3614274046168.html
VALENTINO GARAVANI,Ladies Born In Roma Green Stravaganza EDP Spray 3.4 oz Fragrances,3.4 oz / 100 ml,$109.99,$170.00,https://www.jomashop.com/valentino-ladies-born-in-roma-green-stravaganza-edp-spray-3-4-oz-fragrances-3614274024760.html
VALENTINO GARAVANI,Ladies Born in Roma Green Stravaganza EDT Spray 1.7 oz Fragrances,1.7 oz / 50 ml,$89.93,$135.00,https://www.jomashop.com/valentino-ladies-born-in-roma-green-stravaganza-edt-spray-1-7-oz-fragrances-3614274024753.html
DOLCE & GABBANA,Light Blue Eau Intense / Dolce and Gabbana EDP Spray 0.85 oz (25 ml) (w),,,,https://www.jomashop.com/dolce-and-gabbana-lbies08.html
DOLCE & GABBANA,Light Blue Eau Intense / EDP Spray 1.6 oz (50 ml) (w),1.6 oz / 50 ml,$48.99,$102.00,https://www.jomashop.com/dolce-and-gabbana-perfume-lbies16-a.html
DOLCE & GABBANA,Ladies Light Blue Eau Intense EDP Spray 3.3 oz (Tester) Fragrances,3.3 oz / 100 ml - Tester,$49.99,$128.00,https://www.jomashop.com/dolce-and-gabbana-ladies-light-blue-eau-intense-edp-spray-3-3-oz-tester-fragrances-8057971181360.html
DOLCE & GABBANA,Light Blue Eau Intense / EDP Spray 3.3 oz (100 ml) (w),3.3 oz / 100 ml,$59.99,$128.00,https://www.jomashop.com/dolce-and-gabbana-perfume-lbies33-a.html
JEAN PAUL GAULTIER,Men's Ultra Male EDT Spray 4.2 oz,4.2 oz,$104.99,$135.00,https://www.jomashop.com/jean-paul-gaultier-mens-ultra-male-edt-spray-4-2-oz-fragrances-8435415012027.html
JEAN PAUL GAULTIER,Men's Ultra Male EDT Spray 6.8 oz Fragrances,6.8 oz / 200 ml,$164.99,$168.00,https://www.jomashop.com/jean-paul-gaultier-mens-ultra-male-edt-spray-6-8-oz-fragrances-8435415014328.html
YVES SAINT LAURENT,Men's Y Le Parfum Parfum 2.0 oz Fragrances,2.0 oz / 60 ml,$86.99,$165.00,https://www.jomashop.com/yves-saint-laurent-mens-y-le-parfum-parfum-2-0-oz-fragrances-3614274266818.html
YVES SAINT LAURENT,Men's Y Le Parfum 2025 Parfum 3.4 oz Fragrances,3.4 oz / 100 ml,$119.99,$196.00,https://www.jomashop.com/yves-saint-laurent-mens-y-le-parfum-2025-parfum-3-4-oz-fragrances-3614274266801.html
AMOUAGE,Ladies Love Tuberose EDP 3.4 oz,,$209.50,$380.00,https://www.jomashop.com/amouage-ladies-love-tuberose-edp-3-4-oz-fragrances-701666410621.html
AMOUAGE,Ladies Blossom Love EDP 3.4 oz Fragrances,,$184.50,$380.00,https://www.jomashop.com/amouage-ladies-blossom-love-edp-3-4-oz-fragrances-701666410614.html
GUCCI,Unisex Intense Oud EDP 3.0 oz Fragrances,,$114.99,$240.00,https://www.jomashop.com/gucci-unisex-intense-oud-edp-3-0-oz-fragrances-730870179710.html
GIORGIO ARMANI,Men's Acqua Di Gio pour Homme 0.5 oz Fragrances,0.5 oz / 15 ml,$24.99,$45.00,https://www.jomashop.com/giorgio-armani-mens-acqua-di-gio-pour-homme-fragrances-3614271576132.html
GIORGIO ARMANI,Acqua Di Gio Men by EDT Spray 1.0 oz,1.0 oz / 30 ml,$39.99,$59.00,https://www.jomashop.com/acqua-di-gio-men-by-giorgio-armani-edt-spray-1-0-oz-acumts1.html
GIORGIO ARMANI,Men's Acqua Di Gio EDT Spray 3.4 oz (Tester),3.4 oz / 100 ml - Tester,$54.99,$120.00,https://www.jomashop.com/giorgio-armani-mens-acqua-di-gio-edt-spray-3-4-oz-tester-fragrances-3360372728313.html
GIORGIO ARMANI,Acqua Di Gio Men / EDT Spray 1.7 oz (m) (50 ml),1.7 oz / 50 ml,$54.99,$94.00,https://www.jomashop.com/giorgio-armani-acumts17-a.html
GIORGIO ARMANI,Men's Acqua Di Gio EDT Spray 1.7 oz Fragrances,1.7 oz / 50 ml,$55.00,$79.00,https://www.jomashop.com/giorgio-armani-mens-acqua-di-gio-edt-spray-1-7-oz-fragrances-3614273955553.html
GIORGIO ARMANI,Acqua Di Gio Men / EDT Spray 3.3 oz (m),3.3 oz / 100 ml,$64.99,$130.00,https://www.jomashop.com/giorgio-armani-acumts33-a.html
GIORGIO ARMANI,Men's Acqua Di Gio EDT Duo Fragrances,1.0 oz / 30 ml,$78.99,$120.00,https://www.jomashop.com/giorgio-armani-mens-acqua-di-gio-edt-duo-fragrances-3360372119562.html
DOLCE & GABBANA,Ladies Light Blue EDT Spray 0.84 oz (Tester) Fragrances,0.84 oz - Tester,$22.99,$60.00,https://www.jomashop.com/dolce-and-gabbana-ladies-light-blue-edt-spray-0-84-oz-tester-fragrances-517502907794.html
DOLCE & GABBANA,Ladies Light Blue EDT Spray 0.85 oz,0.85 oz,$29.99,$78.00,https://www.jomashop.com/dolce-and-gabbana-ladies-light-blue-edt-spray-0-85-oz-fragrances-3423473020257.html
DOLCE & GABBANA,Ladies Light Blue EDT Spray 1.0 oz Fragrances,1.0 oz / 30 ml,$32.99,$89.00,https://www.jomashop.com/dolce-and-gabbana-ladies-light-blue-edt-spray-1-0-oz-fragrances-8057971188178.html
DOLCE & GABBANA,Light Blue / EDT Spray 1.6 oz (w),1.6 oz,$34.99,$98.00,https://www.jomashop.com/dolce-and-gabbana-perfume-ligts17.html
DOLCE & GABBANA,Ladies Light Blue EDT 3.4 oz (Tester) Fragrances,3.4 oz / 100 ml - Tester,$39.99,$135.00,https://www.jomashop.com/dolce-gabbana-ladies-light-blue-tester-edt-3-4-oz-fragrances-3423473026709.html
DOLCE & GABBANA,Light Blue / EDT Spray 3.3 oz (w),3.3 oz,$51.99,$146.00,https://www.jomashop.com/dolce-and-gabbana-perfume-ligts33.html
DOLCE & GABBANA,Ladies Light Blue EDT 6.7 oz Fragrances,6.7 oz / 200 ml,$74.99,$198.00,https://www.jomashop.com/dolce-and-gabbana-ladies-light-blue-edt-6-7-oz-fragrances-8057971180325.html
DOLCE & GABBANA,Ladies Light Blue Gift Set Fragrances,Gift Set,$69.99,$118.00,https://www.jomashop.com/dolce-and-gabbana-ladies-light-blue-gift-set-fragrances-8057971187430.html
GIARDINI DI TOSCANA,Unisex Bianco Latte EDP Spray 3.4 oz Fragrances,3.4 oz / 100 ml,$159.99,,https://www.jomashop.com/giardini-di-toscana-unisex-bianco-latte-edp-spray-3-4-oz-fragrances-8057509460028.html
GIARDINI DI TOSCANA,Unisex Bianco Latte 8.4 oz Fragrances,Lotions & Creams,$109.99,,https://www.jomashop.com/giardini-di-toscana-unisex-bianco-latte-8-4-oz-fragrances-8057509460370.html
JO MILANO,Unisex Game Of Spades Royale Parfum 3.4 oz Fragrances,,$61.99,$220.00,https://www.jomashop.com/jo-malone-london-unisex-game-of-spades-royale-parfum-spray-fragrances-860009248670.html
PACO RABANNE,Men's One Million Elixir Parfum Spray 0.17 oz Fragrances 3349668601059,,,,https://www.jomashop.com/paco-rabanne-mens-one-million-elixir-parfum-spray-0-17-oz-fragrances-3349668601059.html
PACO RABANNE,Men's One Million Elixir Intense EDP Spray 1.7 oz Fragrances,,$63.99,$114.00,https://www.jomashop.com/paco-rabanne-mens-one-million-elixir-intense-edp-spray-1-7-oz-fragrances-3349668601073.html
PACO RABANNE,Men's One Million Elixir Intense EDP Spray 3.38 oz (Tester) Fragrances 0,3.38 oz / 100 ml - Tester,$79.99,$150.00,https://www.jomashop.com/paco-rabanne-mens-one-million-elixir-intense-edp-spray-3-38-oz-tester-fragrances-0-620358745968-0620358745968.html
PACO RABANNE,- One Million Elixir Eau De Parfum Intense Spray 100ml / 3.4oz,3.4 oz / 100 ml,$94.99,$150.00,https://www.jomashop.com/paco-rabanne-one-million-elixir-eau-de-parfum-intense-spray-100ml-3-4oz-3349668600304.html
JEAN PAUL GAULTIER,Men's Le Male Le Parfum EDP Spray 4.2 oz (Tester) Fragrances,4.2 oz / 125 ml - Tester,$104.99,$146.00,https://www.jomashop.com/jean-paul-gaultier-mens-le-male-le-parfum-edp-spray-4-2-oz-tester-fragrances-8435415032285.html
ARMAF,Men's Club De Nuit Blue Iconic EDP Spray 1.0 oz Fragrances,1.0 oz / 30 ml,$23.99,$45.00,https://www.jomashop.com/armaf-mens-club-de-nuit-blue-iconic-edp-spray-1-0-oz-fragrances-6294015169935.html
ARMAF,Men's Club De Nuit Blue Iconic EDP Spray 3.6 oz Fragrances,3.6 oz,$39.99,$125.00,https://www.jomashop.com/armaf-mens-club-de-nuit-blue-iconic-edp-spray-3-6-oz-fragrances-6294015164152.html
ARMAF,Club De Nuit Blue Iconic EDP 6.8 oz Fragrances,6.8 oz / 200 ml,$64.99,$160.00,https://www.jomashop.com/armaf-club-de-nuit-blue-iconic-edp-6-8-oz-fragrances-6294015164299-35187.html
ARMAF,Men's Club De Nuit Iconic Body Spray 6.7 oz Fragrances,Body Spray,$9.99,,https://www.jomashop.com/armaf-mens-club-de-nuit-iconic-body-spray-6-7-oz-fragrances-6295199802373.html
VERSACE,Ladies Bright Crystal EDT 0.03 oz Fragrances,0.03 oz,$8.99,$12.00,https://www.jomashop.com/versace-ladies-bright-crystal-edt-0-03-oz-fragrances-8011003809783.html
VERSACE,Bright Crystal by EDT Mini 0.17 oz (5.0 ml) (w),0.17 oz,$13.99,$30.00,https://www.jomashop.com/versace-perfume-brct017.html
VERSACE,Bright Crystal / EDT Spray 1.0 oz (W),1.0 oz,$29.95,$70.00,https://www.jomashop.com/versace-perfume-brcts1.html
VERSACE,Bright Crystal by EDT Spray 3.0 oz (90 ml) (Tester),3.0 oz / 90 ml - Tester,$35.99,$110.00,https://www.jomashop.com/versace-brcts3t.html
VERSACE,Bright Crystal by Eau de Toilette Spray for Women 1.7 Oz (W),1.7 oz,$37.99,$92.00,https://www.jomashop.com/versace-brcts17.html
VERSACE,Bright Crystal / EDT Spray 3.0 oz (w),3.0 oz,$49.99,$110.00,https://www.jomashop.com/bright-crystal-versace-edt-spray-3-0-oz-w-8011003993826.html
VERSACE,Ladies Bright Crystal EDT Spray 6.8 oz (200 ml),6.8 oz / 200 ml,$79.00,$155.00,https://www.jomashop.com/versace-ladies-bright-crystal-edt-spray-6-8-oz-fragrances-8011003817498.html
TOM FORD,Unisex Ombre Leather Parfum Spray 3.4 oz Fragrances,3.4 oz / 100 ml,$165.00,$300.00,https://www.jomashop.com/tom-ford-unisex-ombre-leather-edp-spray-3-4-oz-fragrances-888066117692.html
COACH,Men's for Men Eau de Parfum EDP Spray 0.15 oz Fragrances,0.15 oz,$17.00,$30.00,https://www.jomashop.com/coach-mens-coach-for-men-eau-de-parfum-edp-spray-4-5-oz-fragrances-3386460160506.html
COACH,Men's for Men Eau de Parfum EDP Spray 1.3 oz Fragrances,1.3 oz,$39.99,,https://www.jomashop.com/coach-mens-coach-for-men-eau-de-parfum-edp-spray-1-3-oz-fragrances-3386460154291.html
COACH,Men's for Men Eau de Parfum EDP 3.4 oz Fragrances,3.4 oz / 100 ml,$69.99,$130.00,https://www.jomashop.com/coach-mens-coach-for-men-eau-de-parfum-edp-3-4-oz-fragrances-3386460154277.html
KHADLAJ,Ladies Cream Velvet Extrait de Parfum Spray 3.4 oz Fragrances,,$34.99,,https://www.jomashop.com/khadlaj-ladies-cream-velvet-extrait-de-parfum-spray-3-4-oz-fragrances-6291107978819.html
TOM FORD,Noir Extreme by EDP Spray 1.7 oz (50 ml) (m),1.7 oz / 50 ml,$99.99,$150.00,https://www.jomashop.com/tom-ford-perfume-tnemes17.html
TOM FORD,Noir Extreme / EDP Spray 3.4 oz (100 ml) (m),3.4 oz / 100 ml,$139.99,$240.00,https://www.jomashop.com/tom-ford-perfume-tnemes34-q.html
TOM FORD,Men's Noir Extreme EDP 5.0 oz Fragrances,5.0 oz / 150 ml,$199.99,$280.00,https://www.jomashop.com/tom-ford-mens-noir-extreme-edp-5-0-oz-fragrances-888066130714.html
TOM FORD,Noir Extreme / Body Spray 5.0 oz (150 ml) (M),Body Spray,$59.99,$65.00,https://www.jomashop.com/tom-ford-noir-extreme-tom-ford-body-spray-5-0-oz-150-ml-m-888066077446.html
AL HARAMAIN,Unisex Amber Oud Gold Edition EDP Spray 4.0 oz Fragrances,4.0 oz,$43.99,$225.00,https://www.jomashop.com/al-haramain-unisex-amber-oud-gold-editon-edp-spray-4-oz-fragrances-6291100130498.html
BOND NO.9,Governors Island / EDP Spray 3.4 oz (100 ml) (u),,$179.99,$450.00,https://www.jomashop.com/bond-no-9-fragrances-9goves34-3-4oz.html
TIZIANA TERENZI,Tuttle Extrait De Parfum EDP Spray 3.4 oz Fragrances,,$159.99,$495.00,https://www.jomashop.com/tiziana-terenzi-tuttle-extrait-de-parfum-edp-spray-3-4-oz-fragrances-8016741502620.html
KHADLAJ,Unisex Shiyaaka Shadow EDP Spray 3.4 oz Fragrances,,$35.99,,https://www.jomashop.com/khadlaj-unisex-shiyaaka-shadow-edp-spray-3-4-oz-fragrances-6291107979359.html
AMOUAGE,Unisex Enclave EDP Spray 3.4 oz Fragrances,,$189.50,$380.00,https://www.jomashop.com/amouage-unisex-enclave-edp-spray-3-4-oz-fragrances-701666410362.html
AMOUAGE,Men's Jubilation 40 Extrait de Parfum Spray 3.4 oz,,$334.50,$520.00,https://www.jomashop.com/amouage-mens-jubilation-40-extrait-de-parfum-spray-3-4-oz-fragrances-701666410966.html
AMOUAGE,Ladies Epic 56 Extrait de Parfum Spray 3.4 oz Fragrances,,$234.50,$550.00,https://www.jomashop.com/amouage-ladies-epic-extrait-de-parfum-spray-3-4-oz-fragrances-701666410720.html
XERJOFF,Unisex 1861 Renaissance EDP Spray 3.4 oz (Tester) Fragrances,3.4 oz / 100 ml - Tester,$169.99,$290.00,https://www.jomashop.com/xerjoff-unisex-renaissance-edp-spray-3-4-oz-tester-fragrances-8033488155094.html
XERJOFF,Unisex 1861 Renaissance EDP Spray 3.4 oz Fragrances,3.4 oz,$170.00,$290.00,https://www.jomashop.com/xerjoff-unisex-renaissance-edp-spray-3-4-oz-fragrances-8033488155063.html
XERJOFF,Renaissance Deodorant 3.4 oz Fragrances,Deodorant,$29.99,$45.00,https://www.jomashop.com/xerjoff-renaissance-deodorant-3-4-oz-fragrances-8054320903406.html
TOM FORD,Unisex Costa Azzurra Parfum 3.4 oz Fragrances,,$174.99,$300.00,https://www.jomashop.com/tom-ford-costa-azzura-parfum-edp-3-4-oz-fragrances-888066136785.html
JEAN PAUL GAULTIER,Men's Le Beau EDT Spray 2.5 oz Fragrances,2.5 oz / 75 ml,$74.99,$115.00,https://www.jomashop.com/jean-paul-gaultier-mens-le-beau-edt-spray-2-5-oz-fragrances-8435415017190.html
JEAN PAUL GAULTIER,Men's Le Beau EDT Spray 4.2 oz Fragrances,4.2 oz / 125 ml,$89.99,$148.00,https://www.jomashop.com/jean-paul-gaultier-le-beau-eau-de-toilette-spray-125ml-4-2oz-8435415017206.html
JEAN PAUL GAULTIER,Men's Le Beau EDT Spray 4.2 oz (Tester) Fragrances,4.2 oz / 125 ml - Tester,$94.99,$125.00,https://www.jomashop.com/tester-jean-paul-gaultier-la-beau-male-edt-for-men-125ml-8435415017220.html
AFNAN,Unisex Turathi Electric EDP Spray 3.0 oz Fragrances,,$44.99,$60.00,https://www.jomashop.com/afnan-unisex-turathi-electric-edp-spray-3-0-oz-fragrances-6290171076001.html
MAISON FRANCIS KURKDJIAN,Ladies Baccarat Rouge 540 Red Extrait De Parfum Spray 2.4 oz(70 ml),2.4 oz,$465.00,$475.00,https://www.jomashop.com/maison-francis-kurkdjian-ladies-baccarat-rouge-540-red-edp-spray-2-4-oz-fragrances-3700559605905.html
YVES SAINT LAURENT,Men's Y Elixir Parfum Parfum 2 oz (Tester) Fragrances,2 oz - Tester,$99.99,$180.00,https://www.jomashop.com/yves-saint-laurent-mens-y-elixir-parfum-2-oz-tester-fragrances-3614274030099.html
YVES SAINT LAURENT,Men's Y Elixir Parfum Parfum 2.0 oz Fragrances,2.0 oz / 60 ml,$104.99,$190.00,https://www.jomashop.com/yves-saint-laurent-mens-y-elixir-parfum-parfum-2-0-oz-fragrances-3614274025637.html
NISHANE,Men's Wulong Cha Extrait de Parfum Spray 1.7 oz Fragrances,1.7 oz / 50 ml,$114.99,$225.00,https://www.jomashop.com/nishane-wulong-cha-1-7-oz-edp-spray-8681008055418.html
NISHANE,Unisex Wulong Cha Extrait De Parfum Spray 3.4 oz (Tester) Fragrances,3.4 oz / 100 ml - Tester,$141.99,$350.00,https://www.jomashop.com/nishane-unisex-wulong-cha-extrait-de-parfum-spray-3-4-oz-tester-fragrances-8681008055234.html
NISHANE,Unisex Wulong Cha Extrait de Parfum Spray 3.4 oz Fragrances,3.4 oz,$152.00,$350.00,https://www.jomashop.com/nishane-unisex-wulong-cha-edp-3-4-oz-fragrances-8681008055227.html
CREED,Men's Royal Oud EDP 0.084 oz Fragrances 3508440501103,0.084 oz,$14.99,$25.47,https://www.jomashop.com/creed-mens-royal-oud-edp-0-084-oz-fragrances-3508440501103.html
CREED,Royal Oud / EDP Spray 1.7 oz (50 ml) (u),1.7 oz / 50 ml,$254.99,$365.00,https://www.jomashop.com/creed-perfume-croes17.html
CREED,Royal Oud / EDP Spray 3.3 oz (100 ml) (u),3.3 oz / 100 ml,$329.00,$570.00,https://www.jomashop.com/creed-fragrances-croes33-3-3oz.html
CREED,Unisex Royal Oud EDP 8.4 oz Fragrances,8.4 oz / 250 ml,$489.99,"$1,000.00",https://www.jomashop.com/creed-unisex-creed-royal-oud-edp-8-4-oz-fragrances-3508442502436.html
THOMAS KOSMALA,Ladies No 4 Candy EDP 3.4 oz (100 ml),,$84.99,$220.00,https://www.jomashop.com/thomas-kosmala-ladies-no-4-candy-edp-3-4-oz-fragrances-5060412110709.html
MIND GAMES,Unisex Grand Master Extrait de Parfum Spray 3.4 oz Fragrances,,$309.99,$395.00,https://www.jomashop.com/mind-games-unisex-grand-master-extrait-de-parfum-spray-3-4-oz-fragrances-850034671000.html
MIND GAMES,Unisex Sans Voir Extrait de Parfum Spray 3.4 oz Fragrances,,$309.99,$395.00,https://www.jomashop.com/mind-games-unisex-sans-voir-extrait-de-parfum-spray-3-4-oz-fragrances-850034671680.html
VALENTINO GARAVANI,Men's Uomo Born In Roma Gift Set Fragrances,Gift Set,$114.99,$175.00,https://www.jomashop.com/valentino-mens-uomo-born-in-roma-gift-set-fragrances-3660732634903.html
VALENTINO GARAVANI,Men's Uomo Born In Roma EDT Spray 0.33 oz Fragrances,0.33 oz / 10 ml,$24.99,$45.00,https://www.jomashop.com/valentino-mens-uomo-born-in-roma-edt-spray-0-33-oz-fragrances-3614274280982.html
VALENTINO GARAVANI,Uomo Born In Roma / Valentino EDT Spray 1.7 oz (50 ml) (M),1.7 oz / 50 ml,$59.00,$97.00,https://www.jomashop.com/uomo-born-in-roma-valentino-edt-spray-1-7-oz-50-ml-m-3614272761452.html
VALENTINO GARAVANI,Men's Born In Roma Uomo EDT Spray 3.4 oz (Tester) Fragrances,3.4 oz / 100 ml - Tester,$89.99,$125.00,https://www.jomashop.com/valentino-mens-born-in-roma-uomo-edt-spray-3-4-oz-tester-fragrances-3614272761506.html
VALENTINO GARAVANI,Uomo Born In Roma / Valentino EDT Spray 3.4 oz (100 ml) (m),3.4 oz / 100 ml,$99.99,$136.00,https://www.jomashop.com/uomo-born-in-roma-valentino-edt-spray-3-4-oz-100-ml-m-vbrmts34-3614272761469.html
VALENTINO GARAVANI,Men's Uomo Born In Roma EDT Spray 5.0 oz Fragrances,5.0 oz / 150 ml,$129.99,$168.00,https://www.jomashop.com/valentino-mens-uomo-born-in-roma-edt-spray-5-0-oz-fragrances-3614273582612.html
ORTO PARISI,Unisex Megamare Parfum 1.7 oz Fragrances,,$155.99,$195.00,https://www.jomashop.com/orto-parisi-unisex-megamare-edp-1-7-oz-fragrances-8717774840870.html
JIMMY CHOO,Ladies I Want Choo EDP Spray 0.067 oz Fragrances 3386460121828,,,,https://www.jomashop.com/jimmy-choo-ladies-i-want-choo-edp-spray-0-067-oz-fragrances-3386460121828.html
JIMMY CHOO,I Want Choo / EDP Spray 1.3 oz (40 ml) (W),1.3 oz,$39.99,$80.00,https://www.jomashop.com/i-want-choo-jimmy-choo-edp-spray-1-3-oz-40-ml-w-3386460119276.html
JIMMY CHOO,Ladies I Want Choo EDP Body Spray 2 oz Fragrances,2.0 oz / 60 ml,$49.97,$116.00,https://www.jomashop.com/jimmy-choo-ladies-i-want-choo-edp-body-spray-2-oz-fragrances-3386460119269.html
JIMMY CHOO,Ladies I Want Choo EDP Spray (Tester) Fragrances,4.1 oz,$67.99,$155.00,https://www.jomashop.com/jimmy-choo-ladies-i-want-choo-edp-spray-tester-fragrances-3386460119283.html
JIMMY CHOO,Ladies I Want Choo EDP Spray 3.4 oz Fragrances,3.4 oz / 100 ml,$69.99,$140.00,https://www.jomashop.com/jimmy-choo-ladies-i-want-choo-edp-body-spray-3-4-oz-fragrances-3386460119252.html
JIMMY CHOO,Ladies I Want Choo EDP Spray 4.2 oz Fragrances,4.2 oz / 125 ml,$84.99,$155.00,https://www.jomashop.com/jimmy-choo-ladies-i-want-choo-edp-spray-4-2-oz-fragrances-3386460152587.html
JIMMY CHOO,Ladies I Want Choo Gift Set Fragrances,Gift Set,$58.99,$110.00,https://www.jomashop.com/jimmy-choo-ladies-i-want-choo-gift-set-fragrances-3386460139854.html
AFNAN,Unisex 9 PM Rebel EDP Spray 3.4 oz Fragrances,,$36.99,$60.00,https://www.jomashop.com/afnan-unisex-9-pm-rebel-edp-spray-3-4-oz-fragrances-6290171075288.html
LANCOME,Ladies La Vie Est Belle EDP Rollerball 0.34 oz (Tester) Fragrances,0.34 oz - Tester,$24.00,$40.00,https://www.jomashop.com/lancome-ladies-la-vie-est-belle-edp-spray-0-34-oz-tester-fragrances-3605533286554.html
LANCOME,La Vie Est Belle by for Women - 1 oz LEau de Parfum Spray,1.0 oz / 30 ml,$62.99,$85.00,https://www.jomashop.com/la-vie-est-belle-by-lancome-for-women-1-oz-leau-de-parfum-spray-3605532612690.html
LANCOME,La Vie Est Belle / EDP Spray 1.7 oz (w),1.7 oz / 50 ml,$74.99,$118.00,https://www.jomashop.com/lancome-lvbes17.html
LANCOME,La Vie Est Belle / EDP Spray 2.5 oz (75 ml) (w),2.5 oz / 75 ml,$79.99,$135.00,https://www.jomashop.com/lancome-perfume-lvbes25-a.html
LANCOME,Ladies La Vie Est Belle EDP Spray 3.4 oz (Tester) Fragrances 3614273803595,3.4 oz / 100 ml - Tester,$82.99,$155.00,https://www.jomashop.com/lancome-ladies-la-vie-est-belle-edp-spray-3-4-oz-tester-fragrances-3614273803595-ld931900.html
LANCOME,La Vie Est Belle / EDP Spray 3.4 oz (w) (100 ml),3.4 oz,$92.99,$155.00,https://www.jomashop.com/lancome-lvbes34-la.html
LANCOME,Ladies La Vie Est Belle EDP Spray 5 oz Fragrances,5 oz,$99.99,$168.00,https://www.jomashop.com/lancome-ladies-la-vie-est-belle-edp-spray-5-07-oz-fragrances-3614273694797.html
AMOUAGE,Men's Epic EDP Spray 3.4 oz Fragrances,,$179.50,$380.00,https://www.jomashop.com/amouage-mens-epic-edp-spray-3-4-oz-fragrances-701666410119.html
JO MILANO,Unisex Game Of Spades Rouge Extrait de Parfum Spray 3.4 oz Fragrances,,$64.99,$220.00,https://www.jomashop.com/jo-malone-london-unisex-game-of-spades-rouge-edp-spray-3-4-oz-fragrances-860009248656.html
KILIAN,Unisex Apple Brandy on the Rocks EDP Spray 1.7 oz Fragrances,1.7 oz / 50 ml,$191.99,$275.00,https://www.jomashop.com/kilian-unisex-apple-brandy-on-the-rocks-edp-spray-1-7-oz-fragrances-3700550226550.html
KILIAN,Unisex Apple Brandy On The Rocks EDP 3.4 oz Fragrances,3.4 oz / 100 ml,$299.99,$380.00,https://www.jomashop.com/kilian-unisex-apple-brandy-on-the-rocks-edp-3-4-oz-fragrances-3700550232995.html
CREED,Men's Green Irish Tweed EDP Spray 3.4 oz (Tester) (100 ml),3.4 oz / 100 ml - Tester,$204.99,$470.00,https://www.jomashop.com/creed-mens-green-irish-tweed-edp-spray-3-4-oz-tester-fragrances-3508440561022.html
BOND NO.9,Unisex Chelsea Nights EDP 3.4 oz (100 ml),3.4 oz / 100 ml,$176.99,$529.00,https://www.jomashop.com/bond-no-9-unisex-chelsea-nights-edp-3-4-oz-fragrances-888874007918.html
FRENCH AVENUE,Unisex Vulcan Baie EDP Spray 3.4 oz Fragrances,,$49.99,$75.00,https://www.jomashop.com/french-avenue-unisex-vulcan-baie-edp-spray-3-4-oz-fragrances-6298042000926.html
AMOUAGE,Men's Interlude EDP 1.7 oz Fragrances,1.7 oz / 50 ml,$139.99,$280.00,https://www.jomashop.com/amouage-mens-interlude-edp-1-7-oz-fragrances-701666410775.html
AMOUAGE,Men's Interlude EDP Spray 3.4 oz Fragrances,3.4 oz / 100 ml,$184.50,$380.00,https://www.jomashop.com/amouage-mens-interlude-edp-spray-3-4-oz-fragrances-701666410195.html
AMOUAGE,Men's Lyric EDP Spray 3.4 oz,,$194.50,$380.00,https://www.jomashop.com/amouage-mens-lyric-edp-spray-3-4-oz-fragrances-701666410096.html
MIND GAMES,Unisex The Forward Extrait de Parfum Spray 3.4 oz Fragrances,,$309.99,$395.00,https://www.jomashop.com/mind-games-unisex-the-forward-extrait-de-parfum-spray-3-4-oz-fragrances-850034671567.html
CREED,Unisex Delphinus EDP Spray 0.084 oz Fragrances,0.084 oz,$10.99,,https://www.jomashop.com/creed-mens-delphinus-edp-spray-0-084-oz-fragrances-3508440001207.html
CREED,Unisex Delphinus EDP Spray 1.7 oz Fragrances,1.7 oz / 50 ml,$249.99,$400.00,https://www.jomashop.com/creed-unisex-delphinus-edp-spray-1-7-oz-fragrances-3508440001245.html
CREED,Unisex Delphinus EDP Spray 3.38 oz (Tester) Fragrances 3508440001221,,,,https://www.jomashop.com/creed-unisex-delphinus-edp-spray-3-38-oz-tester-fragrances-3508440001221.html
CREED,Unisex Delphinus EDP Spray 3.3 oz Fragrances,3.3 oz / 100 ml,$334.99,$545.00,https://www.jomashop.com/creed-unisex-delphinus-edp-3-3-oz-fragrances-3508440001238.html
YVES SAINT LAURENT,Libre Le Parfum / Ysl EDP Spray 0.04 oz (1.2 ml) (W) 3614273776257,,,,https://www.jomashop.com/libre-le-parfum-ysl-edp-spray-0-04-oz-1-2-ml-w-3614273776257.html
YVES SAINT LAURENT,Ladies Libre Le Parfum EDP Spray 1 oz Fragrances,1.0 oz / 30 ml,$69.99,$120.00,https://www.jomashop.com/yves-saint-laurent-ladies-libre-le-parfum-edp-spray-1-oz-fragrances-3614273776134.html
YVES SAINT LAURENT,Ladies Libre Le Parfum EDP Spray 1.6 oz Fragrances,1.6 oz / 50 ml,$82.95,$172.00,https://www.jomashop.com/yves-saint-laurent-ladies-libre-le-parfum-edp-spray-1-6-oz-fragrances-3614273776110.html
YVES SAINT LAURENT,Ladies Libre Le Parfum 3.0 oz (Tester) Fragrances,3.0 oz / 90 ml - Tester,$104.99,$180.00,https://www.jomashop.com/yves-saint-laurent-ladies-libre-le-parfum-3-0-oz-tester-fragrances-5905076167716.html
YVES SAINT LAURENT,Ladies Libre Le Parfum 3.04 oz Fragrances,3.0 oz,$109.00,$190.00,https://www.jomashop.com/yves-saint-laurent-ladies-libre-le-parfum-3-04-oz-fragrances-3614273776127.html
AMOUAGE,Men's Overture EDP Spray 3.4 oz Fragrances,,$189.50,$380.00,https://www.jomashop.com/amouage-mens-overture-edp-spray-3-4-oz-fragrances-701666410287.html
JO MILANO,Unisex Game Of Spade Win Parfum 3.4 oz Fragrances,,$54.95,$220.00,https://www.jomashop.com/jo-milano-game-of-spade-edp-3-4-oz-fragrances-860009248632.html
BDK PARFUMS,Unisex Rouge Smoking EDP 3.4 oz (Tester) Fragrances 3760035450238,,,,https://www.jomashop.com/bdk-parfums-unisex-rouge-smoking-edp-3-4-oz-tester-fragrances-3760035450238.html
BDK PARFUMS,Unisex Rouge Smoking EDP 3.4 oz Fragrances,3.4 oz / 100 ml,$187.48,$250.00,https://www.jomashop.com/bdk-parfums-unisex-rouge-smoking-edp-3-4-oz-fragrances-3760035450221.html
GIORGIO ARMANI,Men's Stronger With You Parfum 1.7 oz Fragrances,1.7 oz / 50 ml,$94.50,$105.00,https://www.jomashop.com/giorgio-armani-mens-stronger-with-you-parfum-1-7-oz-fragrances-3614274219548.html
GIORGIO ARMANI,Men's Stronger With You Parfum 3.38 oz (Tester) Fragrances,3.38 oz / 100 ml - Tester,$109.99,$130.00,https://www.jomashop.com/giorgio-armani-mens-stronger-with-you-parfum-3-38-oz-tester-fragrances-3614274219562.html
GIORGIO ARMANI,Men's Stronger With You Parfum 3.3 oz Fragrances,3.3 oz / 100 ml,$119.98,$130.00,https://www.jomashop.com/giorgio-armani-mens-stronger-with-you-parfum-3-38-oz-fragrances-3614274219579.html
KILIAN,"Ladies Love, Don't Be Shy EDP Spray 1.7 oz Fragrances",,$224.99,$295.00,https://www.jomashop.com/kilian-ladies-love-dont-be-shy-edp-1-7-oz-fragrances-3700550218227.html
VIKTOR & ROLF,Flowerbomb / EDP Spray 0.04 oz (1.2 ml) (W),,,,https://www.jomashop.com/flowerbomb-viktor-rolf-edp-spray-0-04-oz-1-2-ml-w-3614271868275.html
VIKTOR & ROLF,Ladies Flowerbomb EDP 0.23 oz (Tester) Fragrances 3614272872431,,,,https://www.jomashop.com/viktor-rolf-ladies-flowerbomb-edp-0-23-oz-tester-fragrances-3614272872431.html
VIKTOR & ROLF,Ladies Flowerbomb EDP Spray 0.23 oz Fragrances,0.23 oz,$19.99,$39.00,https://www.jomashop.com/viktor-rolf-ladies-flowerbomb-edp-spray-0-23-oz-fragrances-3360374000080.html
VIKTOR & ROLF,Ladies Flowerbomb EDP Spray 0.68 oz (20 ml),0.68 oz,$31.99,$65.00,https://www.jomashop.com/viktor-rolf-ladies-flowerbomb-edp-spray-68-oz-fragrances-3605520983979.html
VIKTOR & ROLF,Flowerbomb / EDP Spray 1.0 oz (w),1.0 oz / 30 ml,$49.99,$105.00,https://www.jomashop.com/viktor-rolf-perfume-flbes1-a.html
VIKTOR & ROLF,Flowerbomb / EDP Spray 1.7 oz (w),1.7 oz / 50 ml,$61.99,$145.00,https://www.jomashop.com/viktor-rolf-perfume-flbes17-a.html
VIKTOR & ROLF,Ladies Flowerbomb EDP Spray 3.4 oz (Tester) Fragrances,3.4 oz / 100 ml - Tester,$72.99,$180.00,https://www.jomashop.com/viktor-rolf-ladies-flowerbomb-edp-spray-3-4-oz-tester-fragrances-3605520293405.html
VIKTOR & ROLF,Flowerbomb / EDP Spray 3.4 oz (w) (100 ml),3.4 oz,$76.95,$182.00,https://www.jomashop.com/viktor-rolf-perfume-flbes34-a.html
VIKTOR & ROLF,Ladies Flowerbomb Gift Set Fragrances,Gift Set,$99.99,$145.00,https://www.jomashop.com/viktor-rolf-ladies-flowerbomb-gift-set-fragrances-3614273581134.html
ROJA PARFUMS,Unisex Burlington 1819 EDP Spray 3.4 oz Fragrances,,$227.99,$430.00,https://www.jomashop.com/roja-parfums-unisex-burlington-1819-edp-spray-3-4-oz-fragrances-5060370918881.html
MEMO PARIS,Unisex African Leather 2.7 oz Fragrances 3700458601961,,,,https://www.jomashop.com/memo-paris-unisex-african-leather-2-7-oz-fragrances-3700458601961.html
MEMO PARIS,Unisex African Leather EDP Spray 0.05 oz Fragrances,0.05 oz,$8.99,,https://www.jomashop.com/memo-paris-unisex-african-leather-edp-spray-0-05-oz-fragrances-3700458601688.html
MEMO PARIS,African Leather Unisex EDP 2.5 oz,2.5 oz / 75 ml,$164.99,$310.00,https://www.jomashop.com/memo-paris-african-leather-unisex-edp-2-5-oz-3700458602999.html
MEMO PARIS,Men's African Leather EDP 6.7 oz Fragrances,6.7 oz / 200 ml,$289.99,$550.00,https://www.jomashop.com/memo-paris-mens-african-leather-edp-6-7-oz-fragrances-3700458604566.html
MEMO PARIS,Unisex African Leather EDP Spray 6.7 oz Fragrances,6.7 oz,$344.99,$550.00,https://www.jomashop.com/memo-paris-unisex-african-leather-edp-spray-6-7-oz-fragrances-3700458611991.html
ARMAF,Unisex Club De Nuit Sillage EDP Spray 3.6 oz Fragrances,3.6 oz,$34.99,$125.00,https://www.jomashop.com/armaf-unisex-club-de-nuit-sillage-edp-spray-3-6-oz-fragrances-6294015136470.html
ARMAF,Men's Club De Nuit Sillage Gift Set Fragrances,Gift Set,$49.99,$120.00,https://www.jomashop.com/armaf-mens-club-de-nuit-sillage-gift-set-fragrances-6294015157376.html
PACO RABANNE,Men's Invictus Parfum 0.16 oz Fragrances,0.16 oz,$18.99,$30.00,https://www.jomashop.com/paco-rabanne-mens-invictus-parfum-0-16-oz-fragrances-3349668628070.html
PACO RABANNE,Men's Invictus Parfum 1.7 oz Fragrances,1.7 oz / 50 ml,$69.95,$110.00,https://www.jomashop.com/paco-rabanne-mens-invictus-parfum-1-7-oz-fragrances-3349668627523.html
PACO RABANNE,Men's Invictus Parfum 3.4 oz Fragrances,3.4 oz / 100 ml,$89.99,$140.00,https://www.jomashop.com/paco-rabanne-mens-invictus-parfum-3-4-oz-fragrances-3349668627530.html
PACO RABANNE,Men's Invictus Parfum 6.7 oz Fragrances,6.7 oz / 200 ml,$139.99,$280.00,https://www.jomashop.com/paco-rabanne-mens-invictus-parfum-6-7-oz-fragrances-3349668627547.html
XERJOFF,Unisex 40 Knots Join The Club EDP Spray 1.7 oz (50 ml),1.7 oz / 50 ml,$144.99,$215.00,https://www.jomashop.com/xerjoff-unisex-40-knots-edp-spray-1-7-oz-fragrances-8033488155148.html
XERJOFF,Unisex 40 Knots Join The Club EDP Spray 3.4 oz (Tester) (100 ml),3.4 oz / 100 ml - Tester,$159.99,$320.00,https://www.jomashop.com/xerjoff-unisex-40-knots-edp-spray-3-4-oz-tester-fragrances-8033488155308.html
XERJOFF,Unisex 40 Knots Join The Club EDP Spray 3.4 oz (100 ml),3.4 oz,$209.99,$340.00,https://www.jomashop.com/xerjoff-unisex-40-knots-edp-spray-3-4-oz-fragrances-8033488155155.html
XERJOFF,40 Knots Deodorant Spray 3.4 oz Fragrances,Deodorant,$29.99,$45.00,https://www.jomashop.com/xerjoff-40-knots-deodorant-spray-3-4-oz-fragrances-8054320903413.html
MAISON ASRAR,Unisex Royal Collection Majesty EDP Spray 3.4 oz Fragrances,3.4 oz / 100 ml,$49.99,$60.00,https://www.jomashop.com/maison-asrar-unisex-royal-collection-majesty-edp-spray-3-4-oz-fragrances-6290362163381.html
MAISON ASRAR,Unisex Royal Collection Majesty EDP Spray 3.4 oz (Tester) Fragrances,3.4 oz / 100 ml - Tester,$57.99,$60.00,https://www.jomashop.com/maison-asrar-unisex-royal-collection-majesty-edp-spray-3-4-oz-tester-fragrances-t6290362163381.html
FRAGRANCE WORLD,Ladies Barakkat Rouge 540 Extrait de Parfum Spray 3.4 oz Fragrances,,$21.99,$60.00,https://www.jomashop.com/fragrance-world-ladies-barakkat-rouge-540-edp-3-4-oz-fragrances-6291108326428.html
VALENTINO GARAVANI,Ladies Born in Roma Extradose Donna EDP Spray 3.4 oz Fragrances,3.4 oz / 100 ml,$174.99,$198.00,https://www.jomashop.com/valentino-ladies-born-in-roma-extradose-donna-edp-spray-3-4-oz-fragrances-3614274350753.html
MAISON ALHAMBRA,Men's Jean Lowe Immortel EDP Spray 3.4 oz Fragrances,,$29.99,$60.00,https://www.jomashop.com/maison-alhambra-mens-jean-lowe-immortal-edp-spray-3-4-oz-fragrances-6291108735541.html
CREED,Original Vetiver / EDP Spray 1.7 oz (50 ml) (u),1.7 oz / 50 ml,$182.99,$345.00,https://www.jomashop.com/creed-perfume-clves17.html
CREED,Unisex Original Vetiver EDP Spray 3.3 oz Fragrances,3.3 oz / 100 ml,$204.99,$470.00,https://www.jomashop.com/creed-perfume-clves33.html
CREED,Unisex Original Vetiver EDP 8.4 oz Fragrances,8.4 oz / 250 ml,$474.99,$755.00,https://www.jomashop.com/creed-unisex-creed-original-vetiver-edp-8-4-oz-fragrances-3508442502405.html
XERJOFF,Unisex Torino21 EDP 3.4 oz Fragrances,3.4 oz / 100 ml,$274.97,$340.00,https://www.jomashop.com/xerjoff-unisex-torino21-edp-3-4-oz-fragrances-8054320902379.html
VALENTINO GARAVANI,Men's Uomo Intense EDP Spray 1.7 oz Fragrances,1.7 oz / 50 ml,$73.99,$88.00,https://www.jomashop.com/valentino-mens-uomo-intense-edp-spray-1-7-oz-fragrances-3614272731899.html
VALENTINO GARAVANI,Uomo Intense / Valentino EDP Spray 3.3 oz (100 ml) (m),3.3 oz / 100 ml,$99.99,$115.00,https://www.jomashop.com/valentino-perfume-uoimes33-a.html
ARMAF,Ladies Yum Yum EDP Spray 3.4 oz Fragrances,,$44.99,$85.00,https://www.jomashop.com/armaf-ladies-yum-yum-edp-spray-3-4-oz-fragrances-6295199800959.html
VERSACE,Men's Eros Energy EDP Spray 0.03 oz Fragrances,0.03 oz,$9.99,$18.00,https://www.jomashop.com/versace-mens-eros-energy-edp-spray-0-03-oz-fragrances-8011003890835.html
VERSACE,Men's Eros Energy EDP Spray 0.17 oz Fragrances,0.17 oz,$18.99,,https://www.jomashop.com/versace-mens-eros-energy-edp-spray-0-17-oz-fragrances-8011003890828.html
VERSACE,Men's Eros Energy EDP Spray 3.38 oz (Tester) Fragrances,3.38 oz / 100 ml - Tester,$69.99,$115.00,https://www.jomashop.com/versace-mens-eros-energy-edp-spray-3-38-oz-tester-fragrances-8011003890842.html
VERSACE,Men's Eros Energy EDP Spray 1.7 oz Fragrances,1.7 oz / 50 ml,$69.99,$87.00,https://www.jomashop.com/versace-mens-eros-energy-edp-spray-1-7-oz-fragrances-8011003890798.html
VERSACE,Men's Eros Energy EDP Spray 3.4 oz (100 ml),3.4 oz / 100 ml,$81.99,$115.00,https://www.jomashop.com/versace-mens-eros-energy-edp-spray-3-4-oz-fragrances-8011003890804.html
VERSACE,Men's Eros Energy EDP Spray 6.7 oz Fragrances,6.7 oz / 200 ml,$99.99,$150.00,https://www.jomashop.com/versace-mens-eros-energy-edp-spray-6-7-oz-fragrances-8011003890811.html
TOM FORD,Unisex Black Orchid EDP Spray 0.33 oz Fragrances,0.33 oz / 10 ml,$44.99,$65.00,https://www.jomashop.com/tom-ford-unisex-black-orchid-edp-spray-0-33-oz-fragrances-0888066069618.html
TOM FORD,Black Orchid / EDP Spray 1.0 oz (u),1.0 oz / 30 ml,$69.99,$120.00,https://www.jomashop.com/tom-ford-bldes1.html
TOM FORD,Black Orchid by EDP Spray 1.7 oz (50 ml) (u),1.7 oz / 50 ml,$84.99,$160.00,https://www.jomashop.com/tom-ford-perfume-bldes17-q.html
TOM FORD,Black Orchid by Unisex Eau De Parfum Spray 3.4 Oz (100 Ml) (U),3.4 oz,$124.99,$240.00,https://www.jomashop.com/tom-ford-bldes34-q.html
TOM FORD,Unisex Black Orchid EDP Spray 5.0 oz Fragrances,5.0 oz / 150 ml,$169.99,$280.00,https://www.jomashop.com/tom-ford-unisex-black-orchid-edp-spray-5-0-oz-fragrances-888066124287.html
TOM FORD,Ladies Black Orchid Gift Set Fragrances,Gift Set,$105.00,$205.00,https://www.jomashop.com/tom-ford-ladies-black-orchid-gift-set-fragrances-888066124393.html
RASASI,Men's Hawas Black EDP Spray 3.3 oz (100ml) Fragrances,,$39.98,$110.00,https://www.jomashop.com/rasasi-mens-hawas-black-edp-spray-3-3-oz-100ml-fragrances-614514331033.html
RALPH LAUREN,Men's Polo 67 EDT Spray 1.35 oz Fragrances,1.35 oz,$34.99,,https://www.jomashop.com/ralph-lauren-mens-polo-67-edt-spray-1-35-oz-fragrances-3605972910288.html
RALPH LAUREN,Men's Polo 67 EDT 2.5 oz Fragrances,2.5 oz / 75 ml,$49.99,$99.00,https://www.jomashop.com/ralph-lauren-mens-polo-67-edt-2-5-oz-fragrances-3605972910264.html
RALPH LAUREN,Men's Polo 67 EDT Spray 4.2 oz (Tester) Fragrances,4.2 oz / 125 ml - Tester,$64.99,$116.00,https://www.jomashop.com/ralph-lauren-mens-polo-67-edt-spray-4-2-oz-tester-fragrances-3605972910141.html
RALPH LAUREN,Men's Polo 67 EDT Spray 4.2 oz Fragrances,4.2 oz / 125 ml,$72.50,$116.00,https://www.jomashop.com/ralph-lauren-mens-polo-67-edt-spray-4-2-oz-fragrances-3605972910240.html
MANCERA,Unisex Aoud Lemon Mint EDP Spray 4 oz (120 ml),,$76.99,$190.00,https://www.jomashop.com/mancera-unisex-aoud-lemon-mint-edp-spray-4-oz-fragrances-3760265190164.html
VALENTINO GARAVANI,- Valentino Uomo Born In Roma Yellow Dream Eau De Toilette Spray 50ml/1.7oz,1.7 oz / 50 ml,$64.97,$100.00,https://www.jomashop.com/valentino-valentino-uomo-born-in-roma-yellow-dream-eau-de-toilette-spray-50ml-1-7oz-3614273261432.html
VALENTINO GARAVANI,- Valentino Uomo Born In Roma Yellow Dream Eau De Toilette Spray 100ml/3.4oz,3.4 oz / 100 ml,$79.99,$160.00,https://www.jomashop.com/valentino-valentino-uomo-born-in-roma-yellow-dream-eau-de-toilette-spray-100ml-3-4oz-3614273261425.html
BHARARA,Men's King Gift Set Fragrances 0,Gift Set,$69.99,$300.00,https://www.jomashop.com/bharara-mens-king-gift-set-fragrances-0-19213947514-019213947514.html
BHARARA,Men's King EDP Spray 3.4 oz Fragrances,3.4 oz / 100 ml,$59.99,$245.00,https://www.jomashop.com/bharara-mens-king-edp-spray-3-4-oz-fragrances-850050062035.html
BHARARA,Men's King EDP 6.7 oz Fragrances,6.7 oz / 200 ml,$69.99,$225.00,https://www.jomashop.com/bharara-mens-king-edp-6-7-oz-fragrances-850050062097.html
CREED,Ladies Aventus for Her EDP 0.05 oz Fragrances 3508440501226,0.05 oz,$12.99,$30.00,https://www.jomashop.com/creed-ladies-creed-aventus-for-her-edp-0-05-oz-fragrances-3508440501226.html
CREED,Ladies Aventus EDP Spray 2.5 (Tester) Fragrances 3508445604663,2.5 oz / 75 ml - Tester,$189.99,$445.00,https://www.jomashop.com/creed-ladies-aventus-edp-spray-2-5-tester-fragrances-3508445604663.html
MANCERA,Men's Red Tobacco EDP Spray 4 oz (120 ml),,$90.99,$190.00,https://www.jomashop.com/mancera-mens-red-tobacco-edp-spray-4-oz-fragrances-3760265191864.html
JEAN PAUL GAULTIER,Ladies Divine Le Parfum EDP Spray 1.7 oz Fragrances,1.7 oz / 50 ml,$94.99,$130.00,https://www.jomashop.com/jean-paul-gaultier-ladies-divine-le-parfum-1-7-oz-fragrances-8435415091152.html
JEAN PAUL GAULTIER,Ladies Divine Le Parfum EDP Spray 3.4 oz Fragrances,3.4 oz / 100 ml,$105.00,$180.00,https://www.jomashop.com/jean-paul-gaultier-divine-le-parfum-3-4-oz-fragrances-8435415091169.html
HERMES,Terre Dhermes / Perfume 0.17 oz (5.0 ml) (M),0.17 oz,$14.99,$30.00,https://www.jomashop.com/terre-dhermes-hermes-perfume-0-17-oz-5-0-ml-m-3346130009818.html
HERMES,Men's Terre D' Parfum Spray 0.42 oz Fragrances 3346130009825,,$26.99,$40.00,https://www.jomashop.com/hermes-mens-terre-dhermes-edp-spray-0-42-oz-fragrances-3346130009825.html
HERMES,Men's Terre D' Parfum 1.01 oz (Tester) Fragrances,1.01 oz - Tester,$46.97,$46.99,https://www.jomashop.com/hermes-mens-terre-dhermes-pure-perfume-spray-1-01-oz-tester-fragrances-3346130013471.html
HERMES,Terre Dhermes / Pure Perfume Spray 2.5 oz (75 ml) (m),2.5 oz / 75 ml,$84.99,$156.00,https://www.jomashop.com/hermes-perfume-tdhmpps25-a.html
HERMES,- Terre D' Pure Parfum Refill 125ml/4.2oz,,,$145.00,https://www.jomashop.com/hermes-terre-dhermes-pure-parfum-refill-125ml-4-2oz-3346131404483.html
HERMES,Terre Dhermes / Pure Perfume Spray 6.7 oz (200 ml) (M),6.7 oz,$134.99,$252.00,https://www.jomashop.com/terre-dhermes-hermes-pure-perfume-spray-6-7-oz-200-ml-m-3346130013501.html
HERMES,Men's Terre D'hermes EDP 0.06 oz Fragrances,0.06 oz,$9.99,$15.00,https://www.jomashop.com/hermes-mens-terre-dhermes-edp-0-06-oz-fragrances-3346130009771.html
HERMES,Men's Terre d' Eau Givree EDP 6.7 oz Refill Fragrances,6.7 oz / 200 ml,$119.99,$252.00,https://www.jomashop.com/hermes-mens-terre-dhermes-edp-6-7-oz-refill-fragrances-3346130416654.html
MANCERA,Unisex Roses Vanille EDP Spray 4.0 oz (120 ml),,$74.99,$190.00,https://www.jomashop.com/mancera-unisex-roses-vanille-edp-spray-4-0-oz-fragrances-3760265190966.html
SWISS ARABIAN,Unisex Incense 01 Extrait de Parfum Spray 1.69 oz Fragrances,,$54.00,$68.00,https://www.jomashop.com/incense-01-eau-de-parfum-50ml-6295124047763.html
BURBERRY,Ladies Goddess EDP 1.69 oz Fragrances,1.69 oz,$104.99,$138.00,https://www.jomashop.com/burberry-ladies-goddess-edp-1-69-oz-fragrances-3616305271556.html
LATTAFA,Unisex Bade'e Al Oud Oud for Glory EDP 3.4 oz Fragrances,3.4 oz,$22.99,$90.00,https://www.jomashop.com/lattafa-unisex-badee-al-oud-oud-for-glory-edp-3-4-oz-fragrances-6291107458328.html
XERJOFF,Unisex Tony Iommi Monkey Special EDP Spray 1.69 oz Fragrances,1.69 oz,$174.99,$275.00,https://www.jomashop.com/xerjoff-unisex-tony-lommi-monkey-special-edp-spray-1-69-oz-fragrances-8054320900702.html
CREED,Men's Himalaya EDP Spray 0.05 oz Fragrances,0.05 oz,$14.99,$30.00,https://www.jomashop.com/creed-mens-creed-himalaya-edp-0-05-oz-fragrances-3508440501066.html
CREED,Himalaya / EDP Spray 1.7 oz (50 ml) (m),1.7 oz / 50 ml,$172.99,$350.00,https://www.jomashop.com/creed-perfume-chmmes17.html
CREED,Men's Himalaya EDP Spray 3.4 oz (Tester) Fragrances,3.4 oz / 100 ml - Tester,$172.99,$450.00,https://www.jomashop.com/creed-mens-himalaya-edp-spray-3-4-oz-tester-fragrances-3508440561084.html
CREED,Himalaya / EDP Spray 3.3 oz (100 ml) (m),3.3 oz / 100 ml,$224.99,$470.00,https://www.jomashop.com/creed-perfume-chmmes33.html
LATTAFA,Men's Qaed Al Fursan EDP Spray 3 oz Fragrances,,$15.99,$79.00,https://www.jomashop.com/lattafa-mens-qaid-al-fursan-edp-spray-3-oz-fragrances-6291107455365.html
TOM FORD,Unisex Tuscan Leather EDP Spray 3.4 oz Private Blend 888066004459,,,,https://www.jomashop.com/tom-ford-unisex-tuscan-leather-edp-spray-3-4-oz-fragrances-888066004459.html
MONTBLANC,Men's Explorer Platinum EDP Spray 3.4 oz Fragrances 3386460135818,,,,https://www.jomashop.com/montblanc-mens-explorer-platinum-edp-spray-3-4-oz-fragrances-3386460135818.html
ARMAF,Men's Club De Nuit Urban Elixir EDP Spray 3.55 oz Fragrances,3.55 oz,$36.95,$100.00,https://www.jomashop.com/armaf-mens-club-de-nuit-urban-elixir-edp-spray-3-55-oz-fragrances-6294015163513.html
ARMAF,Men's Club De Nuit Urban Elixir EDP Spray 3.55 oz (Tester) Fragrances,3.55 oz - Tester,$42.99,$80.00,https://www.jomashop.com/armaf-mens-club-de-nuit-urban-elixir-edp-spray-3-55-oz-tester-fragrances-t6294015163513.html
XERJOFF,Unisex V Accento EDP Spray 1.7 oz Fragrances,1.7 oz,$134.99,$275.00,https://www.jomashop.com/xerjoff-unisex-accento-edp-spray-1-7-oz-fragrances-8033488158743.html
XERJOFF,Unisex V Accento EDP Spray 3.4 oz (Tester) (100 ml),,$139.99,$300.00,https://www.jomashop.com/xerjoff-unisex-accento-edp-spray-3-4-oz-tester-fragrances-8033488156213.html
XERJOFF,Unisex V Accento EDP Spray 3.4 Oz Fragrances,3.4 oz,$164.99,$300.00,https://www.jomashop.com/xerjoff-accento-100ml-3-4-oz-shiping-eau-de-parfum-8033488156206.html
LATTAFA,Men's His Confession EDP Spray 3.4 oz Fragrances,,$39.99,$90.00,https://www.jomashop.com/lattafa-mens-his-confession-edp-spray-3-4-oz-fragrances-6290360599113.html
VIKTOR & ROLF,- Spicebomb Night Vision Eau De Parfum Spray 90ml/3.04oz,3.0 oz / 90 ml,$86.95,$145.00,https://www.jomashop.com/viktor-rolf-spicebomb-night-vision-eau-de-parfum-spray-90ml-3-04oz-3614273067768.html
GRITTI,Unisex Duchessa Extrait de Parfum Spray 3.4 oz Fragrances,,$142.95,$395.00,https://www.jomashop.com/gritti-unisex-duchessa-extrait-de-parfum-spray-3-4-oz-fragrances-8052204137114.html
ZIMAYA,Men's Reverie Aqua EDP Spray 3.4 oz Fragrances,,$23.99,,https://www.jomashop.com/zimaya-mens-reverie-aqua-edp-spray-3-4-oz-fragrances-6290171075684.html
LATTAFA,Ladies Yara Candy EDP Spray 3.4 oz Fragrances,3.4 oz / 100 ml,$21.99,$100.00,https://www.jomashop.com/lattafa-ladies-yara-candy-edp-spray-3-4-oz-fragrances-6290360599168.html
LATTAFA,Ladies Yara Candy Perfume Oil 0.67 oz Fragrances,Perfume Oil,$24.99,$60.00,https://www.jomashop.com/lattafa-ladies-yara-candy-perfume-oil-0-67-oz-fragrances-6290362345718.html
NISHANE,Wulong Cha X Extrait de Parfum Spray 3.4 oz Fragrance,,$194.99,$370.00,https://www.jomashop.com/nishane-wulong-cha-x-extrait-de-parfum-spray-3-4-oz-fragrance-8683608071003.html
XERJOFF,Men's Casamorati Mefisto Gentiluomo EDP Spray 3.4 oz Fragrances,,$169.99,$305.00,https://www.jomashop.com/xerjoff-casamorati-1888-mefisto-gentiluomo-3-4-oz-edp-spray-8033488158057.html
FRENCH AVENUE X AROMATIX,Unisex Carnal Desire EDP Spray 3.3 oz Fragrances,,$59.98,$60.00,https://www.jomashop.com/french-avenue-unisex-carnal-desire-aromatix-edp-spray-3-3-oz-fragrances-6290360379203.html
MIND GAMES,Unisex Sissa Extrait de Parfum Spray 3.4 oz Fragrances,,$309.99,$395.00,https://www.jomashop.com/mind-games-unisex-sissa-extrait-de-parfum-spray-3-4-oz-fragrances-850034671628.html
CAROLINA HERRERA,Ladies Good Girl Blush EDP Splash 0.23 oz Fragrances,0.23 oz,$19.99,,https://www.jomashop.com/carolina-herrera-ladies-good-girl-blush-edp-splash-0-23-oz-fragrances-8411061077092.html
CAROLINA HERRERA,Ladies Good Girl Blush EDP 1.0 oz Fragrances,1.0 oz / 30 ml,$67.99,$90.50,https://www.jomashop.com/carolina-herrera-ladies-good-girl-blush-edp-1-0-oz-fragrances-8411061056776.html
CAROLINA HERRERA,Ladies Good Girl Blush EDP 2.7 oz Fragrances,2.7 oz / 80 ml,$122.99,$176.00,https://www.jomashop.com/carolina-herrera-ladies-good-girl-blush-edp-2-7-oz-fragrances-8411061056752.html
JO MALONE LONDON,Jo Malone - Wood Sage & Sea Salt Cologne Spray (originally Without Box) 30ml / 1oz,1.0 oz / 30 ml,$63.99,$80.00,https://www.jomashop.com/jo-malone-wood-sage-sea-salt-cologne-spray-originally-without-box-30ml-1oz-590041322.html
JO MALONE LONDON,Jo Malone Wood Sage & Sea Salt Eau de Cologne 3.4oz,3.4 oz / 100 ml,$112.99,$165.00,https://www.jomashop.com/jo-malone-sage-sea-salt-3-4oz-womens-eau-de-cologne-590041568-0690251033713.html
JO MALONE LONDON,Unisex Wood Sage & Sea Salt EDC 3.4 oz (Tester) Fragrances,3.4 oz / 100 ml - Tester,$124.99,$155.00,https://www.jomashop.com/jo-malone-london-unisex-wood-sage-sea-salt-edc-3-4-oz-tester-fragrances-t0690251033713.html
CLIVE CHRISTIAN,Men's 1872 Parfum Spray 1.7 oz Fragrances,1.7 oz / 50 ml,$190.99,$385.00,https://www.jomashop.com/clive-christian-mens-1872-edp-spray-1-7-oz-fragrances-652638010175.html
CLIVE CHRISTIAN,Men's 1872 Parfum Spray 3.4 oz Fragrances,3.4 oz / 100 ml,$279.99,$580.00,https://www.jomashop.com/clive-christian-mens-1872-edp-spray-3-4-oz-fragrances-652638004044.html
YVES SAINT LAURENT,Y / Ysl EDT Spray 2.0 oz (60 ml) (m),2.0 oz / 60 ml,$68.99,$110.00,https://www.jomashop.com/ysl-fragrances-yysmts2-2-0oz.html
YVES SAINT LAURENT,Men's Y EDT Spray 3.4 oz (Tester) Fragrances,3.4 oz / 100 ml - Tester,$79.99,$130.00,https://www.jomashop.com/yves-saint-laurent-mens-y-edt-spray-3-4-oz-tester-fragrances-3614271716071.html
YVES SAINT LAURENT,Y / Ysl EDT Spray 3.3 oz (100 ml) (m),3.3 oz / 100 ml,$89.99,$130.00,https://www.jomashop.com/ysl-perfume-yysmts33-a.html
PENHALIGON'S,Men's Portraits Tragedy Of Lord George EDP 2.5 oz Fragrances 5056245021220,,$174.99,$335.00,https://www.jomashop.com/penhaligons-mens-portraits-tradegy-of-lord-george-edp-2-5-oz-fragrances-793675976069.html
VALENTINO GARAVANI,Men's Born in Roma The Gold Uomo EDT Spray 3.4 oz Fragrances,,$129.99,$158.00,https://www.jomashop.com/valentino-mens-born-in-roma-the-gold-uomo-edt-spray-3-4-oz-fragrances-3614274217155.html
PARFUMS DE MARLY,Ladies Delina Exclusif EDP Spray 1.0 oz Fragrances,1.0 oz / 30 ml,$238.50,$265.00,https://www.jomashop.com/parfums-de-marly-ladies-delina-exclusif-edp-spray-1-0-oz-fragrances-3700578502339.html
PARFUMS DE MARLY,Ladies Delina Exclusif EDP Spray 2.5 oz Fragrances,2.5 oz / 75 ml,$387.00,$430.00,https://www.jomashop.com/parfums-de-marly-ladies-delina-exclusif-edp-spray-2-5-oz-fragrances-3700578522009.html
BOADICEA THE VICTORIOUS,Blue Sapphire For Unisex Eau De Parfum 3.4 oz,,$724.99,$935.00,https://www.jomashop.com/boadicea-the-victorious-blue-sapphire-for-unisex-eau-de-parfum-3-4-oz-5060215062342.html
VERSACE,Men's Man Eau Fraiche Gifts & Sets 8011003810468,,,,https://www.jomashop.com/versace-mens-versace-man-eau-fraiche-gifts-sets-8011003810468-m3vef1-a.html
VERSACE,Man Eau Fraiche / Deodorant Stick 2.5 oz (75 ml) (m),Deodorant,$25.99,$40.00,https://www.jomashop.com/versace-fragrances-vefmd25.html
VERSACE,Man Eau Fraiche by Deodorant Spray 3.4 oz (100 ml) (m),Deodorant,$34.99,$65.00,https://www.jomashop.com/versace-beauty-care-vefmds34.html
VERSACE,Men's Eau Fraiche Gift Set Fragrances 8011003820207,,,,https://www.jomashop.com/versace-mens-eau-fraiche-gift-set-fragrances-8011003820207.html
VERSACE,Man Eau Fraiche / Travel Set (m),,,,https://www.jomashop.com/versace-man-eau-fraiche-versace-travel-set-m-vefm10.html
VERSACE,Men's Eau Fraiche Duo Set Gift Set Fragrances,Gift Set,$52.99,$82.00,https://www.jomashop.com/versace-mens-eau-fraiche-duo-set-gift-set-fragrances-8018365500228.html
VERSACE,Man Eau Fraiche / Set (m),,,,https://www.jomashop.com/versace-man-eau-fraiche-versace-set-m-8011003885060.html
LATTAFA,Unisex Liam Grey EDP 3.4 oz Fragrances,,$24.99,$75.00,https://www.jomashop.com/lattafa-unisex-liam-grey-edp-3-4-oz-fragrances-6290360591537.html
MIZENSIR,Ladies Tres Chere EDP Spray 3.4 oz Fragrances,,$152.99,$285.00,https://www.jomashop.com/mizensir-ladies-tres-chere-edp-spray-3-4-oz-fragrances-7640105059447.html
VERSACE,Ladies Pour Femme Dylan Purple EDP Spray 0.03 oz Fragrances 8011003876341,,,,https://www.jomashop.com/versace-ladies-pour-femme-dylan-purple-edp-spray-0-03-oz-fragrances-8011003876341.html
VERSACE,Ladies Pour Femme Dylan Purple EDP 0.17 oz Fragrances 8011003876334,,,,https://www.jomashop.com/versace-ladies-pour-femme-dylan-purple-edp-0-17-oz-fragrances-8011003876334.html
VERSACE,Ladies Dylan Purple EDP Spray 0.34 oz Fragrances,0.34 oz,$38.99,,https://www.jomashop.com/versace-ladies-dylan-purple-edp-spray-0-34-oz-fragrances-8011003878383.html
VERSACE,Ladies Pour Femme Dylan Purple EDP Spray 1 oz Fragrances,1.0 oz / 30 ml,$38.99,$70.00,https://www.jomashop.com/versace-ladies-pour-femme-dylan-purple-edp-spray-1-oz-fragrances-8011003876266.html
VERSACE,Ladies Dylan Purple EDP Spray 1.7 oz Fragrances,1.7 oz,$45.97,$105.00,https://www.jomashop.com/versace-ladies-dylan-purple-edp-spray-1-7-oz-fragrances-8011003876273.html
VERSACE,Ladies Pour Femme Dylan Purple EDP 3.4 oz (Tester) Fragrances 8011003876327,3.4 oz / 100 ml - Tester,$46.99,$126.00,https://www.jomashop.com/versace-ladies-pour-femme-dylan-purple-edp-3-4-oz-tester-fragrances-8011003876327.html
VERSACE,Ladies Pour Femme Dylan Purple EDP Spray 3.4 oz Fragrances,3.4 oz / 100 ml,$59.00,$130.00,https://www.jomashop.com/versace-ladies-pour-femme-dylan-purple-edp-spray-3-4-oz-fragrances-8011003876280.html
ARMAF,Unisex Club De Nuit Milestone EDP Spray 3.6 oz Fragrances,3.6 oz,$30.99,$100.00,https://www.jomashop.com/armaf-unisex-club-de-nuit-milestone-edp-spray-3-6-oz-fragrances-6294015132120.html
ARMAF,Men's Club De Nuit Milestone EDP Spray 6.7 oz Fragrances,6.7 oz / 200 ml,$50.99,$150.00,https://www.jomashop.com/armaf-mens-club-de-nuit-milestone-edp-spray-6-7-oz-fragrances-6294015171112.html
ARMAF,Men's Club De Nuit Milestone Body Spray 6.8 oz Fragrances,Body Spray,$14.99,,https://www.jomashop.com/armaf-mens-club-de-nuit-milestone-body-spray-6-8-oz-fragrances-6295199802397.html
CREED,Men's Silver Mountain Water EDP 8.4 oz Fragrances 3508440000729,,,,https://www.jomashop.com/creed-mens-creed-silver-mountain-water-edp-8-4-oz-fragrances-3508440000729.html
CREED,Unisex Silver Mountain Water Soap 5.29 oz Fragrances,Soap,$49.99,$50.00,https://www.jomashop.com/creed-unisex-silver-mountain-water-soap-5-29-oz-fragrances-3508444105352.html
PRADA,Luna Rossa Carbon / EDT Spray 1.7 oz (50 ml) (m),1.7 oz / 50 ml,$51.99,$108.00,https://www.jomashop.com/prada-luna-rossa-carbon-prada-edt-spray-1-7-oz-50-ml-m-plcmts17.html
PRADA,Men's Luna Rossa Carbon EDT Spray 3.4 oz (Tester) Fragrances,3.4 oz / 100 ml - Tester,$71.99,$115.00,https://www.jomashop.com/prada-mens-luna-rossa-carbon-edt-spray-3-4-oz-tester-fragrances-8435137759873.html
PRADA,Luna Rossa Carbon / EDT Spray 3.4 oz (100 ml) (m),3.4 oz / 100 ml,$72.99,$134.00,https://www.jomashop.com/prada-perfume-plcmts34.html
PRADA,Men's Luna Rossa Carbon EDT Spray 5.1 oz Fragrances,5.1 oz,$97.99,$138.00,https://www.jomashop.com/prada-mens-luna-rossa-carbon-edt-spray-5-1-oz-fragrances-8435137772704.html
AL HARAMAIN,Unisex Amber Oud Gold EDP Spray 2 oz Tester Fragrances,2.0 oz / 60 ml - Tester,$29.99,$125.00,https://www.jomashop.com/al-haramain-unisex-amber-oud-gold-edp-spray-2-oz-tester-fragrances-6291100134571.html
AL HARAMAIN,Unisex Amber Oud Gold Edition EDP Spray 2.0 oz Fragrances,2.0 oz,$34.99,$150.00,https://www.jomashop.com/al-haramain-unisex-amber-oud-gold-editon-edp-spray-2-oz-fragrances-6291100131716.html
AL HARAMAIN,Amber OUD by for Unisex 4.0 oz/120ml EDP Spray (Tester),4.0 oz / 120 ml - Tester,$39.99,$189.00,https://www.jomashop.com/tester-al-haramain-amber-oud-gold-edition-edp-unisex-120ml-6291106811421.html
AL HARAMAIN,Amber Oud Gold Edition EDP Spray 3.3 oz (Tester) Fragrances,3.3 oz / 100 ml - Tester,$39.99,$140.00,https://www.jomashop.com/al-haramain-amber-oud-gold-edition-edp-spray-3-3-oz-tester-fragrances-6291106812732.html
AL HARAMAIN,Unisex Amber Oud Gold Edition EDP Spray 2.5 oz Fragrances,2.5 oz / 75 ml,$39.99,,https://www.jomashop.com/al-haramain-unisex-amber-oud-gold-edition-edp-spray-2-5-oz-fragrances-6291106814798.html
AL HARAMAIN,Amber Oud Gold EDP Spray 3.4 oz Fragrances,3.4 oz / 100 ml,$44.99,$140.00,https://www.jomashop.com/al-haramain-amber-oud-gold-edp-spray-3-4-oz-fragrances-6291100130122.html
AL HARAMAIN,Unisex Amber Oud Gold Edition EDP Spray 6.76 oz (Tester) Fragrances,6.76 oz - Tester,$54.99,$200.00,https://www.jomashop.com/al-haramain-unisex-amber-oud-gold-edition-edp-spray-6-76-oz-tester-fragrances-6291106812893.html
AL HARAMAIN,Amber Oud Gold Edition EDP Spray 6.7 oz Fragrances,6.7 oz,$59.99,$200.00,https://www.jomashop.com/al-haramain-amber-oud-gold-edition-edp-spray-6-7-oz-fragrances-6291100131587.html
AFNAN,Men's Supremacy Not Only Intense ExDP 5.0 oz Fragrances,5.0 oz,$39.99,$150.00,https://www.jomashop.com/afnan-mens-supremacy-not-only-intense-silver-edp-5-0-oz-fragrances-6290171072775.html
GUCCI,Guilty Pour Homme Eau de Parfum / EDP Spray 1.6 oz (50 ml) (m),1.6 oz / 50 ml,$58.97,$110.00,https://www.jomashop.com/gucci-men-s-guilty-pour-homme-eau-de-parfum-3614229382112.html
GUCCI,Guilty Pour Homme Eau de Parfum EDP Spray 3 oz (Tester) Fragrances,3.0 oz / 90 ml - Tester,$69.99,$151.00,https://www.jomashop.com/gucci-mens-guilty-edp-spray-3-oz-tester-fragrances-3614229382150.html
GUCCI,Guilty Pour Homme Eau de Parfum / EDP Spray 3.0 oz (90 ml) (m),3.0 oz / 90 ml,$82.99,$151.00,https://www.jomashop.com/gucci-guilty-pour-homme-gucci-edp-spray-3-0-oz-90-ml-m-3614229382129.html
GUCCI,Guilty Pour Homme Eau de Parfum / EDP Spray 5.0 oz (150 ml) (m),5.0 oz / 150 ml,$109.99,$179.00,https://www.jomashop.com/gucci-guilty-pour-homme-gucci-edp-spray-5-0-oz-150-ml-m-3614229382167.html
GUCCI,Men's Guilty Pour Homme Parfum 3.0 oz (Tester) Fragrances 3616301794714,3.0 oz / 90 ml - Tester,$84.99,$175.00,https://www.jomashop.com/gucci-mens-guilty-edp-spray-3-oz-tester-fragrances-3616301794714.html
GUCCI,Men's Guilty Pour Homme Parfum Parfum 5.0 oz Fragrances,5.0 oz / 150 ml,$109.99,$230.00,https://www.jomashop.com/gucci-mens-gucci-guilty-pour-homme-edp-5-0-oz-fragrances-3616301794592.html
BOND NO.9,New York Signature / EDP Spray 1.7 oz (u),1.7 oz / 50 ml,$154.99,$339.25,https://www.jomashop.com/bond-no-9-perfume-9nyses17.html
BOND NO.9,New York Signature / EDP Spray 3.3 oz (100 ml) (u),3.3 oz,$194.97,$471.50,https://www.jomashop.com/bond-no-9-perfume-9nyses33.html
BOND NO.9,Madison Square Park / EDP Spray 1.7 oz (50 ml) (w),1.7 oz,$139.99,$270.00,https://www.jomashop.com/bond-no-9-perfume-9mspes17b.html
BOND NO.9,Madison Square Park / EDP Spray Tester 3.3 oz (W),3.3 oz / 100 ml - Tester,$144.99,$470.00,https://www.jomashop.com/madison-square-park-bond-no-9-edp-spray-tester-3-3-oz-w-9mspes33x.html
BOND NO.9,Madison Square Park by Eau De Parfum Spray 3.3oz,3.3 oz,$164.99,$506.00,https://www.jomashop.com/bond-no-9-cosmetics-9mspes33.html
JIMMY CHOO,I Want Choo Forever / EDP Mini 0.15 oz (4.5 ml) (W),0.15 oz,$13.99,$35.00,https://www.jomashop.com/i-want-choo-forever-jimmy-choo-edp-mini-0-15-oz-4-5-ml-w-3386460133340.html
JIMMY CHOO,Ladies I Want Choo Forever EDP Spray 0.35 oz Fragrances 3386460133333,,,,https://www.jomashop.com/jimmy-choo-ladies-i-want-choo-forever-edp-spray-0-35-oz-fragrances-3386460133333.html
JIMMY CHOO,Ladies I Want Choo Forever EDP Spray 1.35 oz (Tester) Fragrances,1.35 oz - Tester,$30.99,$80.00,https://www.jomashop.com/jimmy-choo-ladies-i-want-choo-forever-edp-spray-1-35-oz-tester-fragrances-t3386460129893.html
JIMMY CHOO,Ladies I Want Choo Forever EDP Spray 1.35 oz Fragrances 3386460129893,,$32.99,$80.00,https://www.jomashop.com/jimmy-choo-ladies-i-want-choo-forever-edp-spray-1-35-oz-fragrances-3386460129893.html
JIMMY CHOO,Ladies I Want Choo Forever EDP Spray 2.0 oz Fragrances,2.0 oz / 60 ml,$38.50,$109.00,https://www.jomashop.com/jimmy-choo-ladies-i-want-choo-forever-edp-spray-2-oz-fragrances-3386460129886.html
JIMMY CHOO,Ladies I Want Choo Forever EDP Spray 3.38 oz (Tester) Fragrances,3.38 oz,$54.97,$150.00,https://www.jomashop.com/jimmy-choo-ladies-i-want-choo-forever-edp-spray-3-38-oz-tester-fragrances-3386460129909.html
JIMMY CHOO,Ladies I Want Choo Forever EDP Spray 3.38 oz Fragrances,3.4 oz / 100 ml,$56.95,$140.00,https://www.jomashop.com/jimmy-choo-ladies-i-want-choo-forever-edp-spray-3-38-oz-fragrances-3386460129879.html
JIMMY CHOO,Ladies I Want Choo Forever Gift Set Fragrances 3386460138253,Gift Set,$74.99,$146.00,https://www.jomashop.com/jimmy-choo-ladies-i-want-choo-forever-gift-set-fragrances-3386460138253.html
JIMMY CHOO,Ladies I Want Choo Forever Gift Set Fragrances,Gift Set,$99.99,$100.00,https://www.jomashop.com/jimmy-choo-ladies-i-want-choo-forever-gift-set-fragrances-3386460134415.html
PARFUMS DE MARLY,Unisex Layton Exclusive EDP Spray 4.2 oz (125 ml),4.2 oz / 125 ml,$414.00,$460.00,https://www.jomashop.com/parfums-de-marly-unisex-layton-exclusive-edp-spray-4-2-oz-fragrances-3700578518194.html
HUGO BOSS,Men's Perfume Bottled Elixir Perfume Spray 3.4 oz Fragrances,3.4 oz / 100 ml,$79.99,$145.00,https://www.jomashop.com/hugo-boss-mens-perfume-bottled-elixir-perfume-spray-3-4-oz-fragrances-3616304691645.html
FRAGRANCE WORLD,Spectre Ghost EDP 2.7 oz Fragrances,,$34.99,$90.00,https://www.jomashop.com/fragrance-world-spectre-ghost-edp-2-7-oz-fragrances-6290360372723.html
AMOUAGE,Ladies Interlude EDP Spray 3.4 oz Fragrances,,$159.99,$380.00,https://www.jomashop.com/amouage-ladies-interlude-edp-spray-3-4-oz-fragrances-701666410201.html
VERSACE,Signature Homme / EDT Spray (blue / Silver) 6.7 oz (m),Gift Set,$67.99,$140.00,https://www.jomashop.com/versace-signature-homme-versace-edt-spray-blue-silver-6-7-oz-m-vsimts67.html
CAROLINA HERRERA,Ladies Good Girl Blush Elixir EDP Spray 1.7 oz Fragrances,1.7 oz / 50 ml,$79.99,$140.00,https://www.jomashop.com/carolina-herrera-ladies-good-girl-blush-elixir-edp-spray-1-7-oz-fragrances-8411061083666.html
CAROLINA HERRERA,Ladies Good Girl Blush Elixir EDP Spray 2.7 oz (Tester) Fragrances 8411061083697,,,,https://www.jomashop.com/carolina-herrera-ladies-good-girl-blush-elixir-edp-spray-2-7-oz-fragrances-8411061083697.html
CAROLINA HERRERA,Ladies Good Girl Blush Elixir EDP Spray 2.7 oz Fragrances,2.7 oz,$116.99,$170.00,https://www.jomashop.com/carolina-herrera-ladies-good-girl-blush-elixir-edp-spray-2-7-oz-fragrances-8411061083659.html
LATTAFA,Ladies Her Confession EDP Spray 3.4 oz Fragrances,,$42.99,$90.00,https://www.jomashop.com/lattafa-ladies-her-confession-edp-spray-3-4-oz-fragrances-6290360599120.html
GIORGIO ARMANI,Emporio Stronger With You / EDT Spray 3.4 oz (100 ml) (m),3.4 oz / 100 ml,$60.00,$100.00,https://www.jomashop.com/giorgio-armani-perfume-esymts34-a.html
CREED,Men's Viking Cologne EDP Spray 3.3 oz Fragrances,3.3 oz / 100 ml,$199.99,$495.00,https://www.jomashop.com/creed-mens-viking-cologne-spray-3-3-oz-fragrances-3508441001381.html
LATTAFA,Men's The Kingdom EDP Spray 3.4 oz Fragrances,,$23.99,$75.00,https://www.jomashop.com/lattafa-mens-the-kingdom-edp-spray-3-4-oz-fragrances-6290360598345.html
ARMAF,Ladies Club De Nuit White Imperiale EDP Spray 3.6 oz (100 ml),3.6 oz,$33.99,$125.00,https://www.jomashop.com/armaf-ladies-club-de-nuit-imperiale-edp-spray-3-6-oz-fragrances-6294015164169.html
ARMAF,Ladies Club de Nuit White Imperiale EDP 3.6 oz (Tester) Fragrances,3.6 oz - Tester,$43.99,$125.00,https://www.jomashop.com/armaf-ladies-club-de-nuit-white-imperiale-edp-3-6-oz-tester-fragrances-538819.html
ARMAF,Ladies Club De Nuit Imperiale EDP Spray 6.8 oz Fragrances,6.8 oz / 200 ml,$54.99,$160.00,https://www.jomashop.com/armaf-ladies-club-de-nuit-imperiale-edp-spray-6-8-oz-fragrances-6294015164305.html
ARMAF,Men's Club De Nuit Imperiale Body Spray 6.7 oz Fragrances,Body Spray,$14.99,,https://www.jomashop.com/armaf-mens-club-de-nuit-imperiale-body-spray-6-7-oz-fragrances-6295199802380.html
ARMAF,Unisex Club De Nuit Untold EDP Spray 3.6 oz (Tester) Fragrances,3.6 oz - Tester,$54.95,$125.00,https://www.jomashop.com/armaf-unisex-club-de-nuit-untold-edp-spray-3-6-oz-tester-fragrances-t6294015164176.html
ARMAF,Men's Club De Nuit Untold Body Spray 6.7 oz Fragrances,Body Spray,$14.99,,https://www.jomashop.com/armaf-mens-club-de-nuit-untold-body-spray-6-7-oz-fragrances-6295199802366.html
ARMAF,Unisex Club De Nuit Untold EDP Spray 1.0 oz Fragrances,,$23.99,$45.00,https://www.jomashop.com/armaf-mens-club-de-nuit-untold-edp-spray-1-0-oz-fragrances-6294015169928.html
HERMES,Terre Dhermes / EDT Spray 3.3 oz (100 ml) (M),3.3 oz,$67.99,$134.00,https://www.jomashop.com/terre-dhermes-hermes-edt-spray-3-3-oz-100-ml-m-3346130009603.html
PRADA,Men's Luna Rossa Ocean EDP Spray 3.38 oz Fragrances,3.38 oz / 100 ml,$84.99,$130.00,https://www.jomashop.com/prada-mens-luna-rossa-ocean-edp-spray-3-38-oz-fragrances-3614273768832.html
GUCCI,Ladies Flora Gorgeous Gardenia EDP Spray 0.33 oz Fragrances,0.33 oz / 10 ml,$24.99,$39.00,https://www.jomashop.com/gucci-ladies-flora-gorgeous-gardenia-edp-spray-0-33-oz-fragrances-3616302039357.html
GUCCI,Ladies Flora Gorgeous Gardenia EDP Spray 1 oz Fragrances,1.0 oz / 30 ml,$54.99,$92.00,https://www.jomashop.com/gucci-ladies-flora-gorgeous-gardenia-edp-spray-1-oz-fragrances-3616302022465.html
GUCCI,Ladies Flora Gorgeous Gardenia EDP Spray 1.6 oz Fragrances,1.6 oz / 50 ml,$74.99,$150.00,https://www.jomashop.com/gucci-ladies-flora-by-gucci-gorgeous-gardenia-edp-spray-1-6-oz-fragrances-3616302022489.html
GUCCI,Ladies Flora Gorgeous Gardenia EDP Spray 3.38 oz (Tester) Fragrances,3.38 oz / 100 ml - Tester,$79.99,$155.00,https://www.jomashop.com/gucci-ladies-flora-gorgeous-gardenia-edp-spray-3-38-oz-tester-fragrances-3616302022441.html
GUCCI,Ladies Flora by Gorgeous Gardenia EDP Spray 3.3 oz Fragrances,3.3 oz,$89.99,$168.00,https://www.jomashop.com/gucci-ladies-flora-by-gucci-gorgeous-gardenia-edp-spray-3-3-oz-fragrances-3616302022472.html
GUCCI,Ladies Flora Gorgeous Gardenia 2pc Gift Set Fragrances 3616303784843,Gift Set,$89.99,$153.00,https://www.jomashop.com/gucci-ladies-flora-gorgeous-gardenia-2pc-gift-set-fragrances-3616303784843-guc99260108146.html
GUCCI,Ladies Flora Gorgeous Gardenia 3.3 oz Gift Set Fragrances,Gift Set,$92.99,$160.00,https://www.jomashop.com/gucci-ladies-flora-gorgeous-gardenia-3-3-oz-gift-set-fragrances-3616303785062.html
CREED,Ladies Spring Flower 2023 EDP 2.5 oz (Tester) Fragrances,2.5 oz / 75 ml - Tester,$184.99,$425.00,https://www.jomashop.com/creed-creed-spring-flower-2023-edp-2-5-oz-tester-fragrances-3508440561824.html
CREED,Ladies Spring Flower 2023 EDP 2.5 oz Fragrances 3508440561800,2.5 oz / 75 ml,$195.95,$450.00,https://www.jomashop.com/creed-ladies-creed-spring-flower-2023-edp-2-5-oz-fragrances-3508440561800.html
ARABIYAT PRESTIGE,Unisex Mahd Al Dahan EDP Spray 3.4 oz Fragrances,,$39.99,,https://www.jomashop.com/arabiyat-prestige-unisex-mahd-al-dahan-edp-spray-3-4-oz-fragrances-6290361912355.html
LANCOME,Ladies La Vie Est Belle L'Elixir EDP Spray 0.34 oz Fragrances 3614274169669,,,,https://www.jomashop.com/lancome-ladies-la-vie-est-belle-lelixir-edp-spray-0-34-oz-fragrances-3614274169669.html
LANCOME,Ladies La Vie Est Belle L'Elixir EDP Spray 1.7 oz (Tester) Fragrances,1.7 oz / 50 ml - Tester,$64.99,$132.00,https://www.jomashop.com/lancome-ladies-la-vie-est-belle-lelixir-edp-spray-1-7-oz-tester-fragrances-3614274169690.html
LANCOME,Ladies La Vie Est Belle L'Elixir EDP Spray 1.7 oz Fragrances,1.7 oz / 50 ml,$89.99,$132.00,https://www.jomashop.com/lancome-ladies-la-vie-est-belle-lelixir-edp-spray-1-7-oz-fragrances-3614274169713.html
LANCOME,Ladies La Vie Est Belle L'Elixir EDP Spray 3.4 oz Fragrances,3.4 oz,$119.99,$172.00,https://www.jomashop.com/lancome-ladies-la-vie-est-belle-lelixir-edp-spray-3-4-oz-fragrances-3614274169706.html
PARFUMS DE MARLY,Unisex Sedley EDP Spray 2.5 oz Fragrances,2.5 oz / 75 ml,$256.50,$285.00,https://www.jomashop.com/parfums-de-marly-unisex-sedley-edp-spray-2-5-oz-fragrances-3700578500762.html
PARFUMS DE MARLY,Men's Sedley EDP Spray 4.2 oz (125 ml),4.2 oz / 125 ml,$346.50,$385.00,https://www.jomashop.com/parfums-de-marly-mens-sedley-edp-spray-4-2-oz-fragrances-3700578526007.html
CREED,Love In White / EDP Spray 2.5 oz (u),2.5 oz / 75 ml,$199.99,$445.00,https://www.jomashop.com/creed-clwes25.html
YVES SAINT LAURENT,L'HOMME / YSL EDT SPRAY 2.0 OZ (M),2.0 oz / 60 ml,$51.99,$105.00,https://www.jomashop.com/ysl-lhomts2-a.html
YVES SAINT LAURENT,Men's L'Homme EDT Spray 3.4 oz (Tester) Fragrances,3.4 oz / 100 ml - Tester,$59.99,$108.00,https://www.jomashop.com/yves-saint-laurent-mens-lhomme-edt-spray-3-4-oz-fragrances-3365440646971-lhomts34t.html
YVES SAINT LAURENT,Lhomme / Ysl EDT Spray 3.4 oz (100 ml) (m),3.4 oz / 100 ml,$68.99,$130.00,https://www.jomashop.com/ysl-lhomts34-a.html
YVES SAINT LAURENT,Men's L'Homme EDT Spray 6.8 oz Fragrances 3365440328761,6.8 oz / 200 ml,$124.99,$175.00,https://www.jomashop.com/yves-saint-laurent-mens-lhomme-edt-spray-6-8-oz-fragrances-3365440328761.html
YVES SAINT LAURENT,Men's L'Homme Gift Set Fragrances 3614274093094,,,,https://www.jomashop.com/yves-saint-laurent-mens-lhomme-3-oz-gift-set-fragrances-3614271034113.html
XERJOFF,Men's Casamorati Mefisto EDP 3.4 oz Fragrances,3.4 oz / 100 ml,$169.99,$305.00,https://www.jomashop.com/xerjoff-mens-casamorati-1888-mefisto-edp-3-4-oz-fragrances-8033488153557.html
DOLCE & GABBANA,Men's Light Blue EDT Spray 1.7 oz Fragrances,1.7 oz / 50 ml,$44.99,,https://www.jomashop.com/dolce-and-gabbana-mens-light-blue-edt-spray-1-7-oz-fragrances-8057971188109.html
AMOUAGE,Ladies Lilac Love EDP Spray 3.4 oz (100 ml),,$184.50,$380.00,https://www.jomashop.com/amouage-ladies-lilac-love-edp-spray-3-4-oz-fragrances-701666262008.html
BDK PARFUMS,Unisex Vanille Leather EDP 3.3 oz Fragrances,,$217.50,$290.00,https://www.jomashop.com/bdk-parfums-unisex-vanille-leather-edp-3-3-oz-fragrances-3760035450986.html
BOND NO.9,Fidi / EDP Spray 3.3 oz (100 ml) (M),,$159.99,$529.00,https://www.jomashop.com/fidi-bond-no-9-edp-spray-3-3-oz-100-ml-m-888874006836.html
TIZIANA TERENZI,Talitha Extrait De Parfum Spray 3.4 oz Fragrance,3.4 oz,$105.95,$550.00,https://www.jomashop.com/tiziana-terenzi-talitha-extrait-de-parfum-spray-3-4-oz-fragrance-8016741112669.html
TIZIANA TERENZI,Unisex Talitha Extrait de Parfum Spray 3.38 oz (Tester) Fragrances 0907654320125,,,,https://www.jomashop.com/tiziana-terenzi-unisex-talitha-extrait-de-parfum-spray-3-38-oz-tester-fragrances-0-907654320125-0907654320125.html
ARMAF,Men's Odyssey Mandarin Sky Elixir EDP Spray 3.4 oz Fragrances,,$44.99,$80.00,https://www.jomashop.com/armaf-mens-odyssey-mandarin-sky-elixir-edp-spray-3-4-oz-fragrances-6295199805022.html
JEAN PAUL GAULTIER,- Le Beau Le Parfum Eau De Parfum Intense Spray 75ml / 2.5oz,2.5 oz / 75 ml,$92.99,$120.00,https://www.jomashop.com/jean-paul-gaultier-le-beau-le-parfum-eau-de-parfum-intense-spray-75ml-2-5oz-8435415062213.html
LATTAFA,Unisex Pride Nebras EDP Spray 0.68 oz (Tester) Fragrances 0,0.68 oz - Tester,$11.00,,https://www.jomashop.com/lattafa-unisex-pride-nebras-edp-spray-0-68-oz-tester-fragrances-0-851230456985-0851230456985.html
LATTAFA,Unisex Pride Nebras EDP 3.4 oz Fragrances,3.4 oz,$34.99,$100.00,https://www.jomashop.com/lattafa-unisex-pride-nebras-edp-3-4-oz-fragrances-6291108738276.html
DIOR,Christian Men's Sauvage EDT Spray 1 oz Fragrances,1.0 oz / 30 ml,$69.99,$75.00,https://www.jomashop.com/christian-dior-mens-sauvage-edt-spray-1-oz-fragrances-3348901520195.html
DIOR,"Sauvage / Christian EDT Spray ""new Fragrance"" 2.0 oz (60 ml) (m)",2.0 oz / 60 ml,$91.99,$115.00,https://www.jomashop.com/christian-dior-perfume-svgmts2-a.html
DIOR,Christian Men's Sauvage EDT Spray 3.4 oz (Tester) Fragrances,3.4 oz / 100 ml - Tester,$109.99,$136.00,https://www.jomashop.com/christian-dior-mens-sauvage-edt-spray-3-4-oz-tester-fragrances-3348901473231.html
DIOR,"Sauvage / Christian EDT Spray ""new Fragrance"" 3.4 oz (m)",3.4 oz / 100 ml,$120.50,$135.00,https://www.jomashop.com/christian-dior-perfume-svgmts34.html
DIOR,"Sauvage / Christian EDT Spray ""new Fragrance"" 6.7 oz (m)",6.7 oz / 200 ml,$144.99,$180.00,https://www.jomashop.com/christian-dior-perfume-svgmts67.html
DIOR,Christian Men's Sauvage EDT 10.1 oz Refill Fragrances,10.1 oz,$191.99,$240.00,https://www.jomashop.com/christian-dior-mens-sauvage-edt-10-1-oz-fragrances-3348901470353.html
BOND NO.9,Men's Beekman Place EDP Spray 0.057 oz Fragrances,0.057 oz,$9.99,,https://www.jomashop.com/bond-no-9-mens-beekman-place-edp-spray-0-057-oz-fragrances-888874058132.html
BOND NO.9,Unisex Beekman Place EDP Spray 3.4 oz (Tester) Fragrances,3.4 oz / 100 ml - Tester,$149.99,$450.00,https://www.jomashop.com/bond-no-9-unisex-beekman-place-edp-spray-3-4-oz-tester-fragrances-t888874008441.html
BOND NO.9,Unisex Beekman Place EDP Spray 3.4 oz Fragrances,3.4 oz / 100 ml,$199.99,$517.50,https://www.jomashop.com/bond-no-9-unisex-beekman-place-edp-spray-3-4-oz-fragrances-888874008441.html
YVES SAINT LAURENT,Ladies Black Opium EDP Spray 0.25 oz Fragrances 3365440804340,,,,https://www.jomashop.com/yves-saint-laurent-ladies-black-opium-edp-spray-0-25-oz-fragrances-3365440804340.html
YVES SAINT LAURENT,Black Opium / Ysl EDP Spray 1.0 oz (30 ml) (w),1.0 oz / 30 ml,$59.99,$95.00,https://www.jomashop.com/ysl-fragrances-bloes1-a-1-0oz.html
YVES SAINT LAURENT,Black Opium / Ysl EDP Spray 1.6 oz (50 ml) (w),1.6 oz,$84.99,$140.00,https://www.jomashop.com/ysl-bloes16-a.html
YVES SAINT LAURENT,Ladies Black Opium EDP Spray 3 oz (Tester) Fragrances,3.0 oz / 90 ml - Tester,$100.99,$160.00,https://www.jomashop.com/yves-saint-laurent-ladies-black-opium-edp-spray-3-oz-tester-fragrances-3365440788039.html
YVES SAINT LAURENT,Black Opium / Ysl EDP Spray 3.0 oz (90 ml) (w),3.0 oz,$112.99,$165.00,https://www.jomashop.com/black-opium-ysl-edp-spray-3-0-oz-90-ml-w-3365440787971.html
YVES SAINT LAURENT,Black Opium Eau De Perfume 1.7 oz (50 ml) Spray and Body Lotion Set,Gift Set,$82.99,$150.00,https://www.jomashop.com/yves-saint-laurent-black-opium-eau-de-perfume-1-7-oz-spray-and-body-lotion-set-3660732069484.html
YVES SAINT LAURENT,Ladies Black Opium Gift Set Fragrances,Gift Set,$99.99,$125.00,https://www.jomashop.com/yves-saint-laurent-ladies-black-opium-gift-set-fragrances-3614273733496.html
YVES SAINT LAURENT,Ladies Black Opium Gift Set Fragrances,Gift Set,$134.99,$165.00,https://www.jomashop.com/yves-saint-laurent-ladies-black-opium-gift-set-fragrances-3614273956796.html
AMOUAGE,Dia by for Men - 1.7 oz EDP Spray,1.7 oz,$149.99,$265.00,https://www.jomashop.com/dia-by-amouage-for-men-1-7-oz-edp-spray-701666300915.html
AMOUAGE,Men's Dia EDP Spray 3.4 oz (100 ml),3.4 oz / 100 ml,$194.50,$380.00,https://www.jomashop.com/amouage-mens-dia-edp-spray-3-4-oz-fragrances-701666410034.html
XERJOFF,Casamorati Lira Eau De Parfum Spray 3.4 Oz For Women,3.4 oz,$189.99,$468.00,https://www.jomashop.com/xerjoff-casamorati-lira-eau-de-parfum-spray-3-4-oz-for-women-8033488153595.html
AFNAN,Unisex Mystique Bouquet EDP Spray 2.7 oz Fragrances,,$39.99,$70.00,https://www.jomashop.com/afnan-unisex-mystique-bouquet-edp-spray-2-7-oz-fragrances-6290171073840.html
BDK PARFUMS,Unisex Pas Ce Soir EDP 3.4 Oz Fragrances,,$187.50,$250.00,https://www.jomashop.com/bdk-parfums-unisex-pas-ce-soir-edp-3-4-oz-fragrances-3760035450016.html
ZADIG & VOLTAIRE,Zadig and Voltaire Ladies This is Her! EDP Spray 3.4 oz (100 ml),,,,https://www.jomashop.com/zadig-and-voltaire-ladies-this-is-her-edp-spray-3-4-oz-fragrances-3423474891856.html
JEAN PAUL GAULTIER,Ladies La Belle Paradise Garden EDP Spray 1.0 oz Fragrances,1.0 oz / 30 ml,$64.99,,https://www.jomashop.com/jean-paul-gaultier-ladies-la-belle-paradise-garden-edp-spray-1-0-oz-fragrances-8435415091190.html
JEAN PAUL GAULTIER,Ladies La Belle Paradise Garden EDP Spray 1.7 oz Fragrances,1.7 oz / 50 ml,$71.99,$130.00,https://www.jomashop.com/jean-paul-gaultier-ladies-la-belle-paradise-garden-edp-spray-1-7-oz-fragrances-8435415091268.html
JEAN PAUL GAULTIER,Ladies La Belle Paradise Garden EDP 3.4 oz,3.4 oz / 100 ml,$99.99,$155.00,https://www.jomashop.com/jean-paul-gaultier-ladies-la-belle-paradise-garden-edp-3-4-oz-fragrances-8435415091251.html
JEAN PAUL GAULTIER,Ladies La Belle Paradise Garden EDP Spray 3.4 oz (Tester) Fragrances,3.4 oz / 100 ml - Tester,$107.99,$155.00,https://www.jomashop.com/jean-paul-gaultier-ladies-la-belle-paradise-garden-edp-spray-3-4-oz-tester-fragrances-8435415091220.html
GIORGIO ARMANI,Men's Armani Code EDP 1.7 oz Fragrances,1.7 oz / 50 ml,$69.99,$118.00,https://www.jomashop.com/giorgio-armani-mens-armani-code-edp-1-7-oz-fragrances-3614273636445.html
GIORGIO ARMANI,Men's Armani Code EDP 2.5 oz (Tester) Fragrances,2.5 oz / 75 ml - Tester,$84.99,$130.00,https://www.jomashop.com/giorgio-armani-mens-armani-code-edp-2-5-oz-tester-fragrances-3614273636391.html
GIORGIO ARMANI,Men's Armani Code Eau de Parfum (2024) EDP Spray 2.5 oz Fragrances,2.5 oz / 75 ml,$84.99,$139.00,https://www.jomashop.com/giorgio-armani-mens-armani-code-eau-de-parfum-2024-edp-spray-2-5-oz-fragrances-3614273636414.html
GIORGIO ARMANI,Men's Armani Code EDP 4.2 oz Fragrances,4.2 oz / 125 ml,$104.99,$198.00,https://www.jomashop.com/giorgio-armani-mens-armani-code-edp-4-2-oz-fragrances-3614273636384.html
VERSACE,Crystal Noir / EDP Spray 1.7 oz (w),1.7 oz,$41.99,$75.00,https://www.jomashop.com/versace-perfume-cryes17.html
VERSACE,Ladies Crystal Noir EDP Spray 3 oz (Tester) Fragrances,3.0 oz,$49.99,$120.00,https://www.jomashop.com/versace-ladies-crystal-noir-edp-spray-3-oz-tester-fragrances-8011003997831.html
VERSACE,Crystal Noir by EDP Spray 3.0 oz (w),3.0 oz,$58.99,$120.00,https://www.jomashop.com/versace-perfume-cryes3.html
XERJOFF,Unisex Torino 24 EDP Spray 1.7 oz (Tester) Fragrances,1.7 oz / 50 ml - Tester,$139.99,$225.00,https://www.jomashop.com/xerjoff-unisex-torino-24-edp-spray-1-7-oz-tester-fragrances-8054320904199.html
XERJOFF,Unisex Torino 24 EDP Spray 1.69 oz Fragrances,1.69 oz,$169.99,$225.00,https://www.jomashop.com/xerjoff-unisex-torino-24-edp-spray-1-69-oz-fragrances-8054320904182.html
JEAN PAUL GAULTIER,Men's Le Male Elixir Absolu Parfum Intense 2.5 oz Fragrances,2.5 oz / 75 ml,$125.99,$140.00,https://www.jomashop.com/jean-paul-gaultier-mens-le-male-elixir-absolu-2-5-oz-fragrances-8435415102339.html
JEAN PAUL GAULTIER,Men's Le Male Elixir Absolu Parfum 4.2 oz Fragrances,4.2 oz / 125 ml,$148.75,$175.00,https://www.jomashop.com/jean-paul-gaultier-mens-le-male-elixir-absolu-edp-spray-4-2-oz-fragrances-8435415102346.html
JEAN PAUL GAULTIER,Men's Le Male Elixir Absolu 6.8 oz Fragrances,6.8 oz / 200 ml,$179.99,$225.00,https://www.jomashop.com/jean-paul-gaultier-mens-le-male-elixir-absolu-6-8-oz-fragrances-8435415102353.html
DIOR,Christian Men's Homme Sport EDT Spray 2.54 oz Fragrances,2.54 oz,$94.99,$105.00,https://www.jomashop.com/christian-dior-mens-homme-sport-edt-spray-2-54-oz-fragrances-3348901580076.html
DIOR,Christian Men's Homme EDT Spray 3.3 oz (Tester) Fragrances,3.3 oz / 100 ml - Tester,$99.99,$100.00,https://www.jomashop.com/christian-dior-mens-homme-sport-edt-spray-3-3-oz-tester-fragrances-3348901426930.html
DIOR,Christian Men's Dior Homme Sport 2021 EDT Spray 4.2 oz Fragrances,4.2 oz / 125 ml,$114.99,$149.00,https://www.jomashop.com/christian-dior-mens-dior-homme-sport-edt-4-2-oz-fragrances-3348901580069.html
DIOR,Christian Men's Dior Homme Sport 2021 EDT 6.8 Oz Fragrances,6.8 oz / 200 ml,$159.99,$180.00,https://www.jomashop.com/christian-dior-mens-dior-homme-sport-2021-edt-6-8-oz-fragrances-3348901627320.html
BOND NO.9,Wall Street / EDP Spray 100 ML / 3.3 oz (m),3.3 oz / 100 ml,$164.99,$506.00,https://www.jomashop.com/bond-no9-9wstmes33.html
MAISON MARGIELA,Men's Replica Coffee Break EDT Spray 3.4 oz Fragrances,,$89.99,$165.00,https://www.jomashop.com/maison-margiela-mens-replica-coffee-break-edt-spray-3-4-oz-fragrances-3614272661240.html
GOLDFIELD AND BANKS,Unisex Bohemian Lime Parfum Concentrate Spray 3.4 oz Fragrances,3.4 oz / 100 ml,$153.75,$205.00,https://www.jomashop.com/goldfield-and-banks-unisex-bohemian-lime-edp-spray-3-4-oz-fragrances-9356353000008.html
MANCERA,Unisex Red Tobacco Intense Extrait de Parfum Spray 4.0 oz Fragrances,,$91.99,$225.00,https://www.jomashop.com/mancera-red-tobacco-intense-edp-spray-4-0-oz-fragances-3760265194513.html
DIOR,Christian Men's Fahrenheit Parfum EDP Spray 2.5 oz (75 ml),,$118.99,$155.00,https://www.jomashop.com/christian-dior-mens-fahrenheit-parfum-edp-spray-2-5-oz-fragrances-3348901116817.html
CREED,Acqua Fiorentina / EDP Spray 2.5 oz (w),2.5 oz / 75 ml,$192.99,$480.00,https://www.jomashop.com/creed-perfume-caqes25.html
ARMAF,Men's Infinity Silver EDP Spray 3.6 oz Fragrances,,$34.99,,https://www.jomashop.com/armaf-mens-infinity-silver-edp-spray-3-6-oz-fragrances-6294015183641.html
BYREDO,- Bibliotheque Eau De Parfum Spray 100ml/3.3oz,,$189.99,$320.00,https://www.jomashop.com/byredo-bibliotheque-eau-de-parfum-spray-100ml-3-3oz-7340032816280.html
COACH,New York / EDT Spray 6.7 oz (200 ml) (m),6.7 oz,$59.99,$164.00,https://www.jomashop.com/coach-new-york-coach-edt-spray-6-7-oz-200-ml-m-cnymts67w.html
PACO RABANNE,Men's 1 Million Royal Parfum Spray 3.4 oz Fragrances,3.4 oz,$85.99,$165.00,https://www.jomashop.com/paco-rabanne-mens-1-million-royal-edp-spray-3-4-oz-fragrances-3349668617050.html
DOLCE & GABBANA,Ladies Light Blue Capri In Love EDP Spray 3.4 oz Fragrances,,$64.99,$165.00,https://www.jomashop.com/dolce-and-gabbana-ladies-light-blue-capri-in-love-edp-spray-3-4-oz-fragrances-8054754407235.html
NARCISO RODRIGUEZ,Men's Bleu Noir Parfum 3.38 oz Fragrances,,$55.99,$120.00,https://www.jomashop.com/narciso-rodriguez-mens-blue-noir-parfum-3-38-oz-fragrances-3423222056070.html
BOADICEA THE VICTORIOUS,Unisex Bodacious EDP Spray 3.4 oz Fragrances,,$269.99,$390.00,https://www.jomashop.com/boadicea-the-victorious-unisex-bodacious-edp-spray-3-4-oz-fragrances-5060475233797.html
JIMMY CHOO,Ladies I Want Choo Le Parfum Spray 3.4 oz Fragrances,3.4 oz / 100 ml,$79.99,$154.00,https://www.jomashop.com/jimmy-choo-ladies-i-want-choo-le-parfum-edp-spray-3-4-oz-fragrances-3386460141703.html
LATTAFA,Unisex Fakhar Platin EDP Spray 3.4 oz Fragrances,,$34.99,$60.00,https://www.jomashop.com/lattafa-unisex-fakhar-platin-edp-spray-3-4-oz-fragrances-6290362345817.html
PARFUMS DE MARLY,Unisex Greenley EDP Spray 2.5 oz Fragrances,2.5 oz / 75 ml,$256.50,$285.00,https://www.jomashop.com/parfums-de-marly-unisex-greenley-edp-spray-2-5-oz-fragrances-3700578500885.html
TOM FORD,Unisex Neroli Portofino EDP Spray 1.0 oz (30 ml) Private Blend,1.0 oz / 30 ml,$110.00,$195.00,https://www.jomashop.com/tom-ford-unisex-neroli-portofino-edp-spray-1-0-oz-fragrances-888066023788.html
TOM FORD,Unisex Neroli Portofino EDP Spray 1.7 oz (50 ml) Private Blend,1.7 oz / 50 ml,$202.99,$270.00,https://www.jomashop.com/tom-ford-unisex-neroli-portofino-edp-spray-1-7-oz-fragrances-888066008433.html
TOM FORD,Neroli Portofino Eau de Parfum Spray 3.4 Oz Private Blend,3.4 oz / 100 ml,$265.00,$445.00,https://www.jomashop.com/tom-ford-neroli-portofino-eau-de-parfum-spray-888066008457.html
MARC JACOBS,Ladies Perfect EDP Spray 0.34 oz Fragrances 3614227086142,,,,https://www.jomashop.com/marc-jacobs-ladies-daisy-perfec-rollerball-0-34-oz-fragrances-3614227086142.html
MARC JACOBS,Ladies Perfect EDP Spray 1.6 oz Fragrances,1.6 oz / 50 ml,$60.99,$125.00,https://www.jomashop.com/marc-jacobs-ladies-perfect-edp-spray-1-6-oz-fragrances-3614227086029.html
MARC JACOBS,Ladies Perfect EDP Spray 3.38 oz (Tester) Fragrances,3.4 oz / 100 ml - Tester,$64.99,$160.00,https://www.jomashop.com/marc-jacobs-ladies-perfect-edp-spray-3-38-oz-tester-fragrances-3614227086241.html
MARC JACOBS,Ladies Perfect EDP Spray 3.3 oz Fragrances,3.3 oz / 100 ml,$69.98,$160.00,https://www.jomashop.com/marc-jacobs-ladies-perfect-edp-spray-3-3-oz-fragrances-3614227086227.html
MARC JACOBS,Ladies Perfect EDP Spray 5.0 oz Fragrances,5.0 oz / 150 ml,$94.99,$188.00,https://www.jomashop.com/marc-jacobs-ladies-perfect-edp-spray-5-0-oz-fragrances-3616304254215.html
MARC JACOBS,Ladies Perfect Gift Set Fragrances,Gift Set,$79.99,$163.00,https://www.jomashop.com/marc-jacobs-ladies-perfect-gift-set-fragrances-3616303311582.html
MARC JACOBS,Ladies Jacobs Perfect 3pc Gift Set Fragrances,Gift Set,$89.99,$165.00,https://www.jomashop.com/marc-jacobs-ladies-jacobs-perfect-3pc-gift-set-fragrances-3616303455842-mj794066.html
JEAN PAUL GAULTIER,Men's Scandal Absolu Parfum 1.7 oz Fragrances,1.7 oz / 50 ml,$79.99,$125.00,https://www.jomashop.com/jean-paul-gaultier-mens-scandal-absolu-parfum-1-7-oz-fragrances-8435415080378.html
JEAN PAUL GAULTIER,Men's Scandal Absolu Parfum 3.4 oz Fragrances,3.4 oz / 100 ml,$109.97,$183.00,https://www.jomashop.com/jean-paul-gaultier-mens-scandal-absolu-parfum-3-4-oz-fragrances-8435415080385.html
VALENTINO GARAVANI,Men's Born in Roma Green Stravaganza EDT Spray 3.4 oz Fragrances,3.4 oz / 100 ml,$94.99,$136.00,https://www.jomashop.com/valentino-mens-born-in-roma-green-stravaganza-edt-spray-3-4-oz-fragrances-3614274024807.html
BURBERRY,London by EDT Spray 1.0 oz,1.0 oz / 30 ml,$20.99,$51.00,https://www.jomashop.com/burberry-blnmts1b.html
BURBERRY,Men's London EDT Spray 1.7 oz (50 ml),1.7 oz / 50 ml,$26.99,$85.00,https://www.jomashop.com/burberry-mens-london-edt-spray-1-7-oz-fragrances-3614226904997.html
BURBERRY,Men's London EDT Spray 3.3 OZ (Tester) Fragrances,3.3 oz,$34.99,$105.00,https://www.jomashop.com/burberry-blnmts33bx.html
BURBERRY,London Men / EDT Spray 3.3 oz (100 ml) (m),3.3 oz / 100 ml,$35.95,$105.00,https://www.jomashop.com/burberry-london-men-burberry-edt-spray-3-3-oz-100-ml-m-blnmts33.html
TOM FORD,Unisex Private Blend Soleil Blanc EDP Spray 1 oz Fragrances,1.0 oz / 30 ml,$139.99,$225.00,https://www.jomashop.com/tom-ford-unisex-private-blend-soleil-blanc-edp-spray-1-oz-fragrances-888066080729.html
TOM FORD,- Private Blend Soleil Blanc Eau De Parfum Spray 50ml/1.7oz,1.7 oz / 50 ml,$179.99,$285.00,https://www.jomashop.com/tom-ford-private-blend-soleil-blanc-eau-de-parfum-spray-50ml-1-7oz-888066048958.html
TOM FORD,Unisex Private Blend Soleil Blanc EDP Spray 3.4 oz Fragrances,3.4 oz / 100 ml,$344.99,$445.00,https://www.jomashop.com/tom-ford-unisex-private-blend-soleil-blanc-edp-spray-3-4-oz-fragrances-888066048873.html
XERJOFF,Unisex Shooting Stars La Capitale EDP Spray 1.7 oz Fragrances,,$189.95,$547.00,https://www.jomashop.com/xerjoff-unisex-shooting-stars-la-capital-edp-spray-1-7-oz-fragrances-8033488158194.html
MONTALE,Ladies Roses Musk EDP Spray 0.67 oz Fragrances 000850037878,,,,https://www.jomashop.com/montale-ladies-roses-musk-edp-spray-0-67-oz-fragrances-000-850037878-000850037878.html
MONTALE,Ladies Roses Musk EDP Spray 3.3 oz (Tester) Fragrances,3.3 oz / 100 ml - Tester,$59.99,$180.00,https://www.jomashop.com/montale-ladies-roses-musk-edp-spray-3-3-oz-tester-fragrances-7290115045192.html
MONTALE,Ladies Roses Musk EDP Spray 3.3 oz Fragrances,3.3 oz / 100 ml,$68.99,$180.00,https://www.jomashop.com/montale-perfume-rokes33.html
TOM FORD,Men's Fucking Fabulous EDP Spray 1.7 oz Private Blend,1.7 oz / 50 ml,$241.99,$405.00,https://www.jomashop.com/tom-ford-mens-fucking-fabulous-edp-spray-1-7-oz-fragrances-888066075848.html
PACO RABANNE,Men's Phantom Parfum Spray 1.7 oz Fragrances 3349668614585,,,,https://www.jomashop.com/paco-rabanne-mens-phantom-parfum-spray-1-7-oz-fragrances-3349668614585.html
PACO RABANNE,Phantom / Parfum Spray Tester 3.4 oz (100 ml) (M),,,,https://www.jomashop.com/phantom-paco-rabanne-parfum-spray-tester-3-4-oz-100-ml-m-3349668614639.html
PACO RABANNE,Men's Phantom Parfum Spray 3.4 oz Fragrances,3.4 oz / 100 ml,$79.99,$162.00,https://www.jomashop.com/paco-rabanne-mens-phantom-parfum-spray-3-4-oz-fragrances-3349668614592.html
PACO RABANNE,Men's Phantom Parfum Spray 5.0 oz Fragrances 3349668614608,,,,https://www.jomashop.com/paco-rabanne-mens-phantom-parfum-spray-5-0-oz-fragrances-3349668614608.html
MONTBLANC,Legend Spirit / Mont Blanc EDT Spray 1.0 oz (30 ml) (m),1.0 oz / 30 ml,$31.99,$64.00,https://www.jomashop.com/mont-blanc-perfume-mlsmts1.html
MONTBLANC,Men's Legend Spirit EDT Spray 3.4 oz (Tester) Fragrances 3386460074902,3.4 oz / 100 ml - Tester,$39.99,$115.00,https://www.jomashop.com/tester-mont-blanc-legend-spirit-men-3-4-oz-edt-spray-3386460074902.html
MONTBLANC,Legend Spirit / Mont Blanc EDT Spray 6.7 oz (200 ml) (m),6.7 oz / 200 ml,$52.86,$128.00,https://www.jomashop.com/mont-blanc-perfume-mlsmts67.html
GISADA,Men's Ambassador Intense EDP Spray 0.05 oz Fragrances,0.05 oz,$7.99,,https://www.jomashop.com/gisada-mens-ambassador-intense-edp-spray-0-05-oz-fragrances-7640164030876.html
GISADA,Men's Ambassador Intense EDP Spray 3.4 oz Fragrances,3.4 oz / 100 ml,$89.99,$139.00,https://www.jomashop.com/gisada-mens-ambassador-intense-edp-spray-3-4-oz-fragrances-7640164031040.html
GRITTI,Ladies Tutu Extrait de Parfum Spray 3.4 oz Fragrances,,$111.95,$300.00,https://www.jomashop.com/gritti-ladies-tutu-extrait-de-parfum-spray-3-4-oz-fragrances-8052204136001.html
PACO RABANNE,Ladies Million Gold EDP Spray 3.0 oz Fragrances,3.0 oz / 90 ml,$123.75,$165.00,https://www.jomashop.com/paco-rabanne-ladies-million-gold-edp-spray-3-0-oz-fragrances-3349668630264.html
MAISON FRANCIS KURKDJIAN,Ladies Baccarat Rouge 540 EDP Spray 6.8 oz Fragrances,6.8 oz / 200 ml,$564.99,$665.00,https://www.jomashop.com/maison-francis-kurkdjian-ladies-baccarat-rouge-540-edp-spray-6-8-oz-fragrances-3700559605417.html
YVES SAINT LAURENT,Ladies Black Opium Le Parfum EDP Spray 1.7 oz Fragrances,1.7 oz / 50 ml,$92.99,$167.00,https://www.jomashop.com/yves-saint-laurent-ladies-black-opium-le-parfum-edp-spray-1-7-oz-fragrances-3614273863377.html
YVES SAINT LAURENT,Ladies Black Opium Le Parfum 3 oz (Tester) Fragrances 3614273913393,,,$205.00,https://www.jomashop.com/yves-saint-laurent-ladies-black-opium-le-parfum-3-oz-tester-fragrances-3614273913393.html
YVES SAINT LAURENT,Ladies Black Opium Le Parfum EDP Spray 3.04 oz Fragrances,3.04 oz,$112.00,$185.00,https://www.jomashop.com/yves-saint-laurent-ladies-black-opium-le-parfum-edp-spray-3-04-oz-fragrances-3614273863360.html
NISHANE,Ani X Extrait de Parfum Spray 1.7 oz Fragrance,1.7 oz / 50 ml,$144.99,$270.00,https://www.jomashop.com/nishane-ani-x-extrait-de-parfum-spray-1-7-oz-fragrance-8683608071072.html
NISHANE,Ani X Extrait de Parfum Spray 3.4 oz Fragrance,3.4 oz / 100 ml,$219.99,$415.00,https://www.jomashop.com/nishane-ani-x-extrait-de-parfum-spray-3-4-oz-fragrance-8683608071089.html
DIOR,Men's Homme 2025 Parfum 2.5 oz Fragrances,,$170.99,$180.00,https://www.jomashop.com/dior-mens-dior-homme-2025-parfum-2-5-oz-fragrances-3348901682527.html
CREED,Viking / EDP Spray 3.3 oz (100 ml) (m),3.3 oz / 100 ml,$254.99,$495.00,https://www.jomashop.com/creed-perfume-cvkmes33.html
AZZARO,Wanted by Night / EDP Spray 3.4 oz (100 ml) (m),,$79.99,$122.00,https://www.jomashop.com/azzaro-perfume-wbnmes34.html
MAISON MARGIELA,Replica Sailing EDT Spray 1 oz Fragrances,1.0 oz / 30 ml,$59.97,$85.00,https://www.jomashop.com/maison-margiela-mens-replica-sailing-edt-spray-1-oz-fragrances-3614273185851.html
MAISON MARGIELA,- Replica Sailing Day Eau De Toilette Spray 100ml/3.4oz,3.4 oz / 100 ml,$86.99,$165.00,https://www.jomashop.com/maison-margiela-replica-sailing-day-eau-de-toilette-spray-100ml-3-4oz-3614271956729.html
MIND GAMES,Unisex Counterplay Extrait de Parfum Spray 3.4 oz Fragrances,,$309.99,$395.00,https://www.jomashop.com/mind-games-unisex-counterplay-extrait-de-parfum-spray-3-4-oz-fragrances-850054846822.html
TIZIANA TERENZI,Unisex Spirito Fiorentino Extrait de Parfum Spray 0.05 oz Fragrances,0.05 oz,$6.99,,https://www.jomashop.com/tiziana-terenzi-unisex-spirito-fiorentino-extrait-de-parfum-spray-0-05-oz-fragrances-8016741682575.html
TIZIANA TERENZI,Unisex Spirito Fiorentino Extrait De Parfum Spray 3.38 oz (Tester) Fragrances 8016741622571,,,,https://www.jomashop.com/tiziana-terenzi-unisex-spirito-fiorentino-extrait-de-parfum-spray-3-38-oz-tester-fragrances-8016741622571.html
TIZIANA TERENZI,Spirito Fiorentino Extrait De Parfum 3.4 oz (100 ml),3.4 oz / 100 ml,$149.99,$395.00,https://www.jomashop.com/tiziana-terenzi-spirito-fiorentino-extrait-de-parfum-3-4-oz-100-ml-8016741572579.html
SWISS ARABIAN,Unisex Essence Of Casablance EDP Spray 3.38 oz Fragrances,,$64.99,$120.00,https://www.jomashop.com/swiss-arabian-unisex-essence-of-casablance-edp-spray-3-38-oz-fragrances-6295124042768.html
LATTAFA,Men's Khamrah Dukhan EDP Spray 3.4 oz Fragrances,,$42.00,$90.00,https://www.jomashop.com/lattafa-mens-khamrah-dukhan-edp-spray-3-4-oz-fragrances-6290362342373.html
DUMONT,Men's Nitro Platinum EDP 3.4 oz Fragrances,,$26.99,$75.00,https://www.jomashop.com/dumont-mens-nitro-platinum-edp-3-4-oz-fragrances-3760060762870.html
DIPTYQUE,- Philosykos Eau De Parfum Spray 75Ml / 2.5Oz,,$171.99,$230.00,https://www.jomashop.com/diptyque-philosykos-eau-de-parfum-spray-75ml-2-5-oz-3700431425461.html
VIKTOR & ROLF,Ladies Flowerbomb Extreme EDP Spray 3.4 oz Fragrances,3.4 oz / 100 ml,$119.99,$185.00,https://www.jomashop.com/viktor-rolf-ladies-flowerbomb-extreme-2013-edp-spray-3-4-oz-fragrances-3614273987936.html
MANCERA,Unisex French Riviera EDP 4.0 oz Fragrances,,$114.99,$190.00,https://www.jomashop.com/mancera-unisex-french-riviera-edp-4-0-oz-fragrances-3760265194230.html
DOLCE & GABBANA,Ladies L'Imperatrice EDT 3.4 oz (100 ml) Fragrances,3.4 oz / 100 ml,$44.99,$95.00,https://www.jomashop.com/dolce-and-gabbana-ladies-limperatrice-edt-3-4-oz-fragrances-8057971182053.html
DOLCE & GABBANA,Ladies L'Imperatrice EDT Spray 1.6 oz Fragrances 3423222015589,,,,https://www.jomashop.com/dolce-and-gabbana-ladies-limperatrice-edt-spray-1-6-oz-fragrances-3423222015589.html
BOADICEA THE VICTORIOUS,Unisex Harmonious EDP 3.4 oz Fragrances,,$299.99,$390.00,https://www.jomashop.com/boadicea-the-victorious-unisex-harmonious-edp-3-4-oz-fragrances-5060475234114.html
JO MILANO,Men's Game Of Spades Diamond Parfum 3.0 oz Fragrances,,$70.99,$320.00,https://www.jomashop.com/jo-milano-mens-game-of-spades-diamond-edp-spray-3-4-oz-fragrances-850051043064.html
PACO RABANNE,Men's One Million Elixir Parfum Spray 0.17 oz Fragrances,0.17 oz,$13.99,$25.00,https://www.jomashop.com/paco-rabanne-mens-one-million-elixir-parfum-spray-0-17-oz-fragrances-3349668601059.html
PACO RABANNE,- One Million Elixir Eau De Parfum Intense Spray 100ml / 3.4oz,,,,https://www.jomashop.com/paco-rabanne-one-million-elixir-eau-de-parfum-intense-spray-100ml-3-4oz-3349668600304.html
TOM FORD,- Black Orchid Parfum Spray 100ml/3.4oz,3.4 oz / 100 ml,$154.99,$300.00,https://www.jomashop.com/tom-ford-black-orchid-parfum-spray-100ml-3-4oz-888066112727.html
ARMAF,Men's Odyssey Aqua EDP Spray 3.4 oz Fragrances,3.4 oz / 100 ml,$28.99,$90.00,https://www.jomashop.com/armaf-mens-odyssey-aqua-edp-spray-3-4-oz-fragrances-6294015166132.html
RASASI,Men's Hawas Elixir EDP Spray 3.4 oz Fragrances,,$39.99,$75.00,https://www.jomashop.com/rasasi-mens-hawas-elixir-edp-spray-3-4-oz-fragrances-614514331057.html
MIND GAMES,Unisex En Prise Extrait de Parfum Spray 3.4 oz Fragrances,,$309.99,$395.00,https://www.jomashop.com/mind-games-unisex-en-prise-extrait-de-parfum-spray-3-4-oz-fragrances-850034671666.html
BOND NO.9,Astor Place EDP Spray 1.7 oz (50 ml),1.7 oz / 50 ml,$139.99,$275.00,https://www.jomashop.com/bond-no-9-ladies-astor-place-edp-spray-1-7-oz-fragrances-888874002036.html
BOND NO.9,Astor Place EDP Spray 3.4 oz Fragrances,3.4 oz / 100 ml,$174.99,$483.00,https://www.jomashop.com/bond-no-9-astor-place-edp-spray-3-4-oz-fragrances-888874002029.html
VERSACE,Men's Eros EDT Spray 3.4 oz (Tester) Fragrances,3.4 oz,$41.99,$110.00,https://www.jomashop.com/versace-mens-eros-edt-spray-3-4-oz-tester-fragrances-8011003810345.html
ARMAF,Unisex Ombre D'Or EDP Spray 2.5 oz Fragrances,,$47.99,,https://www.jomashop.com/armaf-unisex-ombre-dor-edp-spray-2-5-oz-fragrances-6295199801550.html
THOMAS KOSMALA,Unisex Desir Du Coeur No.10 EDP Spray 3.4 oz Fragrances,3.4 oz,$81.99,$225.00,https://www.jomashop.com/thomas-kosmala-unisex-desir-du-coeur-no-10-edp-spray-3-4-oz-fragrances-5060412110440.html
BOADICEA THE VICTORIOUS,Unisex Ardent EDP 3.4 oz Fragrances,,$222.99,$315.00,https://www.jomashop.com/boadicea-the-victorious-unisex-ardent-edp-3-4-oz-fragrances-5060215062229.html
PENHALIGON'S,Ladies The Bewitching Yasmine EDP Spray 2.5 oz,,$189.00,$295.00,https://www.jomashop.com/penhaligons-ladies-portraits-the-bewitching-yasmine-edp-spray-2-5-oz-fragrances-5056245021190.html
MAISON FRANCIS KURKDJIAN,Unisex Gentle Fluidity Silver EDP Spray 1.2 oz Fragrances,1.2 oz,$149.99,$155.00,https://www.jomashop.com/maison-francis-kurkdjian-unisex-gentle-fluidity-silver-edp-spray-1-2-oz-fragrances-3700559609781.html
MAISON FRANCIS KURKDJIAN,Paris Gentle Silver Edition - Eau De Parfum 2.4 oz,2.4 oz,$229.99,$245.00,https://www.jomashop.com/maison-francis-kurkdjian-paris-gentle-silver-edition-eau-de-parfum-2-4-oz-3700559607671.html
MAISON FRANCIS KURKDJIAN,Gentle Fluidity Silver 6.8 oz Eau De Parfum Spray,6.8 oz / 200 ml,$449.99,$475.00,https://www.jomashop.com/maison-francis-kurkdjian-gentle-fluidity-silver-6-8-oz-eau-de-parfum-spray-3700559609804.html
BURBERRY,Men's Hero Intense Parfum 3.4 oz Fragrances,3.4 oz / 100 ml,$134.99,$209.00,https://www.jomashop.com/burberry-mens-hero-intense-parfum-3-4-oz-fragrances-3616305880604.html
TIZIANA TERENZI,Unisex Draconis Extrait de Parfum Spray 3.4 oz Fragrances,3.4 oz,$109.97,$550.00,https://www.jomashop.com/tiziana-terenzi-draconis-edp-spray-3-4-oz-fragrances-8016741882586.html
TIZIANA TERENZI,Unisex Draconis Extrait de Parfum Spray 3.4 oz (Tester) Fragrances 8016741902581,,,,https://www.jomashop.com/tiziana-terenzi-unisex-draconis-edp-3-4-oz-tester-fragrances-8016741902581.html
VERSACE,Men's Eros Flame EDP Spray 3.4 oz (Tester) Fragrances,3.4 oz / 100 ml - Tester,$54.99,$115.00,https://www.jomashop.com/versace-mens-eros-flame-edp-spray-3-4-oz-tester-fragrances-8011003845514.html
PACO RABANNE,Men's Invictus EDT Spray 3.4 oz (Tester) Fragrances,3.4 oz / 100 ml - Tester,$46.99,$114.00,https://www.jomashop.com/paco-rabanne-mens-invictus-edt-spray-3-4-oz-tester-fragrances-3349668515677.html
CAROLINA HERRERA,Ladies Good Girl EDP 2.7 oz (Tester) Fragrances,2.7 oz / 80 ml - Tester,$84.99,$136.00,https://www.jomashop.com/carolina-herrera-ladies-good-girl-edp-2-7-oz-tester-fragrances-8411061026267.html
MIND GAMES,Unisex Checkmate Extrait de Parfum Spray 3.4 oz Fragrances,,$304.99,$395.00,https://www.jomashop.com/mind-games-unisex-checkmate-extrait-de-parfum-spray-3-4-oz-fragrances-850034671031.html
DOLCE & GABBANA,K by Dolce and Gabbana for Men - 1.6 oz EDP Spray,1.6 oz / 50 ml,$44.99,$111.00,https://www.jomashop.com/k-by-dolce-and-gabbana-for-men-1-6-oz-edp-spray-3423473101154.html
DOLCE & GABBANA,K by Dolce and Gabbana for Men - 3.3 oz EDP Spray,3.3 oz / 100 ml,$61.99,$139.00,https://www.jomashop.com/k-by-dolce-and-gabbana-for-men-3-3-oz-edp-spray-3423473101253.html
DOLCE & GABBANA,Men's K EDP Spray 6.7 oz Fragrances,6.7 oz / 200 ml,$76.99,$202.00,https://www.jomashop.com/dolce-and-gabbana-mens-k-edp-spray-6-7-oz-fragrances-8057971183937.html
DOLCE & GABBANA,Men's K Gift Set Fragrances,Gift Set,$54.99,$120.00,https://www.jomashop.com/dolce-and-gabbana-mens-k-gift-set-fragrances-3423222018429.html
TOM FORD,- Private Blend Bitter Peach Eau De Parfum Spray 50ml / 1.7oz,,$254.99,$395.00,https://www.jomashop.com/tom-ford-private-blend-bitter-peach-eau-de-parfum-spray-50ml-1-7oz-888066114325.html
BURBERRY,Touch / EDT Spray 1.0 oz (m) (30 ml),1.0 oz / 30 ml,$21.99,$54.00,https://www.jomashop.com/burberry-butmts1b.html
BURBERRY,Men's Touch EDT 1.7 oz (50 ml),1.7 oz / 50 ml,$24.87,$85.00,https://www.jomashop.com/burberry-mens-burberry-touch-edt-1-7-oz-fragrances-3614227748729.html
BURBERRY,Men's Touch EDT Spray 3.4 oz (Tester) Fragrances,3.4 oz / 100 ml - Tester,$27.99,$105.00,https://www.jomashop.com/burberry-mens-touch-edt-spray-3-4-oz-tester-fragrances-3614227748804.html
BURBERRY,Touch / EDT Spray 1.7 oz (m),1.7 oz / 50 ml,$28.99,$74.00,https://www.jomashop.com/burberry-butmts17b.html
BURBERRY,- Touch Eau De Toilette Natural Spray 100ml/3.3oz,3.3 oz / 100 ml,$32.99,$105.00,https://www.jomashop.com/burberry-touch-eau-de-toilette-natural-spray-100ml-3-3oz-3386463810309.html
GRITTI,Unisex Mango Aoud Extrait de Parfum Spray 3.4 oz Fragrances,,$132.95,$335.00,https://www.jomashop.com/gritti-unisex-mango-aoud-extrait-de-parfum-spray-3-4-oz-fragrances-8052204136858.html
YVES SAINT LAURENT,Mon Paris / Ysl EDP Spray 3.0 oz (90 ml) (w),3.0 oz / 90 ml,$102.00,$190.75,https://www.jomashop.com/mon-paris-ysl-edp-spray-3-0-oz-90-ml-w-3614270561634.html
CREED,Ladies Queen Of Silk EDP Spray 0.05 oz Fragrances,0.05 oz,$14.99,,https://www.jomashop.com/creed-ladies-creed-queen-of-silk-edp-spray-0-05-oz-fragrances-3508440251879.html
CREED,Ladies Queen Of Silk EDP Spray 1.0 oz Fragrances,1.0 oz / 30 ml,$179.99,$300.00,https://www.jomashop.com/creed-ladies-creed-queen-of-silk-edp-spray-1-0-oz-fragrances-3508440000507.html
CREED,Ladies Queen Of Silk EDP Spray 2.5 oz (Tester) Fragrances,2.5 oz / 75 ml - Tester,$224.99,$445.00,https://www.jomashop.com/creed-ladies-creed-queen-of-silk-edp-spray-2-5-oz-tester-fragrances-3508440251855.html
CREED,Ladies Queen Of Silk EDP Spray 2.5 oz Fragrances,2.5 oz / 75 ml,$262.00,$445.00,https://www.jomashop.com/creed-ladies-creed-queen-of-silk-edp-spray-2-5-oz-fragrances-3508440251848.html
THE HOUSE OF OUD,Unisex Bonbon Pop EDP Spray 2.5 oz Fragrances,,$124.99,$240.00,https://www.jomashop.com/the-house-of-oud-unisex-bonbon-pop-edp-spray-2-5-oz-fragrances-8055773545526.html
FREDERIC MALLE,Unisex Carnal Flower EDP Spray 3.4 oz Fragrances,,$221.99,$470.00,https://www.jomashop.com/frederic-malle-carnal-flower-ladies-3-4-oz-edp-spray-3700135003613.html
GIVENCHY,Men's Gentleman EDP Boisee Spray 2 oz Fragrances 3274872425002,,,,https://www.jomashop.com/givenchy-mens-gentleman-edp-boisee-spray-2-oz-fragrances-3274872425002.html
GIVENCHY,Men's Gentleman Boisee EDP 3.4 oz (Tester) Fragrances,3.4 oz / 100 ml - Tester,$64.99,$137.00,https://www.jomashop.com/givenchy-mens-gentleman-boisee-edp-3-4-oz-tester-fragrances-3274872441088.html
GIVENCHY,Men's Gentleman Boisee EDP Spray 3.4 oz Fragrances,3.4 oz,$68.99,$137.00,https://www.jomashop.com/givenchy-mens-gentleman-boisee-edp-spray-3-4-oz-fragrances-3274872441057.html
GIVENCHY,Men's Gentleman Boisee EDP 6.7 oz Fragrances,6.7 oz / 200 ml,$129.99,$203.00,https://www.jomashop.com/givenchy-mens-gentleman-boisee-edp-6-7-oz-fragrances-3274872451698.html
GIVENCHY,Men's Gentleman Boisee Gift Set Fragrances,Gift Set,$74.99,$130.00,https://www.jomashop.com/givenchy-mens-gentleman-boisee-gift-set-fragrances-3274872442184.html
VALENTINO GARAVANI,Men's Uomo Born In Roma Extradose Parfum 0.33 oz Fragrances 3614274354898,,,,https://www.jomashop.com/valentino-mens-uomo-born-in-roma-extradose-parfum-0-33-oz-fragrances-3614274354898.html
VALENTINO GARAVANI,Men's Uomo Born in Roma Extradose Parfum 1.7 oz Fragrances,1.7 oz / 50 ml,$99.99,$125.00,https://www.jomashop.com/valentino-mens-uomo-born-in-roma-extradose-parfum-1-7-oz-fragrances-3614274350722.html
VALENTINO GARAVANI,Men's Uomo Born in Roma Extradose Parfum 3.4 oz Fragrances,3.4 oz / 100 ml,$143.50,$165.00,https://www.jomashop.com/valentino-mens-uomo-born-in-roma-extradose-parfum-3-4-oz-fragrances-3614274350739.html
JEAN PAUL GAULTIER,Men's Scandal Le Parfum EDP Spray 1.7 oz Fragrances,1.7 oz / 50 ml,$62.86,$100.00,https://www.jomashop.com/jean-paul-gaultier-mens-scandal-le-parfum-edp-spray-1-7-oz-fragrances-8435415065207.html
JEAN PAUL GAULTIER,Men's Scandal Le Parfum EDP Spray 3.4 oz Fragrances,3.4 oz / 100 ml,$99.99,$145.00,https://www.jomashop.com/jean-paul-gaultier-mens-scandal-le-parfum-edp-spray-3-4-oz-fragrances-8435415065191.html
JEAN PAUL GAULTIER,Men's Scandal Le Parfum EDP Spray 5.0 oz Fragrances,5.0 oz / 150 ml,$114.99,$175.00,https://www.jomashop.com/jean-paul-gaultier-mens-scandal-le-parfum-edp-spray-5-0-oz-fragrances-8435415065214.html
CREED,Ladies Eladaria EDP Spray 0.05 oz Fragrances,0.05 oz,$10.99,,https://www.jomashop.com/creed-ladies-creed-eladaria-edp-spray-0-05-oz-fragrances-3508440004154.html
CREED,Ladies Eladaria EDP Spray 2.5 oz Fragrances,2.5 oz / 75 ml,$324.99,$445.00,https://www.jomashop.com/creed-ladies-creed-eladaria-edp-spray-2-5-oz-fragrances-3508440004185.html
AMOUAGE,Unisex Meander EDP 3.4 oz Fragrances,3.4 oz / 100 ml,$179.95,$380.00,https://www.jomashop.com/amouage-unisex-meander-edp-3-4-oz-fragrances-701666410379.html
CAROLINA HERRERA,Good Girl EDP Spray 1.0 oz Fragrances,1.0 oz / 30 ml,$64.99,$100.00,https://www.jomashop.com/carolina-herrera-good-girl-edp-spray-1-0-oz-fragrances-8411061041673.html
CAROLINA HERRERA,Ladies Good Girl EDP Spray 1.69 oz Fragrances,1.69 oz,$73.99,$127.00,https://www.jomashop.com/carolina-herrera-ladies-good-girl-edp-spray-1-69-oz-fragrances-8411061026250.html
CAROLINA HERRERA,Ladies Good Girl EDP Spray 2.7 oz Fragrances,2.7 oz / 80 ml,$109.99,$148.00,https://www.jomashop.com/carolina-herrera-ladies-good-girl-edp-spray-2-7-oz-fragrances-8411061026342.html
CAROLINA HERRERA,Ladies Good Girl EDP 3.4 oz Fragrances,3.4 oz / 100 ml,$129.99,$148.00,https://www.jomashop.com/carolina-herrera-ladies-good-girl-edp-3-4-oz-refill-fragrances-8411061024164.html
CAROLINA HERRERA,Ladies Good Girl 1.0 oz Mist,Mist,$39.99,$60.00,https://www.jomashop.com/carolina-herrera-ladies-good-girl-1-0-oz-mist-8411061043820.html
CAROLINA HERRERA,Ladies Good Girl Gift Set Fragrances,Gift Set,$114.99,$120.00,https://www.jomashop.com/carolina-herrera-ladies-good-girl-gift-set-fragrances-8411061979662.html
CAROLINA HERRERA,Ladies Good Girl Gift Set Fragrances,Gift Set,$124.99,$174.00,https://www.jomashop.com/carolina-herrera-ladies-good-girl-gift-set-fragrances-8411061034279.html
DIOR,Sauvage / Christian Parfum Spray 3.4 oz (100 ml) (m),3.4 oz / 100 ml,$158.99,$199.00,https://www.jomashop.com/christian-dior-fragrances-svgmps34-3-4oz.html
LATTAFA,Unisex Teriaq Intense EDT Spray 3.4 oz Fragrances,,$41.99,$75.00,https://www.jomashop.com/lattafa-unisex-teriaq-intense-edt-spray-3-4-oz-fragrances-6290360595771.html
AHMED AL MAGHRIBI,Unisex Kaaf Extrait de Parfum Spray 3.4 oz Fragrances,,$39.99,$75.00,https://www.jomashop.com/ahmed-al-maghribi-unisex-kaaf-extrait-de-parfum-spray-3-4-oz-fragrances-6290360616346.html
YVES SAINT LAURENT,Ladies Libre Flowers & Flames EDP Spray 1.7 oz Fragrances,1.7 oz / 50 ml,$89.99,$150.00,https://www.jomashop.com/yves-saint-laurent-libre-flowers-flames-edp-spray-1-7-oz-fragrances-3614274151152.html
YVES SAINT LAURENT,Ladies Libre Flowers & Flames EDP Spray 3.0 oz Fragrances,3.0 oz / 90 ml,$117.99,$180.00,https://www.jomashop.com/yves-saint-laurent-ladies-libre-flowers-flames-edp-spray-3-0-oz-fragrances-3614274151701.html
MIND GAMES,Unisex Discovery Set Gift Set Fragrances,,$64.99,$75.00,https://www.jomashop.com/mind-games-unisex-mind-games-discovery-set-gift-set-fragrances-850034671925.html
COACH,Men's Platinum EDP Spray 2 oz (60 ml),2.0 oz / 60 ml,$34.99,$90.00,https://www.jomashop.com/coach-mens-platinum-edp-spray-2-oz-fragrances-3386460096874.html
COACH,Men's Platinum EDP Spray 3.3 oz (Tester) Fragrances,3.3 oz / 100 ml - Tester,$34.99,$122.00,https://www.jomashop.com/coach-mens-platinum-edp-spray-3-4-oz-tester-fragrances-3386460096898.html
COACH,Platinum / EDP Spray 3.3 oz (100 ml) (m),3.3 oz,$44.99,$122.00,https://www.jomashop.com/coach-perfume-pltmes33-a.html
VERSACE,Men's Eros Parfum Spray 3.38 oz (Tester) Fragrances,3.38 oz,$59.99,$102.00,https://www.jomashop.com/versace-mens-eros-edp-spray-3-38-oz-tester-fragrances-8011003872084.html
VERSACE,Men's Eros Parfum Spray 3.4 oz Fragrances,3.4 oz,$64.98,$145.00,https://www.jomashop.com/versace-mens-eros-parfum-spray-3-4-oz-fragrances-8011003872077.html
VERSACE,Men's Eros Parfum Spray 6.76 oz Fragrances,6.76 oz,$97.99,$200.00,https://www.jomashop.com/versace-mens-eros-parfum-spray-6-76-oz-fragrances-8011003877904.html
GUCCI,Ladies Flora Gorgeous Orchid EDP .16 oz Fragrances,.16 oz,$19.99,,https://www.jomashop.com/gucci-ladies-gucci-flora-gorgeous-orchid-edp-16-oz-fragrances-3616305169303.html
GUCCI,Ladies Flora Gorgeous Orchid EDP 0.33 oz Fragrances,0.33 oz / 10 ml,$42.99,,https://www.jomashop.com/gucci-ladies-flora-gorgeous-orchid-edp-0-33-oz-fragrances-3616305169297.html
GUCCI,Ladies Flora Gorgeous Orchid EDP Spray 1.0 oz Fragrances,1.0 oz / 30 ml,$62.99,$105.00,https://www.jomashop.com/gucci-ladies-flora-gorgeous-orchid-edp-spray-1-0-oz-fragrances-3616305169259.html
GUCCI,Ladies Flora Gorgeous Orchid EDP Spray 1.7 oz Fragrances,1.7 oz / 50 ml,$80.99,$135.00,https://www.jomashop.com/gucci-ladies-flora-gorgeous-orchid-edp-spray-1-7-oz-fragrances-3616305169266.html
GUCCI,Ladies Flora Gorgeous Orchid EDP Spray 3.4 oz (Tester) Fragrances,3.4 oz / 100 ml - Tester,$94.99,$168.00,https://www.jomashop.com/gucci-ladies-flora-gorgeous-orchid-edp-spray-3-4-oz-tester-fragrances-3616305169280.html
GUCCI,Ladies Flora Gorgeous Orchid EDP Spray 3.4 oz Fragrances,3.4 oz / 100 ml,$114.99,$168.00,https://www.jomashop.com/gucci-ladies-flora-gorgeous-orchid-edp-spray-3-4-oz-fragrances-3616305169273.html
GUCCI,Ladies Flora Gorgeous Orchid EDP Spray 5.0 oz Refill Fragrances 3616304984686,,,,https://www.jomashop.com/gucci-ladies-flora-gorgeous-orchid-edp-spray-5-0-oz-refill-fragrances-3616304984686.html
MONTBLANC,Men's Legend EDP Spray 3.3 oz (Tester) Fragrances,3.3 oz / 100 ml - Tester,$39.99,$128.00,https://www.jomashop.com/montblanc-mens-legend-edp-spray-3-3-oz-tester-fragrances-3386460118149.html
MONTBLANC,Men's Legend EDP Body Spray 3.4 oz Fragrances,3.4 oz / 100 ml,$44.99,$128.00,https://www.jomashop.com/montblanc-mens-legend-edp-body-spray-3-4-oz-fragrances-3386460118125.html
MONTBLANC,- Legend Eau De Parfum Spray 50ml / 1.7oz,1.7 oz / 50 ml,$54.99,$95.00,https://www.jomashop.com/montblanc-legend-eau-de-parfum-spray-50ml-1-7oz-3386460118132.html
MONTBLANC,Men's Legend Gift Set Fragrances,Gift Set,$59.99,$115.00,https://www.jomashop.com/montblanc-mens-legend-gift-set-fragrances-3386460139298.html
JO MILANO,Men's Game Of Spades Boston EDP Spray 3.4 oz Fragrances,,$67.99,$220.00,https://www.jomashop.com/jo-milano-mens-game-of-spades-boston-edp-spray-3-4-oz-fragrances-850051043026.html
JO MALONE LONDON,Jo Malone English Pear & Freesia Perfume 3.4 oz Cologne Spray,3.4 oz / 100 ml,$104.99,$168.00,https://www.jomashop.com/jo-malone-london-english-pear-freesia-cologne-690251019113.html
LATTAFA,Men's Bade'e Al Oud Sublime EDP 3.4 oz Fragrances,3.4 oz / 100 ml,$22.99,$90.00,https://www.jomashop.com/lattafa-mens-bade-e-al-oud-oud-for-glory-sublime-edp-3-4-oz-fragrances-6290360593142.html
LATTAFA,Men's Bade'e Al Oud Sublime Body Spray 6.7 oz Fragrances,Body Spray,$10.99,$30.00,https://www.jomashop.com/lattafa-mens-badee-al-oud-sublime-body-spray-6-7-oz-fragrances-6290360597973.html
LATTAFA,Men's Bade'e Al Oud Sublime Body Spray 5.0 oz Fragrances 6290362345046,,,,https://www.jomashop.com/lattafa-mens-badee-al-oud-sublime-body-spray-5-0-oz-fragrances-6290362345046.html
XERJOFF,Unisex Oud Stars Alexandria II EDP Spray 1 oz Fragrances,1.0 oz / 30 ml,$116.99,$195.00,https://www.jomashop.com/xerjoff-unisex-alexandria-ii-edp-spray-1-oz-fragrances-8033488157135.html
XERJOFF,Unisex Oud Stars Alexandria II EDP Spray 1.7 oz (Tester) Fragrances,1.7 oz / 50 ml - Tester,$184.99,$325.00,https://www.jomashop.com/xerjoff-unisex-alexandria-ii-edp-spray-1-7-oz-tester-fragrances-8033488155049.html
XERJOFF,Unisex Oud Stars Alexandria II EDP Spray 1.7 oz Fragrances,1.7 oz / 50 ml,$219.99,$360.00,https://www.jomashop.com/xerjoff-unisex-alexandria-ii-edp-spray-1-7-oz-fragrances-8033488154950.html
XERJOFF,Unisex Oud Stars Alexandria II EDP Spray 3.4 oz (100 ml),3.4 oz / 100 ml,$324.99,$600.00,https://www.jomashop.com/xerjoff-unisex-alexandria-ii-edp-spray-3-4-oz-fragrances-8033488154967.html
XERJOFF,Unisex Oud Stars Alexandria II Mist 1.0 oz Mist 8033488156060,,,,https://www.jomashop.com/xerjoff-unisex-alexandria-ii-perfumed-1-0-oz-mist-8033488156060.html
TIZIANA TERENZI,Unisex Hyakutake Extrait de Parfum Spray 3.4 oz Fragrances,,$109.99,$495.00,https://www.jomashop.com/tiziana-terenzi-unisex-hyakutake-edp-spray-3-4-oz-fragrances-8016741692673.html
PRADA,L'homme L'eau / Prada EDT Spray 3.4 oz (100 ml) (m),3.4 oz / 100 ml,$69.99,$136.00,https://www.jomashop.com/prada-fragrances-lpumts34.html
PRADA,Men's L'homme Leau EDT Spray 3.4 oz (Tester) Fragrances,3.4 oz / 100 ml - Tester,$77.99,$115.00,https://www.jomashop.com/prada-mens-lhomme-leau-edt-spray-3-4-oz-tester-fragrances-8435137765454.html
JEAN PAUL GAULTIER,Men's Le Male EDT Spray 1.4 oz Fragrances,1.4 oz,$43.99,$65.00,https://www.jomashop.com/jean-paul-gaultier-mens-le-male-edt-spray-1-4-oz-fragrances-8435415012607.html
JEAN PAUL GAULTIER,Men's Le Male EDT Spray 1.4 oz Fragrances,1.4 oz,$54.00,$75.00,https://www.jomashop.com/jean-paul-gaultier-mens-le-male-edt-spray-1-4-oz-fragrances-8435415111973.html
JEAN PAUL GAULTIER,Le Male / J.p.g EDT Spray 2.5 oz (m),2.5 oz,$59.45,$90.00,https://www.jomashop.com/j-p-g-fragrances-jegmts25-a-2-5oz.html
JEAN PAUL GAULTIER,Men's EDT Spray 4.2 oz (Tester) Fragrances,4.2 oz / 125 ml - Tester,$69.99,$147.00,https://www.jomashop.com/jean-paul-gaultier-mens-edt-spray-4-2-oz-tester-fragrances-8435415011754.html
JEAN PAUL GAULTIER,Le Male / J.p.g EDT Spray 4.2 oz (m),4.2 oz / 125 ml,$79.99,$124.00,https://www.jomashop.com/j-p-g-fragrances-jegmts42b-a-4-2oz.html
JEAN PAUL GAULTIER,Men's Le Male EDT Spray 4.2 oz Fragrances,4.2 oz / 125 ml,$82.00,$124.00,https://www.jomashop.com/jean-paul-gaultier-mens-le-male-edt-spray-4-2-oz-fragrances-3423476317538.html
JEAN PAUL GAULTIER,Le Male / J.P.G Set (M),Gift Set,$69.99,$93.00,https://www.jomashop.com/jean-paul-gaultier-le-male-j-p-g-set-m-8435415081238.html
JEAN PAUL GAULTIER,Le Male 2 Pcs Set: 4.2 Eau De Toilette Spray + 0.68 Eau De Toilette Spray,Gift Set,$84.99,$125.00,https://www.jomashop.com/jean-paul-gaultier-le-male-2-pcs-set-4-2-eau-de-toilette-spray-0-68-eau-de-toilette-spray-8435415092081.html
JULIETTE HAS A GUN,Ladies Not A Perfume EDP Spray 0.06 oz Fragrances 3760022730329,,,,https://www.jomashop.com/juliette-has-a-gun-ladies-not-a-perfume-edp-spray-0-06-oz-fragrances-3760022730329.html
JULIETTE HAS A GUN,Ladies Not A Perfume EDP Spray 0.135 oz Fragrances 3760022731258,,,,https://www.jomashop.com/juliette-has-a-gun-ladies-not-a-perfume-edp-spray-0-135-oz-fragrances-3760022731258.html
JULIETTE HAS A GUN,Not A Perfume Eau De Parfum Spray 0.17 oz (5 ml),,,,https://www.jomashop.com/juliette-has-a-gun-not-a-perfume-eau-de-parfum-spray-0-17-oz-5-ml-3760022730060.html
JULIETTE HAS A GUN,Not A Perfume / EDP Spray 0.25 oz (7.5 ml) (W),0.25 oz,$24.99,$30.00,https://www.jomashop.com/not-a-perfume-juliette-has-a-gun-edp-spray-0-25-oz-7-5-ml-w-3760022730121.html
JULIETTE HAS A GUN,Ladies Not A Perfume EDP Spray 3.4 oz (Tester) Fragrances,3.4 oz / 100 ml - Tester,$54.99,$150.00,https://www.jomashop.com/juliette-has-a-gun-ladies-not-a-perfume-edp-spray-3-4-oz-tester-fragrances-3770000002799.html
JULIETTE HAS A GUN,Ladies Not A Perfume EDP Spray 3.4 oz (Tester) Fragrances,3.4 oz / 100 ml - Tester,$54.99,$150.00,https://www.jomashop.com/juliette-has-a-gun-ladies-not-a-perfume-edp-spray-3-4-oz-tester-fragrances-3770000001212.html
JULIETTE HAS A GUN,Not A Perfume / EDP Spray 3.3 oz (100 ml) (w),3.3 oz / 100 ml,$59.99,$150.00,https://www.jomashop.com/juliette-has-a-gun-npmes34.html
JULIETTE HAS A GUN,Not A Perfume EDP Spray 1.7 oz Fragrances,1.7 oz / 50 ml,$65.99,$115.00,https://www.jomashop.com/juliette-has-a-gun-unisex-not-a-perfume-edp-spray-1-7-oz-fragrances-3770000002782.html
ARIANA GRANDE,Ladies Cloud EDP Spray 3.3 oz (Tester) Fragrances,3.3 oz,$43.99,$80.00,https://www.jomashop.com/ariana-grande-ladies-cloud-edp-spray-3-3-oz-tester-fragrances-812256023333.html
ARIANA GRANDE,Ladies Cloud EDP Spray 3.4 oz Fragrances,3.4 oz / 100 ml,$58.99,$80.80,https://www.jomashop.com/ariana-grande-ladies-cloud-edp-spray-3-4-oz-fragrances-812256023289.html
ARIANA GRANDE,Ladies Cloud Body Mist 7.98 oz Fragrances,Mist,$13.99,$30.00,https://www.jomashop.com/ariana-grande-ladies-cloud-body-mist-7-98-oz-fragrances-0812256024194.html
ARIANA GRANDE,Ladies Cloud Gift Set Fragrances,Gift Set,$64.99,$140.00,https://www.jomashop.com/ariana-grande-ladies-cloud-gift-set-fragrances-843711239006.html
AMOUAGE,Unisex Material EDP Spray 3.4 oz Fragrances,,$209.50,$380.00,https://www.jomashop.com/amouage-unisex-material-edp-spray-3-4-oz-fragrances-701666410416.html
RALPH LAUREN,Men's Polo Blue Parfum 0.04 oz Fragrances 3605972697141,,,,https://www.jomashop.com/ralph-lauren-mens-polo-blue-parfum-0-04-oz-fragrances-3605972697141.html
RALPH LAUREN,Polo Blue Parfum / Spray 2.5 oz (75 ml) (M),2.5 oz / 75 ml,$42.99,$115.00,https://www.jomashop.com/polo-blue-parfum-ralph-lauren-edp-spray-2-5-oz-75-ml-m-3605972697028.html
RALPH LAUREN,Men's Polo Blue Parfum Spray 4.2 oz (Tester) Fragrances,4.2 oz / 125 ml - Tester,$52.99,$148.00,https://www.jomashop.com/ralph-lauren-mens-polo-blue-parfum-edp-spray-4-2-oz-tester-fragrances-3605972697189.html
RALPH LAUREN,Polo Blue Parfum Spray 4.2 oz Fragrances 3605972696984,,,,https://www.jomashop.com/ralph-lauren-polo-blue-parfum-spray-4-2-oz-fragrances-3605972696984.html
RALPH LAUREN,Men's Polo Blue Parfum Gift Set Fragrances 3605972783554,,,,https://www.jomashop.com/ralph-lauren-mens-polo-blue-parfum-gift-set-fragrances-3605972783554.html
GUCCI,Bloom / EDP Spray 3.3 oz (100 ml) (w),3.3 oz / 100 ml,$79.99,$155.00,https://www.jomashop.com/gucci-perfume-gubes33-a.html
GIORGIO ARMANI,Men's Acqua di Gio Elixir EDP Spray 1.7 Fragrances,,$130.00,$160.00,https://www.jomashop.com/giorgio-armani-mens-acqua-di-gio-elixir-1-7-fragrances-3614274143751.html
BRIONI,Men's Eau de Parfum Intense EDP Spray 3.4 oz Fragrances,3.4 oz / 100 ml,$69.99,$145.00,https://www.jomashop.com/brioni-mens-eau-de-parfum-intense-edp-spray-3-4-oz-fragrances-7640171193786.html
MONTALE,Intense Cafe / EDP Spray 3.4 oz (100 ml) (u),,$71.99,$180.00,https://www.jomashop.com/montale-perfume-itces34.html
HERMES,Men's Terre D' Eau Givree EDP 0.06 oz Fragrances,0.06 oz,$8.99,$15.00,https://www.jomashop.com/hermes-mens-terre-dhermes-eau-givree-edp-0-06-oz-fragrances-3346130012290.html
HERMES,Men's Terre D' Eau Givree EDP 0.16 oz Fragrances,0.16 oz,$17.99,,https://www.jomashop.com/hermes-mens-terre-dhermes-eau-givree-edp-0-16-oz-fragrances-3346130012306.html
HERMES,Men's Terre D' Eau Givree EDP Spray 1.69 oz Fragrances,1.69 oz,$49.99,$115.00,https://www.jomashop.com/hermes-mens-terre-dhermes-eau-givree-edp-spray-1-69-oz-fragrances-3346130012375.html
HERMES,Men's Terre D' Eau Givree EDP Spray 3.4 oz Fragrances,3.4 oz / 100 ml,$71.99,$152.00,https://www.jomashop.com/hermes-mens-terre-dhermes-eau-givree-edp-spray-3-4-oz-fragrances-3346130012245.html
HERMES,Men's Terre d' Eau Givree EDP 5.8 oz Fragrances,5.8 oz,$99.99,$203.00,https://www.jomashop.com/hermes-mens-terre-dhermes-eau-givree-edp-5-8-oz-fragrances-3346130416135.html
SWISS ARABIAN,Unisex Shaghaf Vanilla Toffee EDP Spray 2.5 oz Fragrances,,$41.99,$65.00,https://www.jomashop.com/swiss-arabian-unisex-shaghaf-vanilla-toffee-edp-spray-2-5-oz-fragrances-6295124047817.html
CREED,Ladies Love In Black EDP 0.06 oz Fragrances 3508440501165,,$9.99,,https://www.jomashop.com/creed-ladies-creed-love-in-black-edp-0-06-oz-fragrances-3508440501165.html
CREED,Ladies Love In Black EDP Spray 2.5 oz (Tester) (75 ml),2.5 oz / 75 ml - Tester,$149.99,$425.00,https://www.jomashop.com/creed-ladies-creed-love-in-black-edp-spray-2-5-oz-tester-fragrances-3508445604601.html
CREED,Love in Black Eau De Parfum Spray for Women 2.5 oz,2.5 oz / 75 ml,$169.99,$445.00,https://www.jomashop.com/creed-clbes25.html
CREED,Love In Black / EDP 16.0 oz (480 ml) (u),,,,https://www.jomashop.com/creed-love-in-black-creed-edp-16-0-oz-480-ml-u-3508445002605.html
SWISS ARABIAN,Unisex Shaghaf Oud Tonka EDP Spray 2.5 oz Fragrances,2.5 oz / 75 ml,$39.99,$80.00,https://www.jomashop.com/swiss-arabian-unisex-shaghaf-oud-tonka-edp-spray-2-5-oz-fragrances-6295124045578.html
SWISS ARABIAN,Ladies Shaghaf Oud Tonka Perfume Oil 0.4 oz Fragrances,Perfume Oil,$28.99,,https://www.jomashop.com/swiss-arabian-ladies-shaghaf-oud-tonka-perfume-oil-0-4-oz-fragrances-6295124046667.html
PACO RABANNE,Men's Phantom Intense EDP Spray 3.4 oz Fragrances,3.4 oz / 100 ml,$79.50,$141.00,https://www.jomashop.com/paco-rabanne-mens-phantom-intense-edp-spray-3-4-oz-fragrances-3349668630035.html
LALIQUE,Encre Noire A Lextreme / EDP Spray 3.3 oz (100 ml) (m),,$29.99,$139.00,https://www.jomashop.com/lalique-perfume-enxmes33.html
TIZIANA TERENZI,Unisex II Piacere (Annicersary Collection 2023) Extrait de Parfum 3.4 oz Fragrances,,$124.99,$500.00,https://www.jomashop.com/tiziana-terenzi-unisex-ii-piacere-annicersary-collection-2023-extrait-de-parfum-3-4-oz-fragrances-8016741032684.html
DOLCE & GABBANA,Men's Pour Homme EDT Spray 4.2 oz (Tester) Fragrances,4.2 oz / 125 ml - Tester,$39.99,$118.00,https://www.jomashop.com/dolce-and-gabbana-mens-pour-homme-edt-spray-4-2-oz-tester-fragrances-3423473026785.html
TOM FORD,Unisex Private Blend Lost Cherry EDP Spray 1 oz Fragrances,1.0 oz / 30 ml,$169.99,$255.00,https://www.jomashop.com/tom-ford-unisex-private-blend-lost-cherry-edp-spray-1-oz-fragrances-888066107914.html
TOM FORD,"Lost Cherry Eau De Parfum, 1.7oz Private Blend",1.7 oz / 50 ml,$215.00,$395.00,https://www.jomashop.com/tom-ford-lost-cherry-eau-de-parfum-1-7oz-888066082341.html
TOM FORD,Unisex Lost Cherry EDP Spray 3.4 oz Private Blend,3.4 oz / 100 ml,$319.99,$615.00,https://www.jomashop.com/tom-ford-unisex-lost-cherry-edp-spray-3-4-oz-fragrances-888066098878.html
TOM FORD,Lost Cherry Body Spray 5.0 oz Fragrances,Body Spray,$97.50,$130.00,https://www.jomashop.com/tom-ford-lost-cherry-body-spray-5-0-oz-fragrances-888066107938.html
ROJA PARFUMS,Unisex Elysium Eau Intense EDP Spray 3.4 oz Fragrances,3.4 oz / 100 ml,$184.99,$365.00,https://www.jomashop.com/roja-parfums-unisex-elysium-eau-intense-edp-spray-3-4-oz-fragrances-5056663800001.html
ROJA PARFUMS,Roja Dove Unisex Elysium Eau Intense EDP Spray 3.38 oz (Tester) Fragrances 5056663800018,,,,https://www.jomashop.com/roja-dove-unisex-elysium-eau-intense-edp-spray-3-38-oz-tester-fragrances-5056663800018.html
ROJA PARFUMS,Unisex Roja Haute Luxe Parfum 3.4 oz Fragrances,,"$1,999.99","$3,500.00",https://www.jomashop.com/roja-parfums-unisex-roja-haute-luxe-edp-3-4-oz-fragrances-5060270293897.html
YVES SAINT LAURENT,Unisex Le Vestiaire Des Tuxedo Sharp Patchouli EDP Spray 4.2 oz Fragrances,,$324.99,,https://www.jomashop.com/yves-saint-laurent-unisex-le-vestiaire-des-tuxedo-sharp-patchouli-edp-spray-4-2-oz-fragrances-3614274184785.html
AMOUAGE,Ladies Jubilation 25 EDP 3.4 oz Fragrances,3.4 oz / 100 ml,$184.50,$380.00,https://www.jomashop.com/amouage-ladies-jubilation-25-edp-3-4-oz-fragrances-701666410089.html
AMOUAGE,Jubilation 25 / EDP Spray 3.3 oz (100 ml) (w),3.3 oz,$205.99,$360.00,https://www.jomashop.com/amouage-perfume-j25es33.html
GUCCI,Ladies Flora Gorgeous Gardenia Gift Set Fragrances,Gift Set,$114.00,$190.00,https://www.jomashop.com/gucci-ladies-flora-gorgeous-gardenia-gift-set-fragrances-3616303784812.html
TOM FORD,Men's Eau D'Ombre Leather EDT Spray 3.38 oz Fragrances 0,3.38 oz / 100 ml,$151.99,$200.00,https://www.jomashop.com/tom-ford-mens-eau-dombre-leather-edp-spray-3-38-oz-fragrances-0-888066152051-0888066152051.html
KHADLAJ,Unisex Caffe Latte Extrait de Parfum Spray 3.4 oz Fragrances,,$34.99,,https://www.jomashop.com/khadlaj-unisex-caffe-latte-extrait-de-parfum-spray-3-4-oz-fragrances-6291107979311.html
ROJA PARFUMS,Ladies Elysium Pour Femme EDP Spray 2.5 oz Fragrances,2.5 oz,$165.00,$315.00,https://www.jomashop.com/roja-parfums-ladies-elysium-pour-femme-edp-spray-2-5-oz-fragrances-5056663800469.html
ROJA PARFUMS,Ladies Elysium Pour Femme EDP Spray 1.7 oz (Tester) Fragrances,1.7 oz / 50 ml - Tester,$177.99,,https://www.jomashop.com/roja-parfums-ladies-elysium-edp-spray-1-7-oz-tester-fragrances-5056663801848.html
MARC JACOBS,Ladies Daisy EDT Spray 0.13 oz Fragrances 031655509457,,,,https://www.jomashop.com/marc-jacobs-ladies-daisy-edt-spray-0-13-oz-fragrances-031655509457.html
MARC JACOBS,Ladies Daisy EDT Spray 1.0 oz Fragrances,1.0 oz / 30 ml,$36.99,$76.00,https://www.jomashop.com/marc-jacobs-ladies-daisy-edt-spray-1-0-oz-fragrances-3614229159035.html
MARC JACOBS,Daisy by EDT Spray 1.7 oz (w),1.7 oz / 50 ml,$43.99,$101.00,https://www.jomashop.com/marc-jacobs-perfume-mrdts17f.html
MARC JACOBS,Ladies Daisy EDT Spray 3.4 oz (Tester) Fragrances,3.4 oz / 100 ml - Tester,$50.99,$137.00,https://www.jomashop.com/marc-jacobs-ladies-marc-jacobs-daisy-edt-spray-3-4-oz-tester-fragrances-031655509426.html
MARC JACOBS,Daisy / EDT Spray 3.4 oz (100 ml) (w),3.4 oz / 100 ml,$59.99,$137.00,https://www.jomashop.com/marc-jacobs-mrdts34f.html
MARC JACOBS,Ladies Daisy EDT Spray 6.7 oz Fragrances,6.7 oz / 200 ml,$79.99,$186.00,https://www.jomashop.com/marc-jacobs-ladies-daisy-edt-spray-6-7-oz-fragrances-3616301787242.html
MARC JACOBS,Ladies Daisy Gift Set Fragrances 3616303311599,,,,https://www.jomashop.com/marc-jacobs-ladies-daisy-gift-set-fragrances-3616303311599.html
KILIAN,Unisex Smoking Hot EDP Spray 1.7 oz Fragrances,,$209.99,$295.00,https://www.jomashop.com/kilian-unisex-smoking-hot-edp-spray-1-7-oz-fragrances-3700550234678.html
LATTAFA,Unisex Mashrabya EDP Spray 3.4 oz Fragrances,,$34.99,$90.00,https://www.jomashop.com/lattafa-unisex-mashrabya-edp-spray-3-4-oz-fragrances-6290360598321.html
BDK PARFUMS,Unisex Velvet Tonka EDP 3.4 oz (100 ml),3.4 oz / 100 ml,$187.48,$250.00,https://www.jomashop.com/bdk-parfums-unisex-velvet-tonka-edp-3-4-oz-fragrances-3760035450689.html
BDK PARFUMS,Men's Velvet Tonka EDP Spray 3.4 oz (Tester) Fragrances 3760035450702,,,,https://www.jomashop.com/bdk-parfums-mens-velvet-tonka-edp-spray-3-4-oz-tester-fragrances-3760035450702.html
GIVENCHY,Men's Gentleman Society Extreme EDP Spray 2.0 oz Fragrances,2.0 oz / 60 ml,$69.99,$116.00,https://www.jomashop.com/givenchy-mens-gentleman-society-extreme-edp-spray-2-0-oz-fragrances-3274872467958.html
GIVENCHY,Men's Gentleman Society Extreme EDP Spray 3.4 oz Fragrances,3.4 oz / 100 ml,$76.99,$142.00,https://www.jomashop.com/givenchy-mens-gentleman-society-extreme-edp-spray-3-4-oz-fragrances-3274872467965.html
GIVENCHY,Men's Gentleman Society Extreme EDP Spray 6.7 oz Fragrances,6.7 oz / 200 ml,$119.99,,https://www.jomashop.com/givenchy-mens-gentleman-society-extreme-edp-spray-6-7-oz-fragrances-3274872480407.html
THE HOUSE OF OUD,Unisex Guilty Crush EDP Spray 2.5 oz Fragrances,,$158.99,$240.00,https://www.jomashop.com/the-house-of-oud-unisex-guilty-crush-edp-spray-2-5-oz-fragrances-8055773548985.html
NISHANE,Men's Nefs Extrait De Parfum Spray 1.7 oz (Tester) Fragrances,1.7 oz / 50 ml - Tester,$239.99,$580.00,https://www.jomashop.com/nishane-mens-nefs-extrait-de-parfum-spray-1-7-oz-tester-fragrances-8681008055630.html
NISHANE,Men's Nefs Extrait De Parfum Extrait de Parfum Spray 1.7 oz Fragrances,1.7 oz,$284.99,$650.00,https://www.jomashop.com/nishane-nefs-1-7-oz-edp-spray-8681008055265.html
DUMONT,Men's Nitro Collection Gift Set Fragrances,,$39.99,$75.00,https://www.jomashop.com/dumont-mens-nitro-collection-gift-set-fragrances-3760060766625.html
XERJOFF,Ladies 17/17 Elle Anniversary Parfum 1.7 oz Fragrances,,$269.99,$425.00,https://www.jomashop.com/xerjoff-ladies-17-17-elle-anniversary-edp-spray-1-7-oz-fragrances-8054320903291.html
CAROLINA HERRERA,Men's Bad Boy Cobalt Elixir EDP 0.27 oz Fragrances,0.27 oz,$24.99,$40.00,https://www.jomashop.com/carolina-herrera-mens-bad-boy-cobalt-elixir-edp-0-27-oz-fragrances-8411061083741.html
CAROLINA HERRERA,Men's Bad Boy Cobalt Elixir EDP Spray 1.7 oz Fragrances,1.7 oz / 50 ml,$69.99,$120.00,https://www.jomashop.com/carolina-herrera-mens-bad-boy-cobalt-elixir-edp-spray-1-7-oz-fragrances-8411061083765.html
CAROLINA HERRERA,Men's Bad Boy Cobalt Elixir EDP Spray 3.4 oz (Tester) Fragrances,3.4 oz / 100 ml - Tester,$89.99,$163.00,https://www.jomashop.com/carolina-herrera-mens-bad-boy-cobalt-elixir-edp-spray-3-4-oz-tester-fragrances-8411061083758.html
CAROLINA HERRERA,Men's Bad Boy Cobalt Elixir EDP Spray 3.4 oz Fragrances,3.4 oz / 100 ml,$94.99,$153.00,https://www.jomashop.com/carolina-herrera-mens-bad-boy-cobalt-elixir-edp-spray-3-4-oz-fragrances-8411061083772.html
CAROLINA HERRERA,Men's Bad Boy Cobalt Elixir EDP 5.0 oz Fragrances,5.0 oz,$114.99,$195.00,https://www.jomashop.com/carolina-herrera-mens-bad-boy-cobalt-elixir-edp-5-0-oz-fragrances-8411061083789.html
CREED,Erolfa Men's 3.4 OZ EDP Spray,3.4 oz / 100 ml,$244.99,$470.00,https://www.jomashop.com/creed-erolfa-mens-3-4-oz-edp-spray.html
LATTAFA,Ladies Bade'e Al Oud Noble Blush EDP Spray 3.4 oz Fragrances,,$27.99,$100.00,https://www.jomashop.com/lattafa-ladies-badee-al-oud-noble-blush-edp-spray-3-4-oz-fragrances-6290360599441.html
CAROLINA HERRERA,212 Nyc For Men / EDT Spray 1.7 oz (m),1.7 oz / 50 ml,$44.99,$82.00,https://www.jomashop.com/carolina-herrera-perfume-212mts17b.html
CAROLINA HERRERA,Men's 212 Eau De Toilette For Womens EDT Spray 0.85 oz Fragrances 8411061251829,,,,https://www.jomashop.com/carolina-herrera-mens-212-eau-de-toilette-for-womens-edt-spray-0-85-oz-fragrances-8411061251829.html
CAROLINA HERRERA,Men's 212 Men NYC EDT Spray 3.38 oz (Tester) Fragrances,3.38 oz / 100 ml - Tester,$54.99,$104.00,https://www.jomashop.com/carolina-herrera-mens-212-men-nyc-edt-spray-3-38-oz-tester-fragrances-8411061043882.html
CAROLINA HERRERA,212 Nyc For Men by EDT Spray 3.3 oz (m),3.3 oz / 100 ml,$64.99,$115.00,https://www.jomashop.com/carolina-herrera-perfume-212mts33b-a.html
CAROLINA HERRERA,212 Nyc For Men / EDT Spray 6.75 oz (200 ml) (m),6.75 oz,$94.99,$132.00,https://www.jomashop.com/212-nyc-for-men-carolina-herrera-edt-spray-6-75-oz-200-ml-m-212mts67.html
CAROLINA HERRERA,212 Nyc For Men / Deodorant Stick 2.5 oz (m),Deodorant,$24.99,$35.00,https://www.jomashop.com/carolina-herrera-212md25-2-5oz.html
CAROLINA HERRERA,Men's 212 Men NYC Deodorant Spray 5.0 oz Fragrances,Deodorant,$24.99,$35.00,https://www.jomashop.com/carolina-herrera-mens-212-men-nyc-deodorant-spray-5-0-oz-fragrances-8411061906804.html
GIORGIO ARMANI,Men's Code Parfum 1 oz Fragrances,1 oz,$54.99,,https://www.jomashop.com/giorgio-armani-mens-code-parfum-1-oz-fragrances-3614274298024.html
GIORGIO ARMANI,Men's Refill Armani Code Parfum 5.1 oz Fragrances 3614273604895,5.1 oz,$104.99,$180.00,https://www.jomashop.com/giorgio-armani-mens-refill-armani-code-parfum-edp-5-1-oz-fragrances-3614273604895.html
HERMES,Terre D by Hermes EDT Spray 6.7 oz (m) (200 ml),6.7 oz / 200 ml,$91.99,$183.00,https://www.jomashop.com/terre-dhermes-by-hermes-edt-spray-6-7-oz-m-3346131402007.html
LATTAFA,Men's Maahir Legacy EDP 3.4 oz Fragrances,3.4 oz,$34.99,$80.00,https://www.jomashop.com/lattafa-mens-maahir-legacy-edp-3-4-oz-fragrances-6290360590189.html
LATTAFA,Unisex Maahir Legacy Air Freshener 10 oz Fragrances 6290360597959,,,,https://www.jomashop.com/lattafa-unisex-maahir-legacy-air-freshener-10-oz-fragrances-6290360597959.html
CREED,Royal Water / EDP Spray 3.3 oz (100 ml) (u),3.3 oz / 100 ml,$189.99,$470.00,https://www.jomashop.com/creed-fragrances-crwes33.html
ZIMAYA,Unisex Itqan Noir EDP Spray 3.4 oz Fragrances,,$29.99,,https://www.jomashop.com/zimaya-unisex-itqan-noir-edp-spray-3-4-oz-fragrances-6290171075172.html
TOM FORD,Unisex Bois Pacifique EDP Spray 1.7 oz Fragrances,1.7 oz / 50 ml,$124.99,$160.00,https://www.jomashop.com/tom-ford-unisex-bois-pacifique-edp-spray-1-7-oz-fragrances-888066151962.html
TOM FORD,Unisex Bois Pacifique EDP Spray 3.4 oz Fragrances,3.4 oz / 100 ml,$170.99,$240.00,https://www.jomashop.com/tom-ford-unisex-bois-pacifique-edp-spray-3-4-oz-fragrances-888066151993.html
ARMAF,Men's LionHeart EDP Spray 3.4 oz Fragrances,,$44.99,$75.00,https://www.jomashop.com/armaf-mens-lionheart-edp-spray-3-4-oz-fragrances-6294015196450.html
LALIQUE,- Encre Noire Eau De Toilette Spray 50ml/1.7oz,1.7 oz / 50 ml,$21.99,$85.00,https://www.jomashop.com/lalique-encre-noire-eau-de-toilette-spray-50ml-1-7oz-3454960022515.html
LALIQUE,Encre Noir by EDT Spray 3.3 oz (m),3.3 oz,$24.99,$129.00,https://www.jomashop.com/lalique-perfume-ennmts33.html
MAISON ALHAMBRA,Unisex Sceptre Malachite Eau De Parfum 3.4 oz Fragrances,,$24.99,$75.00,https://www.jomashop.com/maison-alhambra-unisex-sceptre-malachite-eau-de-parfum-3-4-oz-fragrances-6290360591599.html
VERSACE,Men's Man Eau Fraiche Gifts & Sets,Gift Set,$17.99,$48.00,https://www.jomashop.com/versace-mens-versace-man-eau-fraiche-gifts-sets-8011003810468-m3vef1-a.html
VERSACE,Men's Eau Fraiche Gift Set Fragrances,Gift Set,$44.99,,https://www.jomashop.com/versace-mens-eau-fraiche-gift-set-fragrances-8011003820207.html
VERSACE,Man Eau Fraiche / Travel Set (m),Gift Set,$48.99,$95.00,https://www.jomashop.com/versace-man-eau-fraiche-versace-travel-set-m-vefm10.html
VERSACE,Man Eau Fraiche / Set (m),Gift Set,$54.99,$120.00,https://www.jomashop.com/versace-man-eau-fraiche-versace-set-m-8011003885060.html
CAROLINA HERRERA,Men's Bad Boy Cobalt EDP Spray 3.38 oz (Tester) Fragrances 8411061027844,,$74.99,$158.00,https://www.jomashop.com/carolina-herrera-mens-bad-boy-cobalt-edp-spray-3-38-oz-tester-fragrances-8411061027844.html
PRADA,Men's Luna Rossa Ocean Eau de Parfum EDP 1.7 oz Fragrances,1.7 oz / 50 ml,$59.99,$130.00,https://www.jomashop.com/prada-mens-luna-rossa-ocean-eau-de-parfum-edp-1-7-oz-fragrances-3614273768825-123173.html
PRADA,Men's Luna Rossa Ocean Eau de Parfum EDP 3.4 oz (Tester) Fragrances,3.4 oz / 100 ml - Tester,$79.99,$130.00,https://www.jomashop.com/prada-mens-luna-rossa-ocean-eau-de-parfum-edp-3-4-oz-tester-fragrances-3614273768795.html
PRADA,Men's Luna Rossa Ocean Eau de Parfum EDP Spray 5.0 oz Fragrances,5.0 oz / 150 ml,$104.99,$158.00,https://www.jomashop.com/prada-mens-luna-rossa-ocean-eau-de-parfum-edp-spray-5-0-oz-fragrances-3614273768818.html
VERSACE,Men's Man Eau Fraiche Gifts & Sets 8011003810468,,,$48.00,https://www.jomashop.com/versace-mens-versace-man-eau-fraiche-gifts-sets-8011003810468-m3vef1-a.html
VERSACE,Men's Eau Fraiche Gift Set Fragrances 8011003820207,Gift Set,$44.99,,https://www.jomashop.com/versace-mens-eau-fraiche-gift-set-fragrances-8011003820207.html
THE HARMONIST,Unisex Yin Transformation Parfum 1.7 oz Fragrances,,$209.99,$350.00,https://www.jomashop.com/the-harmonist-unisex-yin-transformation-parfum-1-7-oz-fragrances-3760284780674.html
BURBERRY,Men's Hero Parfum 3.4 oz Fragrances,3.4 oz / 100 ml,$99.99,$199.00,https://www.jomashop.com/burberry-mens-hero-parfum-3-4-oz-fragrances-3616304679445.html
VERSACE,Dylan Blue / EDP Splash Mini 0.17 oz (5.0 ml) (w),0.17 oz,$11.99,$35.00,https://www.jomashop.com/versace-fragrances-vdbe017-a-0-17oz.html
VERSACE,Dylan Blue / EDP Spray 1.0 oz (30 ml) (w),1.0 oz / 30 ml,$34.99,$75.00,https://www.jomashop.com/versace-fragrances-vdbes1.html
VERSACE,Dylan Blue / EDP Spray 1.7 oz (50 ml) (w),1.7 oz,$40.99,$105.00,https://www.jomashop.com/versace-fragrances-vdbes17.html
VERSACE,Ladies pour femme Dylan Blue EDP Spray 3.4 oz (Tester) (100 ml),3.4 oz / 100 ml - Tester,$49.99,$130.00,https://www.jomashop.com/versace-ladies-pour-femme-dylan-blue-edp-spray-3-4-oz-tester-fragrances-8011003839148.html
VERSACE,Dylan Blue / EDP Spray 3.4 oz (100 ml) (w),3.4 oz,$54.99,$130.00,https://www.jomashop.com/versace-dylan-blue-versace-edp-spray-3-4-oz-100-ml-w-vdbes34-a.html
VERSACE,Mini Set / Dylan Blue 3 Pc. Set (w),Gift Set,$19.99,$40.00,https://www.jomashop.com/mini-set-versace-dylan-blue-3-pc-set-w-w3vdb1-8011003842834.html
VERSACE,Ladies Dylan Blue Gift Set Fragrances,Gift Set,$99.99,,https://www.jomashop.com/versace-ladies-dylan-blue-gift-set-fragrances-8011003876747.html
LANVIN,Eclat De Arpege by EDP Spray 3.3 oz (100 ml) (w),3.3 oz,$32.99,$135.00,https://www.jomashop.com/cosmetics-ecles34.html
ROJA PARFUMS,Unisex Isola Blu Parfum Spray 1.7 oz Fragrances,,$274.99,$500.00,https://www.jomashop.com/roja-parfums-unisex-isola-blu-parfum-spray-1-7-oz-fragrances-5056663800049.html
AMOUAGE,Unisex Search EDP Spray 3.4 oz,,$199.99,$380.00,https://www.jomashop.com/amouage-unisex-search-edp-spray-3-4-oz-fragrances-701666410447.html
YVES SAINT LAURENT,Men's L'Homme EDP Spray 2 oz Fragrances,2.0 oz / 60 ml,$80.99,$86.00,https://www.jomashop.com/yves-saint-laurent-mens-lhomme-edp-spray-2-oz-fragrances-3614273668750.html
YVES SAINT LAURENT,Men's L'Homme EDP Spray 3.3 oz Fragrances,3.3 oz / 100 ml,$94.99,$138.00,https://www.jomashop.com/yves-saint-laurent-mens-lhomme-edp-spray-3-3-oz-fragrances-3614273668743.html
DOLCE & GABBANA,Men's Light Blue EDT Splash 0.15 oz Fragrances,0.15 oz,$16.99,$35.00,https://www.jomashop.com/dolce-and-gabbana-mens-light-blue-edt-splash-0-15-oz-fragrances-8057971183555.html
YVES SAINT LAURENT,Ladies EDP Spray 1.7 oz,1.7 oz / 50 ml,$94.97,$162.00,https://www.jomashop.com/yves-saint-laurent-ladies-edp-spray-1-7-oz-3614273923859.html
YVES SAINT LAURENT,Ladies Libre L'Absolu Platine Parfum Spray 3.0 oz Fragrances,3.0 oz / 90 ml,$134.99,$195.00,https://www.jomashop.com/yves-saint-laurent-ladies-libre-labsolu-platine-parfum-spray-3-0-oz-fragrances-3614273924030.html
NARCISO RODRIGUEZ,- For Her Musc Noir Eau De Parfum Spray 100ml/3.4oz,3.4 oz / 100 ml,$54.99,$131.00,https://www.jomashop.com/narciso-rodriguez-for-her-musc-noir-eau-de-parfum-spray-100ml-3-4oz-3423222012700.html
TOM FORD,Men's Fougere D'Argent EDP Spray 1.69 oz (Tester) Fragrances 0,1.69 oz - Tester,$189.99,$300.00,https://www.jomashop.com/tom-ford-mens-fougere-dargent-edp-spray-1-69-oz-tester-fragrances-0-888069894554-0888069894554.html
TOM FORD,Men's Fougere D'Argent EDP Spray 1.7 oz (50 ml) Private Blend,1.7 oz / 50 ml,$206.99,$300.00,https://www.jomashop.com/tom-ford-mens-fougere-dargent-edp-spray-1-7-oz-fragrances-888066081115.html
BURBERRY,Ladies Goddess Intense EDP Spray 3.4 oz (Tester) Fragrances,3.4 oz / 100 ml - Tester,$84.99,$175.00,https://www.jomashop.com/burberry-ladies-goddess-intense-edp-spray-3-4-oz-tester-fragrances-3616304967139.html
BURBERRY,Ladies Goddess Intense EDP Spray 1.7 oz Fragrances,1.7 oz / 50 ml,$89.99,$143.00,https://www.jomashop.com/burberry-ladies-goddess-intense-edp-spray-1-7-oz-fragrances-3616304967115.html
BURBERRY,Ladies Goddess Intense EDP Spray 3.4 oz Fragrances,3.4 oz,$106.99,$175.00,https://www.jomashop.com/burberry-ladies-goddess-intense-edp-spray-3-4-oz-fragrances-3616304967122.html
MICHAEL MALUL,Men's Citizen Jack Absolute EDP Spray 0.34 oz Fragrances 850067815143,0.34 oz,$30.00,,https://www.jomashop.com/michael-malul-mens-citizen-jack-absolute-edp-spray-0-34-oz-fragrances-850067815143-00850067815143.html
MICHAEL MALUL,Men's Citizen Jack Absolute EDP Spray 3.4 oz Fragrances,3.4 oz / 100 ml,$120.00,,https://www.jomashop.com/michael-malul-mens-citizen-jack-absolute-edp-spray-3-4-oz-fragrances-0745178710374.html
MICHAEL MALUL,Men's Citizen Jack Absolute Gift Set Fragrances 850067815105,Gift Set,$150.00,,https://www.jomashop.com/michael-malul-mens-citizen-jack-absolute-gift-set-fragrances-850067815105-00850067815105.html
LATTAFA,Unisex Al Nashama Caprice EDP 3.4 oz Fragrances,,$26.99,$90.00,https://www.jomashop.com/lattafa-unisex-al-nashama-caprice-edp-3-4-oz-fragrances-6290360593173.html
FRAGRANCE WORLD,Unisex Essence De Blanc EDP Spray 3.4 oz Fragrances,,$30.99,$80.00,https://www.jomashop.com/fragrance-world-unisex-essence-de-blanc-edp-spray-3-4-oz-fragrances-6290360370187.html
ISSEY MIYAKE,Leau Dissey Pour Homme by for Men - 5 oz Deodorant Spray,,,,https://www.jomashop.com/leau-dissey-pour-homme-by-issey-miyake-for-men-5-oz-deodorant-spray-3423470311785.html
ISSEY MIYAKE,Men by After Shave 3.3 oz,,,,https://www.jomashop.com/issey-miyake-issma33.html
ISSEY MIYAKE,Men's L'eau D'issey Gift Set Fragrances 3423222092917,,,,https://www.jomashop.com/issey-miyake-mens-leau-dissey-gift-set-fragrances-3423222092917.html
ISSEY MIYAKE,Men's L'eau D'issey Pour Homme Gift Set Fragrances 3423222010683,,,,https://www.jomashop.com/issey-miyake-mens-leau-dissey-pour-homme-gift-set-fragrances-3423222010683.html
ISSEY MIYAKE,Men's L'eau D'issey Gift Set Fragrances 3423478501751,,,,https://www.jomashop.com/issey-miyake-mens-leau-dissey-gift-set-fragrances-3423478501751.html
ISSEY MIYAKE,Men's L'eau D'issey Gift Set Fragrances 3423473151258,,,,https://www.jomashop.com/issey-miyake-mens-leau-dissey-gift-set-fragrances-3423473151258.html
ISSEY MIYAKE,Men's L'eau D'issey Homme Gift Set Fragrances,Gift Set,$44.99,$130.00,https://www.jomashop.com/issey-miyake-mens-leau-dissey-homme-gift-set-fragrances-3423222090920.html
ARMAF,Men's Odyssey Mega EDP 3.4 oz Fragrances,3.4 oz / 100 ml,$24.99,$90.00,https://www.jomashop.com/armaf-mens-odyssey-mega-edp-3-4-oz-fragrances-6294015149388.html
MOSCHINO,Men's Toy Boy EDP 0.17 oz Fragrances,0.17 oz,$9.99,$35.00,https://www.jomashop.com/moschino-mens-toy-boy-edp-spray-0-17-oz-fragrances-8011003845187.html
MOSCHINO,Men's Toy Boy EDP 0.03 oz Fragrances 8011003851522,,,,https://www.jomashop.com/moschino-mens-toy-boy-edp-0-03-oz-fragrances-8011003851522.html
MOSCHINO,Men's Toy Boy EDP Spray 1 oz Fragrances 8011003845118,1.0 oz / 30 ml,$26.99,$56.00,https://www.jomashop.com/moschino-mens-toy-boy-edp-spray-1-oz-fragrances-8011003845118.html
MOSCHINO,Men's Toy Boy EDP 1.7 oz (50 ml),1.7 oz,$32.99,$76.00,https://www.jomashop.com/moschino-mens-toy-boy-edp-1-7-oz-fragrances-8011003845125.html
MOSCHINO,Men's Toy Boy EDP Spray 3.4 oz (Tester) Fragrances,3.4 oz / 100 ml - Tester,$36.99,$96.00,https://www.jomashop.com/moschino-mens-toy-boy-edp-spray-3-4-oz-tester-fragrances-8011003845163.html
MOSCHINO,Toy Boy Men's EDP Spray 3.4 oz (100 ml),3.4 oz,$43.95,$96.00,https://www.jomashop.com/moschino-toy-boy-mens-edp-spray-3-4-oz-8011003845132.html
MOSCHINO,Men's Toy Boy Gift Set Fragrances,Gift Set,$44.99,$95.00,https://www.jomashop.com/moschino-mens-toy-boy-gift-set-fragrances-8011003870561.html
MOSCHINO,Men's Toy Boy Gift Set Fragrances,Gift Set,$44.99,,https://www.jomashop.com/moschino-mens-toy-boy-gift-set-fragrances-8011003873739.html
MOSCHINO,Men's Toy Boy Gift Set Fragrances,Gift Set,$59.99,$105.00,https://www.jomashop.com/moschino-mens-toy-boy-gift-set-fragrances-8011003873746.html
MONTBLANC,Men's Legend EDT 0.15 oz Fragrances,0.15 oz,$11.99,$30.00,https://www.jomashop.com/montblanc-mens-legend-edt-0-15-oz-fragrances-3386460032759.html
MONTBLANC,Legend by Mont Blanc EDT Spray 1.0 oz,,,,https://www.jomashop.com/mont-blanc-mlemts1.html
MONTBLANC,Legend by Mont Blanc EDT Spray 1.7 oz,1.7 oz / 50 ml,$33.99,$80.00,https://www.jomashop.com/mont-blanc-mlemts17.html
MONTBLANC,Men's Legend EDT Spray 3.3 oz (100 ml) (Tester),,,,https://www.jomashop.com/montblanc-mens-legend-edt-spray-3-3-oz-fragrances-3386460032742-mlemts33t.html
MONTBLANC,Legend / Mont Blanc EDT Spray 3.3 oz (100 ml) (m),3.3 oz / 100 ml,$39.99,$115.00,https://www.jomashop.com/montblanc-legend-mont-blanc-edt-spray-3-3-oz-m-a-3386460032681.html
MONTBLANC,Legend Men / Mont Blanc EDT Spray 6.7 oz (200 ml) (m),6.7 oz / 200 ml,$52.99,$128.00,https://www.jomashop.com/mont-blanc-perfume-mlemts67.html
MONTBLANC,Legend Men / Mont Blanc Set (m),Gift Set,$11.97,$40.00,https://www.jomashop.com/montblanc-legend-men-mont-blanc-set-m-3386460116855.html
THOMAS KOSMALA,Apres L'amour No 4 Elixir De Parfum 3.4 oz Fragrances,,$104.99,$270.00,https://www.jomashop.com/thomas-kosmala-ladies-apres-lamour-no-4-elixir-de-parfum-3-4-oz-fragrances-5060412110808.html
LATTAFA,Ladies Rave Pink EDP Spray 3.4 oz Fragrances,,$19.99,$70.00,https://www.jomashop.com/lattafa-ladies-rave-pink-edp-spray-3-4-oz-fragrances-6290360593685.html
BURBERRY,Ladies Her EDP Spray 3.4 oz (Tester) Fragrances,3.4 oz / 100 ml - Tester,$84.99,$180.00,https://www.jomashop.com/burberry-ladies-burberry-her-edp-spray-3-4-oz-tester-fragrances-3614227693449.html
RALPH LAUREN,Men's Polo Green EDT Spray 0.04 oz Fragrances,0.04 oz,$9.99,$25.00,https://www.jomashop.com/ralph-lauren-mens-polo-green-edt-spray-0-04-oz-fragrances-3605972454812.html
RALPH LAUREN,Men's Polo Green EDT Spray 4.2 oz Fragrances,4.2 oz / 125 ml,$44.99,$105.00,https://www.jomashop.com/ralph-lauren-mens-polo-green-edt-spray-4-2-oz-fragrances-3605972793317.html
LATTAFA,Unisex Musamam White Intense EDP Spray 3.4 oz Fragrances,,$33.99,$99.00,https://www.jomashop.com/lattafa-unisex-pride-musammam-white-edp-spray-3-4-oz-fragrances-6290360593159.html
FRAGRANCE ONE,Men's Office EDP Spray 3.4 oz Fragrances,,$160.99,$249.00,https://www.jomashop.com/fragrance-one-mens-office-edp-spray-3-4-oz-fragrances-4270000219672.html
LATTAFA,Unisex Bade'e Al Oud Amethyst EDP Spray 3.38 oz Fragrances,,$21.99,$85.00,https://www.jomashop.com/lattafa-unisex-badee-al-oud-amethyst-edp-spray-3-38-oz-fragrances-6291108733875.html
SWISS ARABIAN,Unisex Heritage Tobacco 01 Extrait de Parfum Spray 1.69 oz Fragrances,,$49.99,$68.00,https://www.jomashop.com/tobacco-01-extrait-de-parfum-spray-1-69-oz-fragrances-6295124046926.html
PACO RABANNE,Men's 1 Million Parfum 0.17 oz Fragrances,0.17 oz,$19.99,$30.00,https://www.jomashop.com/paco-rabanne-mens-one-million-parfum-0-17-oz-fragrances-3349668582044.html
PACO RABANNE,Men's 1 Million Parfum Spray 1.7 oz (50 ml),1.7 oz,$54.95,$110.00,https://www.jomashop.com/paco-rabanne-mens-1-million-edp-spray-1-7-oz-fragrances-3349668579822.html
PACO RABANNE,Men's 1 Million Parfum 3.4 oz (Tester) Fragrances,3.4 oz / 100 ml - Tester,$68.99,$140.00,https://www.jomashop.com/paco-rabanne-mens-1-million-edp-3-4-oz-tester-fragrances-3349668581955.html
PACO RABANNE,Million / Parfum Spray 3.3 oz (100 ml) (M),3.4 oz / 100 ml,$84.99,$140.00,https://www.jomashop.com/paco-rabanne1-million-paco-rabanne-parfum-spray-3-3-oz-100-ml-m-3349668579839.html
PACO RABANNE,Men's 1 Million Parfum Spray 6.8 oz Fragrances,6.8 oz / 200 ml,$114.99,$185.00,https://www.jomashop.com/paco-rabanne-mens-1-million-edp-spray-6-8-oz-fragrances-3349668581948.html
DIOR,Jadore / Christian EDP Spray 5.0 oz (w),5.0 oz / 150 ml,$159.99,$225.00,https://www.jomashop.com/christian-dior-fragrances-jades5-5-0oz.html
JO MILANO,Roll It 7 Parfum 3.4 oz Fragrances,,$140.00,$280.00,https://www.jomashop.com/jo-milano-roll-it-7-parfum-3-4-oz-fragrances-850051043262.html
CAROLINA HERRERA,Ladies Very Good Girl Elixir EDP Spray 2.7 oz Fragrances,2.7 oz / 80 ml,$139.99,$182.00,https://www.jomashop.com/carolina-herrera-ladies-very-good-girl-elixir-edp-spray-2-7-oz-fragrances-8411061106228.html
YVES SAINT LAURENT,KOUROS/YSL EDT SPRAY 3.3 OZ (M),3.3 oz / 100 ml,$43.99,$106.00,https://www.jomashop.com/ysl-koumts33-a.html
YVES SAINT LAURENT,Men's Kouros EDT Spray 3.4 oz (Tester) Fragrances 3365440038301,,$44.99,$106.00,https://www.jomashop.com/yves-saint-laurent-mens-kouros-edt-spray-3-4-oz-tester-fragrances-3365440038301.html
ISSEY MIYAKE,Men's L'Eau D'Issey EDP Spray 4.2 oz Fragrances,4.2 oz / 125 ml,$54.99,$118.00,https://www.jomashop.com/issey-miyake-mens-leau-dissey-edp-spray-4-2-oz-fragrances-3423222118396.html
ISSEY MIYAKE,Men's L'Eau D'Issey EDP Spray 2.5 oz Fragrances 3423222118372,,,,https://www.jomashop.com/issey-miyake-mens-leau-dissey-edp-spray-2-5-oz-fragrances-3423222118372.html
KAJAL,Unisex Dahab EDP Spray 3.38 oz Fragrances,,$134.97,$220.00,https://www.jomashop.com/kajal-unisex-dahab-edp-spray-3-38-oz-fragrances-3760310290733.html
MIZENSIR,Unisex Poudre d'Or EDP 3.3 oz Fragrances,,$119.99,$285.00,https://www.jomashop.com/mizensir-unisex-poudre-dor-edp-3-3-oz-fragrances-7640105059492.html
MONTALE,Starry Nights / EDP Spray 3.3 oz (100 ml) (u),,$76.98,$180.00,https://www.jomashop.com/montale-perfume-snies33.html
MONTBLANC,Signature / Mont Blanc EDP 0.15 oz (4.5 ml) (M),0.15 oz,$13.99,$20.00,https://www.jomashop.com/signature-mont-blanc-edp-0-15-oz-4-5-ml-m-3386460116664.html
MONTBLANC,Ladies Signature EDP Spray 1 oz Fragrances,1.0 oz / 30 ml,$24.99,$76.00,https://www.jomashop.com/montblanc-ladies-signature-edp-spray-1-oz-fragrances-3386460113601.html
MONTBLANC,- Signature Eau De Parfum Spray 50ml/1.7oz,1.7 oz / 50 ml,$34.99,$103.00,https://www.jomashop.com/montblanc-signature-eau-de-parfum-spray-50ml-1-7oz-3386460113595.html
MONTBLANC,Ladies Signature EDP 3.0 oz (Tester) Fragrances,3.0 oz / 90 ml - Tester,$39.99,$132.00,https://www.jomashop.com/montblanc-ladies-signature-edp-tester-fragrances-3386460116688.html
MONTBLANC,- Signature Eau De Parfum Spray 90ml/3oz,3.0 oz / 90 ml,$46.99,$132.00,https://www.jomashop.com/montblanc-signature-eau-de-parfum-spray-90ml-3oz-3386460113588.html
MONTBLANC,Signature 4.9 oz Scented Candle,Scented Candle,$29.99,,https://www.jomashop.com/montblanc-signature-4-9-oz-scented-candle-3386460114899.html
BURBERRY,London by EDP Spray 1.0 oz (w),1.0 oz / 30 ml,$23.99,$95.00,https://www.jomashop.com/burberry-blnes1b.html
BURBERRY,Ladies London EDP Spray 1.7 oz (Tester) Fragrances 924651431207,,,,https://www.jomashop.com/burberry-london-for-women-by-burberry-edp-1-7-oz-50-ml-spray-unboxed-bu144-unb.html
BURBERRY,Ladies London EDP Spray 1.7 oz (50 ml),1.7 oz / 50 ml,$32.99,$123.00,https://www.jomashop.com/burberry-ladies-london-edp-spray-1-7-oz-fragrances-3614226905192.html
BURBERRY,London / EDP Spray 3.3 oz (w) (100 ml),3.3 oz / 100 ml,$38.50,$129.00,https://www.jomashop.com/burberry-fragrances-blnes33-3-3oz.html
FRAGRANCE WORLD,Unisex Royal Blend EDP Spray 3.4 oz Fragrances,,$34.99,$80.00,https://www.jomashop.com/fragrance-world-unisex-royal-blend-edp-spray-3-4-oz-fragrances-6290360375595.html
ACQUA DI PARMA,Men's Colonia Essenza EDC Spray 0.17 oz Fragrances 8028713221019,,,,https://www.jomashop.com/acqua-di-parma-mens-colonia-essenza-edc-spray-0-17-oz-fragrances-8028713221019.html
ACQUA DI PARMA,Colonia Essenza / EDC Spray 1.7 oz (50ml),1.7 oz / 50 ml,$59.99,$150.00,https://www.jomashop.com/acqua-di-parma-cos-8028713220012.html
ACQUA DI PARMA,Men's Colonia Essenza EDC Spray 3.38 oz (Tester) Fragrances,3.38 oz / 100 ml - Tester,$69.99,$181.00,https://www.jomashop.com/acqua-di-parma-mens-colonia-essenza-edc-spray-3-38-oz-tester-fragrances-8028713228001.html
ACQUA DI PARMA,Colonia Essenza by for Men - 3.4 oz EDC Spray,3.4 oz / 100 ml,$75.99,$212.00,https://www.jomashop.com/acqua-di-parma-cos-8028713220029.html
ACQUA DI PARMA,Men's Colonia Essenza EDC Spray 3.4 oz Fragrances 8028713828171,,,,https://www.jomashop.com/acqua-di-parma-mens-colonia-essenza-edc-spray-3-4-oz-fragrances-8028713828171.html
ACQUA DI PARMA,- Colonia Essenza Eau De Cologne Spray 180ml/6oz,,,,https://www.jomashop.com/acqua-di-parma-colonia-essenza-eau-de-cologne-spray-180ml-6oz-8028713220036.html
ACQUA DI PARMA,Men's Colonia Essenza Deodorant Stick 2.5 oz Fragrances,Deodorant,$29.99,$59.00,https://www.jomashop.com/acqua-di-parma-mens-colonia-essenza-deodorant-stick-2-5-oz-fragrances-8028713220210.html
ACQUA DI PARMA,Men's Essenza Deodorant Body Spray 5.0 oz Fragrances,Deodorant,$29.99,$62.00,https://www.jomashop.com/acqua-di-parma-mens-essenza-deodorant-body-spray-5-0-oz-fragrances-8028713220234.html
AL HARAMAIN,Unisex Detour Noir EDP Spray 3.4 oz (Tester) Fragrances 000000000,3.4 oz / 100 ml - Tester,$22.99,$40.00,https://www.jomashop.com/al-haramain-unisex-detour-noir-edp-spray-3-4-oz-tester-fragrances-000000000-3332-0000000003332.html
AL HARAMAIN,Unisex Detour Noir EDP 3.4 oz Fragrances,3.4 oz,$23.99,$76.00,https://www.jomashop.com/al-haramain-unisex-detour-noir-edp-3-4-oz-fragrances-6291100137275.html
DIOR,Ladies J'Adore Parfum D'Eau EDP Spray 0.04 oz Fragrances 3348901597753,,,,https://www.jomashop.com/dior-ladies-jadore-parfum-deau-edp-spray-0-04-oz-fragrances-3348901597753.html
DIOR,Christian Ladies J'adore Parfum D'eau EDP Spray 1.0 oz Fragrances,1.0 oz / 30 ml,$74.99,$108.00,https://www.jomashop.com/christian-dior-ladies-jadore-parfum-deau-edp-spray-1-0-oz-fragrances-3348901639989.html
DIOR,Christian Ladies J'adore Parfum d'eau EDP Spray 1.7 oz Fragrances,1.7 oz / 50 ml,$101.99,$138.00,https://www.jomashop.com/christian-dior-ladies-jadore-parfum-deau-edp-spray-1-7-oz-fragrances-3348901597722.html
DIOR,Christian Ladies J'adore Parfum d'Eau EDP Spray 3.4 oz (Tester) Fragrances,3.4 oz / 100 ml - Tester,$114.99,$172.00,https://www.jomashop.com/christian-dior-ladies-jadore-parfum-deau-edp-spray-3-4-oz-tester-fragrances-3348901597777.html
DIOR,Christian Ladies Jadore Parfum D'eau EDP Spray 3.4 oz Fragrances,3.4 oz / 100 ml,$134.99,$172.00,https://www.jomashop.com/christian-dior-ladies-jadore-parfum-deau-edp-spray-3-4-oz-fragrances-3348901597715.html
AHMED AL MAGHRIBI,Unisex Ignite Oud EDP Spray 2.0 oz Fragrances,,$49.99,$140.00,https://www.jomashop.com/ahmed-al-maghribi-unisex-ignite-oud-edp-spray-2-0-oz-fragrances-6290360614687.html
BOADICEA THE VICTORIOUS,Unisex Energizer EDP Spray 3.4 oz Fragrances,,$237.99,$315.00,https://www.jomashop.com/boadicea-the-victorious-unisex-energizer-edp-spray-3-4-oz-fragrances-5060215060997.html
CREED,Neroli Sauvage / EDP Spray 3.3 oz (100 ml) (u),3.3 oz / 100 ml,$189.99,$470.00,https://www.jomashop.com/creed-perfume-cnses33.html
MONTBLANC,Men's Legend Spirit EDT Spray 3.4 oz (Tester) Fragrances,3.4 oz / 100 ml - Tester,$39.99,$115.00,https://www.jomashop.com/tester-mont-blanc-legend-spirit-men-3-4-oz-edt-spray-3386460074902.html
MONTBLANC,Legend Spirit / MontBlanc EDT Spray 3.3 oz (100 ml) (m),3.3 oz / 100 ml,$49.99,$115.00,https://www.jomashop.com/montblanc-perfume-mlsmts33-a.html
GUERLAIN,Unisex Aqua Allegoria Forte Nerolia Vetiver EDP 4.2 oz Fragrances,,$61.99,$180.00,https://www.jomashop.com/guerlain-unisex-nerolia-vetiver-edp-4-2-oz-fragrances-3346470146846.html
DIPTYQUE,Unisex Do Son EDP Spray 2.5 oz Fragrances,,$174.99,$230.00,https://www.jomashop.com/diptyque-unisex-do-son-edp-spray-2-5-oz-fragrances-3700431416346.html
MEMO PARIS,Unisex Madurai EDP Spray 2.5 oz Fragrances,,$174.99,$310.00,https://www.jomashop.com/memo-paris-unisex-madurai-edp-spray-2-5-oz-fragrances-3700458604061.html
PARIS CORNER,Unisex Bayn Al Asrar EDP Spray 2.71 oz Fragrances,,$34.99,$75.00,https://www.jomashop.com/paris-corner-unisex-bayn-al-asrar-edp-spray-2-71-oz-fragrances-6238542876317.html
MAISON MARGIELA,Ladies Replica When The Rain Stops EDT Spray 1.0 oz Fragrances,1.0 oz,$54.99,$85.00,https://www.jomashop.com/maison-margiela-ladies-replica-when-the-rain-stops-edt-spray-1-0-oz-fragrances-3614273612661.html
MAISON MARGIELA,When The Rain Stops EDT 3.4 oz Fragrances,3.4 oz / 100 ml,$86.99,$165.00,https://www.jomashop.com/maison-margiela-when-the-rain-stops-edt-3-4-oz-fragrances-3614273612678.html
MANCERA,Tonka Cola EDP 4 oz Fragrances,,$85.00,$190.00,https://www.jomashop.com/mancera-mens-tonka-cola-edp-4-oz-fragrances-3760265194391.html
AZZARO,Chrome / EDT Spray 6.7 oz (200 ml) (M),6.7 oz,$46.99,$129.00,https://www.jomashop.com/chrome-azzaro-edt-spray-6-7-oz-200-ml-m-3351500020416.html
PENHALIGON'S,Halfeti Leather EDP Spray 3.4 oz Fragrances,,$194.99,$290.00,https://www.jomashop.com/penhaligons-halfeti-leather-edp-spray-3-4-oz-fragrances-5056245021572.html
SOSPIRO,Unisex Basso EDP Spray 3.4 oz (Tester) Fragrances,3.4 oz / 100 ml - Tester,$174.97,$325.00,https://www.jomashop.com/sospiro-unisex-basso-edp-spray-3-4-oz-tester-fragrances-3700583501303.html
SOSPIRO,Unisex Basso EDP Spray 3.4 oz Fragrances,3.4 oz / 100 ml,$194.99,$325.00,https://www.jomashop.com/sospiro-unisex-basso-edp-spray-3-4-oz-fragrances-3700583501297.html
YVES SAINT LAURENT,Ladies Black Opium Over Red EDP 1.7 oz Fragrances,1.7 oz / 50 ml,$74.99,$140.00,https://www.jomashop.com/yves-saint-laurent-ladies-black-opium-over-red-edp-1-7-oz-fragrances-3614274076578.html
YVES SAINT LAURENT,Ladies Black Opium Over Red EDP Spray 3.0 oz (Tester) Fragrances,3.0 oz / 90 ml - Tester,$104.99,$160.00,https://www.jomashop.com/yves-saint-laurent-ladies-black-opium-over-red-edp-spray-3-0-oz-tester-fragrances-3614274076608.html
YVES SAINT LAURENT,Ladies Black Opium Over Red EDP Spray 3.0 oz Fragrances,3.0 oz / 90 ml,$114.99,$172.00,https://www.jomashop.com/yves-saint-laurent-ladies-black-opium-over-red-edp-spray-3-0-oz-fragrances-3614274076202.html
XERJOFF,Unisex Alexandria II Anniversary Parfum 3.4 oz Fragrances,,$309.99,$625.00,https://www.jomashop.com/xerjoff-unisex-alexandria-ii-anniversary-parfum-3-4-oz-fragrances-8054320902348.html
DIOR,Men's Sauvage Parfum Parfum Spray 1.0 oz Fragrances,1.0 oz / 30 ml,$96.99,$105.00,https://www.jomashop.com/dior-mens-sauvage-parfum-parfum-spray-1-0-oz-fragrances-3348901608060.html
DIOR,Sauvage / Christian Parfum Spray 2.0 oz (60 ml) (m),2.0 oz / 60 ml,$110.99,$160.00,https://www.jomashop.com/christian-dior-svgmps2-a-2-0oz.html
DIOR,Christian Men's Sauvage Parfum 6.8 oz (200 ml),6.8 oz,$211.99,$265.00,https://www.jomashop.com/christian-dior-mens-sauvage-parfum-edp-6-8-oz-fragrances-3348901520065.html
TIZIANA TERENZI,Unisex Casanova Extrait De Parfum Spray 3.4 oz / 100 ml,,$159.99,$500.00,https://www.jomashop.com/tiziana-terenzi-unisex-casanova-extrait-de-parfum-spray-100-ml-8016741582554.html
XERJOFF,Ladies Casamorati Lira EDP 1.0 oz Fragrances,1.0 oz / 30 ml,$99.99,$125.00,https://www.jomashop.com/xerjoff-ladies-casamorati-1888-lira-edp-1-0-oz-fragrances-8033488154547.html
XERJOFF,Ladies Casamorati Lira EDP Spray 3.4 oz (Tester) Fragrances,3.4 oz / 100 ml - Tester,$139.99,$305.00,https://www.jomashop.com/xerjoff-lira-3-4-oz-eau-de-parfum-spray-for-women-tester-8033488153656.html
MANCERA,Unisex Cosmic Pepper EDP Spray 4.0 oz Fragrances,,$89.99,$190.00,https://www.jomashop.com/mancera-unisex-cosmic-pepper-edp-spray-4-0-oz-fragrances-3760265194452.html
BYREDO,Unisex Rose Of No Mans Land EDP Spray 1.7 oz Fragrances,1.7 oz / 50 ml,$139.99,$225.00,https://www.jomashop.com/byredo-unisex-rose-of-no-mans-land-edp-spray-1-7-oz-fragrances-7340032860931.html
BYREDO,Rose of No Mans Land by for Unisex - 3.4 oz EDP Spray,3.4 oz / 100 ml,$184.99,$320.00,https://www.jomashop.com/rose-of-no-mans-land-by-byredo-for-unisex-3-4-oz-edp-spray-7340032811445.html
BYREDO,Unisex Rose of No Mans Land EDP Spray 3.4 oz Tester,,,,https://www.jomashop.com/byredo-unisex-rose-of-no-mans-land-edp-spray-3-4-oz-tester-t7340032811445.html
TIZIANA TERENZI,Unisex Orion Extrait de Parfum Spray 0.05 oz Fragrances 8016741222481,,,,https://www.jomashop.com/tiziana-terenzi-unisex-orion-extrait-de-parfum-spray-0-05-oz-fragrances-8016741222481.html
TIZIANA TERENZI,Unisex Luna Orion Extrait de Parfum Spray 3.4 oz (Tester) Fragrances,3.4 oz / 100 ml - Tester,$108.99,$350.00,https://www.jomashop.com/tiziana-terenzi-unisex-luna-orion-edp-spray-3-4-oz-tester-fragrances-8016741112485.html
TIZIANA TERENZI,Unisex Orion Extrait de Parfum Spray 3.4 oz Fragrances,3.4 oz,$119.99,$375.00,https://www.jomashop.com/tiziana-terenzi-unisex-orion-edp-3-4-oz-fragrances-8016741092480.html
TIZIANA TERENZI,Unisex Orion Body Lotion 1.7 oz Fragrances,Lotions & Creams,$37.99,,https://www.jomashop.com/tiziana-terenzi-unisex-orion-body-lotion-1-7-oz-fragrances-8016741122576.html
TIZIANA TERENZI,Orion Lotion 8.4 oz Fragrances,Lotions & Creams,$59.99,$115.00,https://www.jomashop.com/tiziana-terenzi-orion-lotion-8-4-oz-fragrances-8016741112577.html
AMOUAGE,Unisex Opus XII Rose Incense EDP Spray 3.4 oz Fragrances,,$194.50,$380.00,https://www.jomashop.com/amouage-unisex-opus-xii-rose-incense-edp-spray-3-4-oz-fragrances-701666410553.html
XERJOFF,Unisex Torino21 EDP 3.3 oz (Tester) Fragrances,3.3 oz / 100 ml - Tester,$209.99,$340.00,https://www.jomashop.com/xerjoff-unisex-torino21-edp-3-3-oz-tester-fragrances-8054320903079.html
XERJOFF,Unisex Torino21 Deodorant Spray 3.4 oz Fragrances,Deodorant,$54.99,,https://www.jomashop.com/xerjoff-unisex-torino21-deodorant-spray-3-4-oz-fragrances-8054320904687.html
MANCERA,Unisex Amberful EDP Spray 4.0 oz Fragrances,,$99.99,$200.00,https://www.jomashop.com/mancera-unisex-amberful-edp-spray-4-0-oz-fragrances-3760265194742.html
LATTAFA,Unisex Najdia Intense EDP Spray 3.4 oz Fragrances,,$20.99,$75.00,https://www.jomashop.com/lattafa-unisex-najdia-intense-edp-spray-3-4-oz-fragrances-6290360599458.html
BYREDO,Ladies Blanche EDP Spray 1.7 oz Fragrances,1.7 oz / 50 ml,$149.99,$225.00,https://www.jomashop.com/byredo-ladies-blanche-edp-spray-1-7-oz-fragrances-7340032860306.html
BYREDO,Blanche by for Women - 3.4 oz EDP Spray,3.4 oz / 100 ml,$199.99,$320.00,https://www.jomashop.com/blanche-by-byredo-for-women-3-4-oz-edp-spray-7340032806199.html
DIOR,Men's Eau Sauvage Parfum 3.4 oz Fragrances,,$129.99,$165.00,https://www.jomashop.com/christian-dior-mens-eau-sauvage-edp-spray-3-4-oz-fragrances-3348901069830.html
MAISON ALHAMBRA,Ladies Delilah EDP Spray 3.4 oz Fragrances,,$24.99,$77.50,https://www.jomashop.com/maison-alhambra-ladies-delilah-edp-spray-3-4-oz-fragrances-6291107459196.html
CREED,Men's Royal Oud EDP 0.084 oz Fragrances,0.084 oz,$14.99,$25.47,https://www.jomashop.com/creed-mens-royal-oud-edp-0-084-oz-fragrances-3508440501103.html
GUCCI,Ladies Flora Gorgeous Magnolia EDP Spray 1.01 oz Fragrances,1.01 oz,$49.99,$105.00,https://www.jomashop.com/gucci-ladies-flora-gorgeous-magnolia-edp-spray-1-01-oz-fragrances-3616303470869.html
GUCCI,Ladies Flora Gorgeous Magnolia EDP Spray 1.69 oz Fragrances,1.69 oz,$64.99,$133.00,https://www.jomashop.com/gucci-ladies-flora-gorgeous-magnolia-edp-spray-1-69-oz-fragrances-3616303470906.html
GUCCI,Ladies Flora Gorgeous Magnolia EDP Spray 3.38 oz Fragrances,3.38 oz / 100 ml,$84.99,$168.00,https://www.jomashop.com/gucci-ladies-flora-gorgeous-magnolia-edp-spray-3-38-oz-fragrances-3616303470791.html
GUCCI,Flora Gorgeous Magnolia / EDP Spray No Cap Tester 3.3 oz (100 ml) (W),3.3 oz / 100 ml - Tester,$99.99,$168.00,https://www.jomashop.com/gucci-flora-gorgeous-magnolia-gucci-edp-spray-no-cap-tester-3-3-oz-100-ml-w-3616303470807.html
GUCCI,Ladies Flora Gorgeous Magnolia EDP Spray 5.0 oz Fragrances,5.0 oz / 150 ml,$119.99,$225.00,https://www.jomashop.com/gucci-ladies-flora-gorgeous-magnolia-edp-spray-5-0-oz-fragrances-3616303470845.html
GUCCI,Ladies Flora Gorgeous Magnolia Gift Set Fragrances,Gift Set,$79.99,$140.00,https://www.jomashop.com/gucci-ladies-flora-gorgeous-magnolia-gift-set-fragrances-3616304679049.html
PENHALIGON'S,- Halfeti Cedar Eau De Parfum Spray 100ml / 3.4oz,,$199.50,$290.00,https://www.jomashop.com/penhaligons-halfeti-cedar-eau-de-parfum-spray-100ml-3-4oz-5056245010989.html
MONTBLANC,Men's Legend Blue EDP Spray 3.4 oz (Tester) Fragrances,3.4 oz / 100 ml - Tester,$39.99,$120.00,https://www.jomashop.com/montblanc-mens-legend-blue-edp-spray-3-4-oz-tester-fragrances-3386460144285.html
MONTBLANC,Men's Legend Blue EDP Spray 1.7 oz Fragrances 3386460144247,,,,https://www.jomashop.com/montblanc-legend-blue-edp-spray-1-7-oz-fragrances-3386460144247.html
MONTBLANC,Men's Legend Blue EDP Spray 3.4 oz Fragrances,3.4 oz / 100 ml,$51.99,$120.00,https://www.jomashop.com/montblanc-legend-blue-edp-spray-3-4-oz-fragrances-3386460144230.html
KILIAN,Ladies Good Girl Gone Bad EDP Spray 1.7 oz Fragrances,1.7 oz / 50 ml,$198.99,$295.00,https://www.jomashop.com/kilian-ladies-good-girl-gone-bad-edp-spray-1-7-oz-fragrances-3700550218197.html
LE LABO,Unisex The Noir 29 EDP Spray 3.4 oz Fragrances,,$299.99,$335.00,https://www.jomashop.com/le-labo-unisex-the-noir-29-edp-spray-3-4-oz-fragrances-0811901023025.html
SWISS ARABIAN,Unisex Opulence Of Dubai EDP Spray 3.4 oz Fragrances,,$69.99,$123.00,https://www.jomashop.com/swiss-arabian-unisex-opulence-of-dubai-edp-spray-3-4-oz-fragrances-6295124042775.html
VIKTOR & ROLF,Spicebomb Night Vision / EDT Spray 1.7 oz (50 ml) (m),1.7 oz / 50 ml,$49.99,$112.00,https://www.jomashop.com/spicebomb-night-vision-viktor-rolf-edt-spray-1-7-oz-50-ml-m-3614272191549.html
VIKTOR & ROLF,Spicebomb Night Vision / EDT Spray 3.04 oz (90 ml) (m),3.0 oz / 90 ml,$62.93,$138.00,https://www.jomashop.com/spicebomb-night-vision-viktor-rolf-edt-spray-3-4-oz-90-ml-m-snvmts34-3614272191556.html
VIKTOR & ROLF,Men's Spicebomb Night Vision EDT Spray 3.0 oz (Tester) Fragrances,3.0 oz / 90 ml - Tester,$69.99,$138.00,https://www.jomashop.com/viktor-rolf-mens-spicebomb-night-vision-edt-spray-3-0-oz-tester-fragrances-3614272193390.html
BOND NO.9,Hamptons by EDP Spray 3.3 oz (100 ml) (m),3.3 oz / 100 ml,$166.99,$506.00,https://www.jomashop.com/bond-no-9-perfume-9hapmes33b.html
XERJOFF,Unisex Tony Iommi Monkey Special EDP Spray 1.69 oz (Tester) Fragrances,1.69 oz - Tester,$171.99,$240.00,https://www.jomashop.com/xerjoff-unisex-tony-lommi-monkey-special-edp-spray-1-69-oz-tester-fragrances-8054320900719.html
XERJOFF,Unisex Tony Iommi Monkey Special EDP Spray 3.4 oz (Tester) Fragrances,3.4 oz / 100 ml - Tester,$229.99,$450.00,https://www.jomashop.com/xerjoff-unisex-tony-iommi-monkey-special-edp-spray-3-4-oz-tester-fragrances-8054320902478.html
XERJOFF,Unisex Tony Iommi Monkey Special EDP Spray 3.4 oz Fragrances,3.4 oz,$264.99,$450.00,https://www.jomashop.com/xerjoff-unisex-tony-iommi-monkey-special-edp-spray-3-4-oz-fragrances-8054320902447.html
TOM FORD,Ladies Santal Blush EDP Spray 1.7 oz (50 ml) Private Blend,,$214.99,$300.00,https://www.jomashop.com/tom-ford-unisex-santal-blush-edp-spray-1-7-oz-fragrances-888066012317.html
BDK PARFUMS,Unisex Creme De Cuir EDP 3.4 oz (Tester) Fragrances,3.4 oz / 100 ml - Tester,$174.99,$250.00,https://www.jomashop.com/bdk-parfums-unisex-creme-de-cuir-edp-3-4-oz-tester-fragrances-3760035450269.html
BDK PARFUMS,Unisex Creme De Cuir EDP 3.4 oz Fragrances,3.4 oz,$187.50,$250.00,https://www.jomashop.com/bdk-parfums-unisex-creme-de-cuir-edp-3-4-oz-fragrances-3760035450252.html
ARMAF,Unisex Odyssey Limoni Fresh Edition EDP Spray 2.0 oz Fragrances,2.0 oz / 60 ml,$21.99,$75.00,https://www.jomashop.com/armaf-unisex-odyssey-limoni-fresh-edition-edp-spray-2-0-oz-fragrances-6295199800751.html
ARMAF,Men's Odyssey Limoni EDP Spray 3.4 oz Fragrances,3.4 oz / 100 ml,$29.99,$90.00,https://www.jomashop.com/armaf-mens-odyssey-limoni-edp-spray-3-4-oz-fragrances-6294015188639.html
ARMAF,Unisex Odyssey Limoni Fresh Edition EDP Spray 6.7 oz Fragrances,6.7 oz / 200 ml,$44.99,,https://www.jomashop.com/armaf-unisex-odyssey-limoni-fresh-edition-edp-spray-6-7-oz-fragrances-6295199800720.html
ARMAF,Men's Odyssey Limoni Fresh Deodorant Spray 6.8 oz Fragrances 6295199800317,,,,https://www.jomashop.com/armaf-mens-odyssey-limoni-fresh-deodorant-spray-6-8-oz-fragrances-6295199800317.html
BURBERRY,Ladies Her Intense EDP Spray 0.17 oz Fragrances 3614229370690,,,,https://www.jomashop.com/burberry-ladies-her-intense-edp-spray-0-17-oz-fragrances-3614229370690.html
BURBERRY,Ladies Her Intense EDP Spray 3.38 oz Fragrances,3.38 oz / 100 ml,$114.99,$190.00,https://www.jomashop.com/burberry-ladies-her-intense-edp-spray-3-38-oz-fragrances-3616305181060.html
VERSACE,Bright Crystal Absolu by EDP Mini 0.17 oz (5.0 ml) (w),0.17 oz,$12.99,$25.00,https://www.jomashop.com/versace-perfume-bcae017.html
VERSACE,Ladies Bright Crystal Absolu EDP Spray 0.33 oz (Tester) Fragrances,0.33 oz / 10 ml - Tester,$16.99,$30.00,https://www.jomashop.com/versace-ladies-bright-crystal-absolu-edp-rollerball-0-33-oz-fragrances-8011003836925.html
VERSACE,Bright Crystal Absolu by EDP Spray 1.0 oz (30 ml) (w),1.0 oz / 30 ml,$38.99,$75.00,https://www.jomashop.com/versace-bcaes1.html
VERSACE,Bright Crystal Absolu / EDP Spray 1.7 oz (50 ml) (w),1.7 oz / 50 ml,$38.99,$96.00,https://www.jomashop.com/versace-bcaes17.html
VERSACE,Ladies Bright Crystal Absolu EDP Spray 3 oz (Tester) (90 ml),3.0 oz,$41.99,$130.00,https://www.jomashop.com/versace-ladies-bright-crystal-absolu-edp-spray-3-oz-tester-fragrances-8011003818136.html
VERSACE,Ladies Bright Crystal Absolu EDP Spray 1.7 oz Fragrances 401064804724,,,,https://www.jomashop.com/versace-ladies-bright-crystal-absolu-edp-spray-1-7-oz-fragrances-401064804724.html
VERSACE,Bright Crystal Absolu by EDP Spray 3.0 oz (90 ml) (w),3.0 oz / 90 ml,$54.99,$130.00,https://www.jomashop.com/bright-crystal-absolu-by-versace-edp-spray-3-0-oz-90-ml-w-8011003818112.html
VERSACE,Ladies Bright Crystal Absolu Gift Set Fragrances,Gift Set,$74.99,$188.00,https://www.jomashop.com/versace-ladies-bright-crystal-absolu-gift-set-fragrances-8011003873371.html
ZIMAYA,Unisex Sharaf Blend Extrait de Parfum 3.4 oz Fragrances,,$28.99,$60.00,https://www.jomashop.com/zimaya-unisex-sharaf-blend-extrait-de-parfum-3-4-oz-fragrances-6290171074205.html
BOND NO.9,Unisex Dubai Gold EDP Spray 3.4 oz Fragrances,,$259.99,$690.00,https://www.jomashop.com/bond-no-9-unisex-dubai-gold-edp-spray-3-4-oz-fragrances-888874005846.html
ACQUA DI PARMA,Unisex Oud EDP 0.17 oz Fragrances,0.17 oz,$22.99,,https://www.jomashop.com/acqua-di-parma-unisex-oud-edp-spray-0-17-oz-fragrances-8028713812057.html
ACQUA DI PARMA,Unisex Oud EDP 0.6 oz Fragrances 8028713810503,,,,https://www.jomashop.com/acqua-di-parma-unisex-oud-edp-0-6-oz-fragrances-8028713810503.html
ACQUA DI PARMA,Unisex Oud EDP 6.1 oz Fragrances,6.1 oz,$169.99,$330.00,https://www.jomashop.com/acqua-di-parma-unisex-oud-edp-6-1-oz-fragrances-8028713810527.html
JO MILANO,Unisex Game of Spades Opal EDP Spray 3.0 oz Fragrances,,$79.99,$220.00,https://www.jomashop.com/jo-milano-unisex-game-of-spades-opal-edp-spray-3-4-oz-fragrances-8358869827753.html
ESTEE LAUDER,Pleasures/ Edp Spray 1.7 Oz (W),1.7 oz / 50 ml,$24.99,$85.00,https://www.jomashop.com/estee-lauder-plees17.html
ESTEE LAUDER,Pleasures / EDP Spray 1.0 oz (w),1.0 oz / 30 ml,$24.99,$55.00,https://www.jomashop.com/estee-lauder-plees1.html
ESTEE LAUDER,Pleasures / EDP Spray 3.4 oz (w),3.4 oz / 100 ml,$37.99,$115.00,https://www.jomashop.com/estee-lauder-plees34.html
AL HARAMAIN,Men's Amber Oud Dubai Night Extrait de Parfum Spray 3.38 oz Fragrances,,$46.99,$120.00,https://www.jomashop.com/al-haramain-mens-oud-night-dubai-edp-spray-3-38-oz-fragrances-6291106814910.html
PRADA,Ladies Paradoxe EDP Spray 0.34 oz Fragrances,0.34 oz,$24.99,$140.00,https://www.jomashop.com/prada-ladies-paradoxe-edp-spray-0-34-oz-fragrances-3614274000771.html
PRADA,Ladies Paradoxe EDP Spray 1.0 oz Fragrances,1.0 oz / 30 ml,$65.99,$95.00,https://www.jomashop.com/prada-ladies-paradoxe-edp-spray-1-0-oz-fragrances-3614273760713.html
PRADA,Ladies Paradoxe EDP 1.7 oz Fragrances,1.7 oz,$84.99,$145.00,https://www.jomashop.com/prada-ladies-paradoxe-edp-1-7-oz-fragrances-3614273760652.html
PRADA,Ladies Paradoxe EDP 3.0 oz (Tester) Fragrances,3.0 oz / 90 ml - Tester,$99.99,$170.00,https://www.jomashop.com/prada-ladies-paradoxe-edp-3-0-oz-tester-fragrances-3614273760447.html
PRADA,Ladies Refill Paradoxe EDP Spray 3.4 oz Refill Fragrances,3.4 oz / 100 ml,$104.99,$140.00,https://www.jomashop.com/prada-ladies-refill-paradoxe-edp-spray-3-4-oz-fragrances-3614273760201.html
INITIO PARFUMS PRIVES,Unisex Oud For Greatness EDP Spray 1.7 oz Fragrances,1.7 oz / 50 ml,$279.00,$310.00,https://www.jomashop.com/initio-parfums-prives-unisex-oud-for-greatness-edp-spray-1-7-oz-fragrances-3701415902572.html
INITIO PARFUMS PRIVES,"Oud For Greatness Eau De Parfum Spray, 3 oz (90ml)",3.04 oz,$391.50,$435.00,https://www.jomashop.com/initio-parfums-prives-oud-for-greatness-eau-de-parfum-spray-90ml-3701415900080.html
INITIO PARFUMS PRIVES,Unisex Oud For Greatness Mist 1.7 oz Fragrances,Mist,$90.00,$100.00,https://www.jomashop.com/initio-parfums-prives-unisex-oud-for-greatness-mist-1-7-oz-fragrances-3701415902787.html
INITIO PARFUMS PRIVES,Unisex Oud For Greatness 6.7 oz Fragrances 3701415904101,,,,https://www.jomashop.com/initio-parfums-prives-unisex-oud-for-greatness-6-7-oz-fragrances-3701415904101.html
AMOUAGE,Unisex Lineage EDP Spray 3.4 oz Fragrances,,$194.50,$360.00,https://www.jomashop.com/amouage-unisex-lineage-edp-spray-3-4-oz-fragrances-701666410423.html
GIORGIO ARMANI,Ladies My Way EDP Spray 0.5 oz Fragrances,0.5 oz / 15 ml,$21.00,$49.00,https://www.jomashop.com/giorgio-armani-ladies-my-way-edp-spray-0-5-oz-fragrances-3614272907744.html
GIORGIO ARMANI,My Way / EDP Spray 1.0 oz (30 ml) (W),1.0 oz / 30 ml,$59.99,$95.00,https://www.jomashop.com/giorgio-armani-my-way-eau-de-parfum-spray-30ml-1oz-3614272907652.html
GIORGIO ARMANI,My Way / EDP Spray 1.7 oz (50 ml) (W),1.7 oz / 50 ml,$72.99,$130.00,https://www.jomashop.com/my-way-giorgio-armani-edp-spray-1-7-oz-50-ml-w-3614272907676.html
GIORGIO ARMANI,Ladies My Way EDP Spray 3.0 oz (Tester) Fragrances,3.0 oz / 90 ml - Tester,$79.99,$170.00,https://www.jomashop.com/giorgio-armani-ladies-my-way-edp-spray-3-oz-fragrances-3614272907720.html
GIORGIO ARMANI,My Way / EDP Spray 3.0 oz (90 ml) (W),3.0 oz / 90 ml,$99.99,$170.00,https://www.jomashop.com/giorgio-armani-my-way-eau-de-parfum-spray-90ml-3oz-3614272907690.html
GIORGIO ARMANI,Ladies My Way Gift Set Fragrances,Gift Set,$104.99,$158.00,https://www.jomashop.com/giorgio-armani-ladies-my-way-gift-set-fragrances-3660732593743.html
AL HARAMAIN,Unisex Amber Oud Gold Edition Extreme Extrait de Parfum Gift Set Fragrances,Gift Set,$39.99,$160.00,https://www.jomashop.com/al-haramain-unisex-amber-oud-gold-edition-extreme-pure-perfume-gift-set-fragrances-6291106813050.html
AL HARAMAIN,Unisex Amber Oud Gold Edition Extreme Pure Perfume Gift Set Fragrances,Gift Set,$52.99,$220.00,https://www.jomashop.com/al-haramain-unisex-amber-oud-gold-edition-extreme-pure-perfume-gift-set-fragrances-6291106813067.html
AL HARAMAIN,Unisex Amber Oud Gold Edition Extreme Pure Perfume Gift Set Fragrances,Gift Set,$57.99,$220.00,https://www.jomashop.com/al-haramain-unisex-amber-oud-gold-edition-extreme-pure-perfume-gift-set-fragrances-6291106813074.html
LATTAFA,Unisex Victoria EDP Spray 3.4 oz Fragrances,,$39.99,$75.00,https://www.jomashop.com/lattafa-unisex-victoria-edp-spray-3-4-oz-fragrances-6290360598789.html
SALVATORE FERRAGAMO,Uomo / S. Ferragamo EDT Spray 3.4 oz (100 ml) (m),,$32.98,$98.00,https://www.jomashop.com/salvatore-ferragamo-uomo-eau-de-toilette-spray-8052086371804.html
PARFUMS DE MARLY,Ladies Valaya Exclusif EDP Spray 1.0 oz Fragrances,1.0 oz / 30 ml,$238.50,$265.00,https://www.jomashop.com/parfums-de-marly-ladies-valaya-exclusif-edp-spray-1-0-oz-fragrances-3700578506740.html
PARFUMS DE MARLY,Ladies Valaya Exclusif EDP Spray 2.5 oz Fragrances,2.5 oz / 75 ml,$387.00,$430.00,https://www.jomashop.com/parfums-de-marly-ladies-valaya-exclusif-edp-spray-2-5-oz-fragrances-3700578505767.html
KILIAN,"Unisex Black Phantom ""Memento Mori"" EDP 1.7 oz Fragrances",,$224.99,$295.00,https://www.jomashop.com/kilian-unisex-black-phantom-memento-mori-edp-1-7-oz-fragrances-3700550218319.html
JO MILANO,Men's Game Of Spades BID Parfum 3.4 oz Fragrances,,$59.95,$220.00,https://www.jomashop.com/jo-milano-mens-game-of-spades-bid-edp-3-4-oz-fragrances-0860009248663.html
TIZIANA TERENZI,Unisex Sea Stars Collection Atlantide Extrait de Parfum Spray 0.05 oz Fragrances,0.05 oz,$7.99,,https://www.jomashop.com/tiziana-terenzi-unisex-sea-stars-collection-atlantide-extrait-de-parfum-spray-0-05-oz-fragrances-8016741412608.html
TIZIANA TERENZI,Atlantide by Extrait De Parfum Spray 3.4 oz,3.4 oz,$349.99,$895.00,https://www.jomashop.com/atlantide-by-tiziana-terenzi-extrait-de-parfum-spray-3-4-oz-8016741392603.html
AMOUAGE,Men's Imitation EDP Spray 3.4 oz (100 ml),,$184.99,$380.00,https://www.jomashop.com/amouage-mens-imitation-edp-spray-3-4-oz-fragrances-701666320920.html
NASOMATTO,Unisex Baraonda Extrait de Parfum Spray 1.0 oz Fragrances,,$119.99,$185.00,https://www.jomashop.com/baraonda-by-nasomatto-for-unisex-1-oz-edp-spray-8717774840320.html
ROJA PARFUMS,Unisex Oceania EDP 3.4 oz (100 ml),,$223.97,$430.00,https://www.jomashop.com/roja-parfums-unisex-oceania-edp-3-4-oz-fragrances-5060370917389.html
ZIMAYA,Unisex Tiramisu Caramel EDP Spray 3.4 oz Fragrances,,$31.99,$65.00,https://www.jomashop.com/zimaya-unisex-tiramisu-caramel-edp-spray-3-4-oz-fragrances-6290171075622.html
LATTAFA,Unisex Ana Abiyed Coral EDP Spray 2 oz Fragrances,,$24.99,$70.00,https://www.jomashop.com/lattafa-unisex-ana-abiyed-coral-edp-spray-3-4-oz-fragrances-6290362341826.html
AESOP,Hwyl EDP Spray 1.6 oz Fragrances,,$139.99,$177.00,https://www.jomashop.com/aesop-mens-hwyl-edp-spray-1-6-oz-fragrances-9319944012149.html
MAISON FRANCIS KURKDJIAN,Ladies Oud Satin Mood EDP Spray 2.4 oz Fragrances,2.4 oz,$299.25,$315.00,https://www.jomashop.com/maison-francis-kurkdjian-ladies-oud-satin-mood-edp-spray-2-4-oz-fragrances-3700559602607.html
MAISON FRANCIS KURKDJIAN,Oud Satin Mood 6.8 oz Eau De Parfum Spray,6.8 oz / 200 ml,$601.99,$615.00,https://www.jomashop.com/maison-francis-kurkdjian-oud-satin-mood-6-8-oz-eau-de-parfum-spray-3700559605370.html
MAISON FRANCIS KURKDJIAN,Unisex Oud Satin Mood Spray Gift Set Fragrances,Gift Set,$154.99,$200.00,https://www.jomashop.com/maison-francis-kurkdjian-unisex-oud-satin-mood-spray-gift-set-fragrances-3700559602355.html
ARABIAN OUD,Unisex Resala EDP Spray 3.38 oz Fragrances,,$167.99,$280.00,https://www.jomashop.com/arabian-oud-unisex-reasala-edp-spray-3-38-oz-fragrances-6281101826575.html
KHADLAJ,Unisex Fursan White EDP Spray 3.4 oz Fragrances,,$27.00,$100.00,https://www.jomashop.com/khadlaj-unisex-fursan-white-edp-spray-3-4-oz-fragrances-6291107977751.html
BOND NO.9,New York Flowers / EDP Spray Vial 0.05 oz (1.7 ml),0.05 oz,$9.99,$10.00,https://www.jomashop.com/new-york-flowers-bond-no-9-edp-spray-vial-0-05-oz-1-7-ml-u-888874057555.html
BOND NO.9,Unisex New York Flowers EDP Spray 1.7 oz Fragrances,1.7 oz / 50 ml,$144.99,$335.00,https://www.jomashop.com/bond-no-9-unisex-new-york-flowers-edp-spray-1-7-oz-fragrances-888874008052.html
BOND NO.9,New York Flowers / EDP Spray No Cap Tester 3.3 oz (100 ml) (U),3.3 oz / 100 ml - Tester,$155.99,$460.00,https://www.jomashop.com/new-york-flowers-bond-no-9-edp-spray-no-cap-tester-3-3-oz-100-ml-u-888874057562.html
BOND NO.9,Unisex New York Flowers EDP Spray 3.4 oz Fragrances,3.4 oz / 100 ml,$174.99,$529.00,https://www.jomashop.com/bond-no-9-unisex-new-york-flowers-edp-spray-3-4-oz-fragrances-888874008007.html
BOND NO.9,Unisex New York Flowers EDP Spray 3.4 oz Fragrances,3.4 oz / 100 ml,$360.99,$460.00,https://www.jomashop.com/bond-no-9-unisex-new-york-flowers-edp-spray-3-4-oz-fragrances-888874008014.html
TIZIANA TERENZI,Unisex Libra Extrait de Parfum Spray 3.4 oz Fragrances,3.4 oz,$129.99,$375.00,https://www.jomashop.com/tiziana-terenzi-unisex-libra-edp-spray-3-4-oz-fragrances-8016741012662.html
VERSACE,Eros / EDT Mini 0.17 oz (5.0 ml) (m),0.17 oz,$13.99,$30.00,https://www.jomashop.com/versace-perfume-vremtm-a.html
VERSACE,Eros by EDT Spray 1.0 oz,1.0 oz,$26.99,$68.00,https://www.jomashop.com/versace-vremts1.html
VERSACE,Eros / EDT Spray 1.7 oz (m),1.7 oz / 50 ml,$39.99,$88.00,https://www.jomashop.com/versace-vremts17.html
VERSACE,Eros / EDT Spray 3.4 oz (m) (100 ml),3.4 oz,$53.99,$110.00,https://www.jomashop.com/versace-eros-versace-edt-spray-3-4-oz-m-8011003809219.html
VERSACE,Eros / EDT Spray 6.7 oz (200 ml) (m),6.7 oz,$69.99,$140.00,https://www.jomashop.com/versace-eros-versace-edt-spray-6-7-oz-200-ml-m-vremts67.html
VERSACE,Mini Set / Eros 3 Pc. Set (m),Gift Set,$19.99,$75.00,https://www.jomashop.com/versace-beauty-care-m3vre1-a.html
GIORGIO ARMANI,Men's Acqua Di Gio Profondo Parfum 0.04 oz Fragrances,0.04 oz,$9.99,,https://www.jomashop.com/giorgio-armani-mens-acqua-di-gio-profondo-parfum-0-04-oz-fragrances-3614274015324.html
GIORGIO ARMANI,Men's Acqua Di Gio Profondo Parfum 0.5 oz Fragrances,0.5 oz / 15 ml,$30.00,,https://www.jomashop.com/giorgio-armani-mens-acqua-di-gio-profondo-parfum-0-5-oz-fragrances-3614274015331.html
GIORGIO ARMANI,Men's Acqua Di Gio Profondo Parfum 1.0 oz Fragrances,1.0 oz / 30 ml,$59.99,,https://www.jomashop.com/giorgio-armani-mens-acqua-di-gio-profondo-parfum-1-0-oz-fragrances-3614273953771.html
GIORGIO ARMANI,Men's Acqua Di Gio Profondo Parfum 1.7 oz Fragrances,1.7 oz / 50 ml,$78.00,$150.00,https://www.jomashop.com/giorgio-armani-mens-acqua-di-gio-profondo-parfum-1-7-oz-fragrances-3614273953764.html
GIORGIO ARMANI,Men's Acqua Di Gio Profondo Parfum 3.3 oz (Tester) Fragrances,3.3 oz / 100 ml - Tester,$94.99,$182.00,https://www.jomashop.com/giorgio-armani-mens-acqua-di-gio-profondo-parfum-3-3-oz-tester-fragrances-3614273953641.html
GIORGIO ARMANI,Men's Acqua Di Gio Profondo Parfum 3.4 oz Fragrances,3.4 oz / 100 ml,$125.00,$182.00,https://www.jomashop.com/giorgio-armani-mens-acqua-di-gio-profondo-parfum-3-4-oz-fragrances-3614273953696.html
GIORGIO ARMANI,Men's Acqua Di Gio Profondo Parfum 6.8 oz Fragrances,6.8 oz / 200 ml,$160.00,$190.00,https://www.jomashop.com/giorgio-armani-mens-acqua-di-gio-profondo-parfum-6-8-oz-fragrances-3614273953672.html
PACO RABANNE,Men's One Million EDT Spray 1.7 oz (Tester) Fragrances,1.7 oz / 50 ml - Tester,$44.99,$72.00,https://www.jomashop.com/paco-rabanne-mens-one-million-edt-spray-1-7-oz-tester-fragrances-3349666007892.html
PACO RABANNE,1 Million / EDT Spray 1.7 oz (m),1.7 oz / 50 ml,$54.99,$96.00,https://www.jomashop.com/paco-rabanne-1mimts17-a.html
PACO RABANNE,Men's 1 Million EDT 3.4 oz (Tester) Fragrances 3349666007914,,,,https://www.jomashop.com/paco-rabanne-mens-1-million-edt-3-4-oz-tester-fragrances-3349666007914.html
PACO RABANNE,1 Million Men's / 3.3oz (100 ml),3.3 oz,$74.99,$119.00,https://www.jomashop.com/paco-rabanne-perfume-1mimts33-a.html
PACO RABANNE,Million / EDT Spray 6.7 oz (200 ml) (m),,,,https://www.jomashop.com/paco-rabanne-fragrances-1mimts67-a-6-7oz.html
PACO RABANNE,Men's 1 Million Gift Set Fragrances 3349668626700,Gift Set,$74.99,$116.00,https://www.jomashop.com/paco-rabanne-mens-1-million-gift-set-fragrances-3349668626700-3349668625284.html
PACO RABANNE,Men's Gift Set Skin Care 3349668625277,,,,https://www.jomashop.com/paco-rabanne-mens-gift-set-skin-care-3349668625277.html
PACO RABANNE,Men's 1 Million Gift Set Fragrances 3349668603619,,,,https://www.jomashop.com/paco-rabanne-mens-1-million-gift-set-fragrances-3349668603619.html
BOND NO.9,Ladies New Haarlem EDP Spray 3.3 oz Fragrances,3.3 oz / 100 ml,$159.95,$414.00,https://www.jomashop.com/bond-no-9-ladies-new-haarlem-edp-spray-3-3-oz-fragrances-890766173007.html
BOND NO.9,New Haarlem EDP Spray 3.4 oz Fragrances,3.4 oz / 100 ml,$349.99,$420.00,https://www.jomashop.com/bond-no-9-new-haarlem-edp-spray-3-4-oz-fragrances-888874008205.html
MIND GAMES,Unisex Caissa Extrait de Parfum Spray 3.4 oz Fragrances,,$294.99,$395.00,https://www.jomashop.com/mind-games-unisex-caissa-extrait-de-parfum-spray-3-4-oz-fragrances-850034671062.html
AMOUAGE,Ladies Portrayal EDP Spray 3.4 oz Fragrances,,$194.50,$380.00,https://www.jomashop.com/amouage-ladies-portrayal-edp-spray-3-4-oz-fragrances-701666410270.html
TOM FORD,Men's Grey Vetiver Parfum Spray 1.7 oz Fragrances,1.7 oz / 50 ml,$110.00,$200.00,https://www.jomashop.com/tom-ford-mens-grey-vetiver-parfum-edp-spray-1-7-oz-fragrances-888066124034.html
TOM FORD,Grey Vetiver Parfum Spray 3.4 oz Fragrances,3.4 oz / 100 ml,$171.99,$300.00,https://www.jomashop.com/tom-ford-grey-vetiver-parfum-edp-spray-3-4-oz-fragrances-888066124041.html
MEMO PARIS,Unisex Sintra EDP 2.5 oz Fragrances,,$164.99,$340.00,https://www.jomashop.com/memo-paris-unisex-sintra-edp-2-5-oz-fragrances-3700458603477.html
DOLCE & GABBANA,Men's Light Blue Summer Vibes EDT Spray 4.23 oz (Tester) Fragrances,,$39.99,$120.00,https://www.jomashop.com/dolce-and-gabbana-mens-light-blue-summer-vibes-edt-spray-4-23-oz-tester-fragrances-8057971183531.html
VALENTINO GARAVANI,Ladies Born in Roma Extradose Donna EDP Spray 0.33 oz Fragrances,0.33 oz / 10 ml,$34.99,$45.00,https://www.jomashop.com/valentino-ladies-born-in-roma-extradose-donna-edp-spray-0-33-oz-fragrances-3614274351965.html
VALENTINO GARAVANI,Ladies Born in Roma Extradose Donna EDP Spray 1.0 oz Fragrances,1.0 oz / 30 ml,$94.99,$115.00,https://www.jomashop.com/valentino-ladies-born-in-roma-extradose-donna-edp-spray-1-0-oz-fragrances-3614274351019.html
VALENTINO GARAVANI,Ladies Born in Roma Extradose Donna EDP Spray 1.7 oz Fragrances,1.7 oz / 50 ml,$131.99,$165.00,https://www.jomashop.com/valentino-ladies-born-in-roma-extradose-donna-edp-spray-1-7-oz-fragrances-3614274351064.html
PARIS CORNER,Unisex Khair Confection EDP Spray 3.4 oz Fragrances,,$28.99,$75.00,https://www.jomashop.com/paris-corner-unisex-khair-confection-edp-spray-3-4-oz-fragrances-6298575015534.html
XERJOFF,Unisex Louis XV 1722 EDP Spray 1.69 oz Fragrances,,$194.99,$300.00,https://www.jomashop.com/xerjoff-unisex-louis-xv-edp-spray-1-69-oz-fragrances-8054320904045.html
FRENCH AVENUE,Ladies Pinnace White EDP Spray 3.4 oz Fragrances,,$38.99,$95.00,https://www.jomashop.com/french-avenue-ladies-pinnace-white-edp-spray-3-4-oz-fragrances-6290360376714.html
AMOUAGE,Purpose EDP Spray 3.4 oz Fragrances,,$249.50,$380.00,https://www.jomashop.com/amouage-purpose-edp-spray-3-4-oz-fragrances-701666410430.html
CAROLINA HERRERA,Ladies Very Good Girl EDP Spray 1.0 oz (50 ml),1.0 oz / 30 ml,$64.99,$94.00,https://www.jomashop.com/carolina-herrera-ladies-very-good-girl-edp-spray-1-0-oz-fragrances-8411061041659.html
CAROLINA HERRERA,Ladies Very Good Girl EDP Spray 1 oz Fragrances 8411061996980,,,,https://www.jomashop.com/carolina-herrera-ladies-very-good-girl-edp-spray-1-oz-fragrances-8411061996980.html
CAROLINA HERRERA,Ladies Very Good Girl EDP Spray 1.7 oz Fragrances,1.7 oz / 50 ml,$78.99,$146.00,https://www.jomashop.com/carolina-herrera-ladies-very-good-girl-edp-spray-1-7-oz-fragrances-8411061043875.html
CAROLINA HERRERA,Ladies Very Good Girl EDP Spray 2.7 oz (Tester) Fragrances,2.7 oz / 80 ml - Tester,$89.99,$176.00,https://www.jomashop.com/carolina-herrera-ladies-very-good-girl-edp-spray-2-7-oz-tester-fragrances-8411061996966.html
CAROLINA HERRERA,Ladies Very Good Girl EDP Spray 2.7 oz Fragrances,2.7 oz / 80 ml,$114.99,$176.00,https://www.jomashop.com/carolina-herrera-ladies-very-good-girl-edp-spray-2-7-oz-fragrances-8411061995754.html
CALVIN KLEIN,Unisex Ck One EDT Spray 0.04 oz Fragrances 031655872612,,,,https://www.jomashop.com/calvin-klein-unisex-ck-one-edt-spray-0-04-oz-fragrances-0-31655872612-031655872612.html
CALVIN KLEIN,Ck One / EDT Splash 0.5 oz (15 ml) (u),,,,https://www.jomashop.com/calvin-klein-perfume-onet05b.html
CALVIN KLEIN,CK One by 1.7 oz. EDT Spray,,,,https://www.jomashop.com/frg-ck-one-1-7-oz.html
CALVIN KLEIN,Ck One / EDT Spray Unboxed With Security Tag 0.68 oz (U),,,,https://www.jomashop.com/ck-one-calvin-klein-edt-spray-unboxed-with-security-tag-0-68-oz-u-3607342297142.html
CALVIN KLEIN,CK One by 3.4 Oz. EDT Spray,3.4 oz / 100 ml,$23.75,$75.00,https://www.jomashop.com/frg-ck-one-3-4-oz.html
CALVIN KLEIN,Unisex Ck One EDT Spray 3.4 oz (Tester) Fragrances,3.4 oz / 100 ml - Tester,$24.99,$50.00,https://www.jomashop.com/calvin-klein-unisex-ck-one-edt-spray-3-38-oz-fragrances-3616303322571.html
CALVIN KLEIN,Ck One / EDT Pour / Spray 6.7 oz (200 ml) (u),6.7 oz / 200 ml,$34.99,$89.00,https://www.jomashop.com/ck-one-calvin-klein-edt-pour-spray-6-7-oz-200-ml-u-3607343811798.html
XERJOFF,Men's Casamorati Mefisto EDP Spray 1.0 oz Fragrances,1.0 oz / 30 ml,$84.99,$150.00,https://www.jomashop.com/xerjoff-unisex-1888-mefisto-edp-spray-1-oz-fragrances-8033488154554.html
XERJOFF,Men's Mefisto 1888 Casamorati EDP Spray 3.4 oz (Tester) Fragrances,3.4 oz / 100 ml - Tester,$144.99,$305.00,https://www.jomashop.com/xerjoff-mens-1888-mefisto-edp-spray-3-4-oz-tester-fragrances-8033488153618.html
JULIETTE HAS A GUN,Ladies Not A Perfume EDP Spray 0.06 oz Fragrances,0.06 oz,$8.99,,https://www.jomashop.com/juliette-has-a-gun-ladies-not-a-perfume-edp-spray-0-06-oz-fragrances-3760022730329.html
JULIETTE HAS A GUN,Ladies Not A Perfume EDP Spray 0.135 oz Fragrances,0.135 oz,$11.00,,https://www.jomashop.com/juliette-has-a-gun-ladies-not-a-perfume-edp-spray-0-135-oz-fragrances-3760022731258.html
JULIETTE HAS A GUN,Not A Perfume Eau De Parfum Spray 0.17 oz (5 ml),0.17 oz,$14.99,$25.00,https://www.jomashop.com/juliette-has-a-gun-not-a-perfume-eau-de-parfum-spray-0-17-oz-5-ml-3760022730060.html
JULIETTE HAS A GUN,Ladies Not A Perfume 2.5 oz Mist,Mist,$34.99,$58.00,https://www.jomashop.com/juliette-has-a-gun-ladies-not-a-perfume-2-5-oz-mist-3760022731364.html
YVES SAINT LAURENT,Ladies Libre L'Eau Nue EDP Spray 1.7 oz Fragrances,1.7 oz / 50 ml,$109.99,,https://www.jomashop.com/yves-saint-laurent-ladies-libre-leau-nue-edp-spray-1-7-oz-fragrances-3614274293845.html
YVES SAINT LAURENT,Ladies Libre L’Eau Nue EDP Spray 3.0 oz Fragrances,3.0 oz / 90 ml,$129.99,$145.00,https://www.jomashop.com/yves-saint-laurent-ladies-libre-l-eau-nue-edp-spray-3-0-oz-fragrances-3614274241006.html
MAISON MARGIELA,- Replica Under The Lemon Trees Eau De Toilette Spray 100ml/3.4oz,,$86.99,$165.00,https://www.jomashop.com/maison-margiela-replica-under-the-lemon-trees-eau-de-toilette-spray-100ml-3-4oz-3614272404670.html
GIVENCHY,Ladies L'Interdit Rouge Eau de Parfum Spray 2.6 oz Fragrances,,$80.99,$145.00,https://www.jomashop.com/givenchy-ladies-linterdit-rouge-edp-spray-2-6-oz-fragrances-3274872428058.html
JIMMY CHOO,Man Intense by EDT Spray 1.7 oz (50 ml) (m),1.7 oz / 50 ml,$32.00,$75.00,https://www.jomashop.com/jimmy-choo-perfume-jcnmts17.html
JIMMY CHOO,Men's Man Intense EDT Spray 3.4 oz (Tester) Fragrances,3.4 oz / 100 ml - Tester,$39.99,$121.00,https://www.jomashop.com/jimmy-choo-mens-man-intense-edt-spray-3-4-oz-fragrances-3386460078900.html
JIMMY CHOO,Man Intense by EDT Spray 3.3 oz (100 ml) (m),3.3 oz / 100 ml,$44.99,$121.00,https://www.jomashop.com/jimmy-choo-perfume-jcnmts33-a.html
JIMMY CHOO,Man Intense / EDT Spray 6.7 oz (200 ml) (m),6.7 oz,$59.99,$156.00,https://www.jomashop.com/jimmy-choo-man-intense-jimmy-choo-edt-spray-6-7-oz-200-ml-m-jcnmts67-3386460108768.html
JIMMY CHOO,Man Intense / Set (M),Gift Set,$59.99,$105.00,https://www.jomashop.com/jimmy-choo-man-intense-jimmy-choo-set-m-3386460129800.html
CREED,Ladies Wind Flowers EDP Spray 0.05 oz Fragrances,0.05 oz,$9.99,,https://www.jomashop.com/creed-ladies-creed-wind-flowers-edp-spray-0-05-oz-fragrances-3508440561435.html
CREED,Ladies Wind Flowers EDP Spray 1.0 oz Fragrances,1.0 oz / 30 ml,$154.99,$300.00,https://www.jomashop.com/creed-creed-wind-flowers-edp-spray-1-0-oz-fragrances-3508440251695.html
CREED,Ladies Wind Flowers EDP 2.5 oz Fragrances,2.5 oz / 75 ml,$250.99,$445.00,https://www.jomashop.com/creed-ladies-wind-flowers-edp-2-5-oz-fragrances-3508440506856.html
ISSEY MIYAKE,Men / EDT Spray 6.7 oz (m),6.7 oz / 200 ml,$55.99,$170.00,https://www.jomashop.com/issey-miyake-men-issey-miyake-edt-spray-6-7-oz-m-issmts67.html
ISSEY MIYAKE,Men / Set (M),,,,https://www.jomashop.com/issey-miyake-men-issey-miyake-set-m-3423478971356.html
ISSEY MIYAKE,Men / Set (M),Gift Set,$34.99,$65.00,https://www.jomashop.com/issey-miyake-men-issey-miyake-set-m-3423478501454.html
ISSEY MIYAKE,Men by After Shave Balm 3.3 oz,,,,https://www.jomashop.com/issey-miyake-issmab33.html
ISSEY MIYAKE,Men / Set (M),,,,https://www.jomashop.com/issey-miyake-men-issey-miyake-set-m-3423222010751.html
ISSEY MIYAKE,Men / Set (M),,,,https://www.jomashop.com/issey-miyake-men-issey-miyake-set-m-3423222010690.html
ISSEY MIYAKE,Men / Set (M),,,,https://www.jomashop.com/issey-miyake-men-issey-miyake-set-m-3423478658653.html
VIKTOR & ROLF,Men's Spicebomb EDT 0.24 oz Fragrances,0.24 oz,$15.99,$40.00,https://www.jomashop.com/viktor-rolf-mens-spicebomb-edt-0-24-oz-fragrances-3605522085169-123638.html
VIKTOR & ROLF,Men's Spicebomb EDT Spray 0.35 oz Fragrances,0.35 oz,$34.99,,https://www.jomashop.com/viktor-rolf-mens-spicebomb-edt-spray-0-35-oz-fragrances-3614273886826.html
VIKTOR & ROLF,Spicebomb / Viktor & Rolph EDT Spray 1.7 oz (m),1.7 oz,$41.99,$112.00,https://www.jomashop.com/viktor-rolf-spbmts17-a.html
VIKTOR & ROLF,Men's Spicebomb EDT Spray 3.0 oz (Tester) Fragrances,3.0 oz / 90 ml - Tester,$49.99,$138.00,https://www.jomashop.com/viktor-rolf-mens-spicebomb-edt-spray-3-0-oz-tester-fragrances-3605521515698.html
VIKTOR & ROLF,Spicebomb / Viktor & Rolph EDT Spray 3.0 oz (m),3.0 oz / 90 ml,$55.99,$138.00,https://www.jomashop.com/viktor-rolf-perfume-spbmts3-a.html
VIKTOR & ROLF,Men's Spicebomb EDT Spray 5 oz Fragrances,5.0 oz,$79.99,$205.00,https://www.jomashop.com/viktor-rolf-viktorrolf-men-s-spicebomb-eau-de-toilette-spray-3605521820891.html
VIKTOR & ROLF,Unisex Spicebomb 2.4 oz Scented Candle,Scented Candle,$19.99,$52.99,https://www.jomashop.com/viktor-rolf-unisex-spicebomb-2-4-oz-scented-candle-3614273795500.html
BYREDO,Unisex Black Saffron EDP 0.4 oz Fragrances,0.4 oz,$39.99,,https://www.jomashop.com/byredo-unisex-black-saffron-edp-0-4-oz-fragrances-7340032860498.html
BYREDO,Unisex Black Saffron EDP Spray 1.7 oz (50 ml),1.7 oz / 50 ml,$159.99,$225.00,https://www.jomashop.com/byredo-unisex-black-saffron-edp-spray-1-7-oz-fragrances-7340032860290.html
BYREDO,Unisex Black Saffron EDP Spray 3.4 oz Fragrances,3.4 oz / 100 ml,$199.99,$320.00,https://www.jomashop.com/byredo-unisex-black-saffron-edp-spray-3-4-oz-fragrances-7340032860351.html
LATTAFA,Ladies Yara Moi EDP Spray 3.4 oz Fragrances,3.4 oz / 100 ml,$24.99,$100.00,https://www.jomashop.com/lattafa-ladies-yara-moi-edp-spray-3-4-oz-fragrances-6290360591421.html
LATTAFA,Ladies Yara Moi Perfume Oil 0.67 oz Fragrances 6290362345701,,,,https://www.jomashop.com/lattafa-ladies-yara-moi-perfume-oil-0-67-oz-fragrances-6290362345701.html
CLIVE CHRISTIAN,Unisex Private Collection E Cashmere Musk Parfum 1.7 oz Fragrances,,$248.99,$415.00,https://www.jomashop.com/clive-christian-mens-e-cashmere-musk-parfum-1-7-oz-fragances-652638011998.html
TOM FORD,- Costa Azzurra Eau De Parfum Spray (Gold) 50ml/1.7oz,1.7 oz / 50 ml,$99.99,$180.00,https://www.jomashop.com/tom-ford-costa-azzurra-eau-de-parfum-spray-gold-50ml-1-7oz-888066117463.html
TOM FORD,- Costa Azzurra Eau De Parfum Spray (Gold) 100ml/3.4oz,3.4 oz / 100 ml,$131.99,$240.00,https://www.jomashop.com/tom-ford-costa-azzurra-eau-de-parfum-spray-gold-100ml-3-4oz-888066117470.html
PENHALIGON'S,Ladies Portraits The Changing Constance EDP Spray 2.5 oz Fragrances,,$209.99,$335.00,https://www.jomashop.com/penhaligons-ladies-portraits-the-changing-constance-edp-spray-2-5-oz-fragrances-5056245021282.html
TIZIANA TERENZI,Unisex Gold Rose Oudh Extrait de Parfum Spray 0.05 oz Fragrances 8016741972324,,,,https://www.jomashop.com/tiziana-terenzi-unisex-gold-rose-oudh-extrait-de-parfum-spray-0-05-oz-fragrances-8016741972324.html
TIZIANA TERENZI,Unisex Gold Rose Oudh Extrait de Parfum Spray 3.4 oz Fragrances,3.4 oz,$89.99,$295.00,https://www.jomashop.com/tiziana-terenzi-unisex-gold-rose-oudh-edp-spray-3-4-oz-fragrances-8016741972249.html
FRAGRANCE WORLD,Men's Spectre Wraith EDP Spray 2.7 oz Fragrances,,$29.99,$75.00,https://www.jomashop.com/fragrance-world-mens-spectre-wraith-edp-spray-2-7-oz-fragrances-6290360375823.html
XERJOFF,Unisex More Than Words Join The Club EDP Spray 1.7 oz Fragrances,1.7 oz / 50 ml,$129.99,$275.00,https://www.jomashop.com/xerjoff-unisex-more-than-words-edp-spray-1-7-oz-fragrances-8033488155124.html
XERJOFF,Unisex Join The Club More Than Words EDP Spray 3.4 oz (Tester) Fragrances,3.4 oz / 100 ml - Tester,$149.99,$305.00,https://www.jomashop.com/xerjoff-unisex-more-than-words-edp-spray-3-4-oz-tester-fragrances-8033488155292.html
XERJOFF,Unisex More Than Words Join The Club EDP Spray 3.4 oz Fragrances,3.4 oz,$179.99,$550.00,https://www.jomashop.com/xerjoff-unisex-more-than-words-edp-spray-3-4-oz-fragrances-8033488155131.html
GUERLAIN,Ladies Mon Intense EDP Spray 1 oz Fragrances 3346470137820,1.0 oz / 30 ml,$44.99,$98.00,https://www.jomashop.com/guerlain-ladies-mon-guerlain-intense-edp-spray-1-oz-fragrances-3346470137820.html
GUERLAIN,Ladies Mon Eau de Parfum Intense EDP Spray 1.6 oz (50ml),1.6 oz / 50 ml,$69.99,$135.00,https://www.jomashop.com/guerlain-ladies-mon-guerlain-eau-de-parfum-intense-edp-spray-1-6-oz-3346470137813.html
GUERLAIN,"Mon Intense Eau de Parfum Spray, 3.3-oz. (100ml)",3.3 oz / 100 ml,$104.99,$170.00,https://www.jomashop.com/guerlain-mon-guerlain-intense-eau-de-parfum-spray-3-3-oz-3346470137806.html
BILLIE EILISH,Ladies Eilish EDP Rollerball 0.12 oz Fragrances,0.12 oz,$12.99,,https://www.jomashop.com/billie-eilish-ladies-eilish-edp-rollerball-0-12-oz-fragrances-608940583289.html
BILLIE EILISH,Ladies Eilish EDP Spray 3.38 oz (Tester) Fragrances 0,3.4 oz,$44.99,$75.00,https://www.jomashop.com/billie-eilish-unisex-billie-eilish-edp-spray-3-38-oz-tester-fragrances-0-608940583630-0608940583630.html
BILLIE EILISH,Ladies Eilish EDP Spray 3.38 oz Fragrances 0,3.4 oz,$61.50,$75.00,https://www.jomashop.com/billie-eilish-unisex-billie-eilish-edp-spray-3-38-oz-fragrances-0-608940582206-0608940582206.html
BILLIE EILISH,Ladies Eilish Mist 8.0 oz Fragrances,Mist,$15.99,,https://www.jomashop.com/billie-eilish-ladies-eilish-mist-8-0-oz-fragrances-608940583746.html
MANCERA,Unisex Intense Instant Crush EDP Spray 4.0 oz Fragrances,,$134.99,$225.00,https://www.jomashop.com/mancera-unisex-intense-instant-crush-edp-spray-4-0-oz-fragrances-3760265195107.html
AFNAN,Unisex Historic Sahara Extrait de Parfum Spray 3.4 oz Fragrances,,$44.99,,https://www.jomashop.com/afnan-unisex-historic-sahara-extrait-de-parfum-spray-3-4-oz-fragrances-6290171076698.html
SOSPIRO,Unisex Maraschino EDP Spray 3.4 oz Fragrances,,$178.75,$326.00,https://www.jomashop.com/sospiro-unisex-maraschino-edp-spray-3-4-oz-fragrances-3700583501310.html
ROJA PARFUMS,Elysium Pour Homme Parfum by 1.7oz. / 50 ml,,$299.99,$535.00,https://www.jomashop.com/elysium-pour-homme-parfum-by-roja-parfums-1-7oz-50-ml-5060399671316.html
BOND NO.9,Unisex Island EDP Spray 3.3 oz Fragrances,,$229.99,$506.00,https://www.jomashop.com/bond-no-9-unisex-island-edp-spray-3-3-oz-fragrances-888874008458.html
BYREDO,Gypsy Water by for Unisex - 1.6 oz EDP Spray,1.6 oz / 50 ml,$149.99,$225.00,https://www.jomashop.com/gypsy-water-by-byredo-for-unisex-1-6-oz-edp-spray-7340032806014.html
BYREDO,- Gypsy Water Eau De Parfum Spray 100ml/3.4oz,3.4 oz / 100 ml,$229.99,$330.00,https://www.jomashop.com/byredo-gypsy-water-eau-de-parfum-spray-100ml-3-4oz-7340032806168.html
FRENCH AVENUE,Fragrance World Unisex Vulcan Sable EDP Spray 3.38 oz Fragrances,,$48.99,$80.00,https://www.jomashop.com/fragrance-world-unisex-vulcan-sable-edp-spray-3-38-oz-fragrances-6290360378060.html
GIORGIO ARMANI,Ladies Si EDP 0.23 oz Fragrances 3605521816726,,,,https://www.jomashop.com/giorgio-armani-ladies-si-edp-0-23-oz-fragrances-3605521816726.html
GIORGIO ARMANI,Ladies Si EDP 0.23 oz Fragrances 3614273734837,,,,https://www.jomashop.com/giorgio-armani-ladies-si-edp-0-23-oz-fragrances-3614273734837.html
GIORGIO ARMANI,Si / EDP Spray 0.5 oz (15 ml) (w),0.5 oz / 15 ml,$29.99,$69.00,https://www.jomashop.com/giorgio-armani-perfume-siies05.html
GIORGIO ARMANI,Ladies Armani Si EDP Spray 0.34 oz Fragrances 3614272356764,,,,https://www.jomashop.com/giorgio-armani-ladies-armani-si-edp-spray-0-34-oz-fragrances-3614272356764.html
GIORGIO ARMANI,Ladies Si EDP Spray 1.7 oz Fragrances,1.7 oz / 50 ml,$79.99,$98.00,https://www.jomashop.com/giorgio-armani-ladies-si-edp-spray-1-7-oz-fragrances-3614272325579.html
GIORGIO ARMANI,Ladies Si EDP Spray 3.4 oz Fragrances,3.4 oz / 100 ml,$89.99,$174.00,https://www.jomashop.com/giorgio-armani-perfume-siies34-a.html
GIORGIO ARMANI,Ladies Si EDP Spray 5.1 oz Fragrances,5.1 oz,$99.99,$150.00,https://www.jomashop.com/giorgio-armani-ladies-si-edp-spray-5-1-oz-fragrances-3614270952654.html
GIORGIO ARMANI,Ladies Si EDP Spray 5.0 oz Fragrances 8431240098021,,,,https://www.jomashop.com/giorgio-armani-ladies-si-edp-spray-5-0-oz-fragrances-8431240098021.html
GIORGIO ARMANI,Ladies Si Gift Set Fragrances 3614273951203,,,,https://www.jomashop.com/giorgio-armani-ladies-si-gift-set-fragrances-3614273951203.html
GOLDFIELD AND BANKS,Unisex Silky Woods Parfum Concentrate Spray 3.4 oz Fragrances,3.4 oz / 100 ml,$194.23,$259.00,https://www.jomashop.com/goldfield-and-banks-unisex-silky-woods-edp-spray-3-4-oz-fragrances-9356353000022.html
GRITTI,Ladies Gossip Night EDP Spray 3.4 oz Fragrances,,$109.95,$255.00,https://www.jomashop.com/gritti-ladies-gossip-night-edp-spray-3-4-oz-fragrances-8052204136285.html
MONTALE,Chocolate Greedy / EDP Spray 1.7 oz (50 ml) (u),1.7 oz / 50 ml,$49.99,$120.00,https://www.jomashop.com/montale-perfume-cgyes17.html
MONTALE,Chocolate Greedy / EDP Spray 3.3 oz (100 ml) (u),3.3 oz,$59.99,$180.00,https://www.jomashop.com/montale-perfume-cgyes33.html
RALPH LAUREN,Men's Ralph's Club Parfum Gift Set Fragrances,Gift Set,$59.99,$141.00,https://www.jomashop.com/ralph-lauren-mens-ralphs-club-gift-set-fragrances-3605972784513.html
RALPH LAUREN,Men's Ralph's Club Parfum Parfum 0.33 oz Fragrances,0.33 oz / 10 ml,$15.99,,https://www.jomashop.com/ralph-lauren-mens-ralphs-club-parfum-parfum-0-33-oz-fragrances-3605972698827.html
RALPH LAUREN,Men's Ralph's Club Parfum 3.4 oz (Tester) Fragrances,3.4 oz / 100 ml - Tester,$59.99,$140.00,https://www.jomashop.com/ralph-lauren-mens-ralphs-club-parfum-edp-3-4-oz-tester-fragrances-3605972699022-35535.html
DOLCE & GABBANA,Ladies Devotion EDP Spray 3.4 oz Fragrances,3.4 oz / 100 ml,$76.99,$170.00,https://www.jomashop.com/dolce-and-gabbana-ladies-devotion-edp-spray-3-4-oz-fragrances-8057971183739.html
COACH,Floral / EDP Spray 1.0 oz (30 ml) (w),1.0 oz / 30 ml,$31.99,$75.00,https://www.jomashop.com/floral-coach-edp-spray-1-0-oz-30-ml-w-frles1-3386460095365.html
COACH,Floral / EDP Spray 1.7 oz (50 ml) (w),,,,https://www.jomashop.com/floral-coach-edp-spray-1-7-oz-50-ml-w-frles17-3386460095358.html
COACH,Ladies Floral EDP Spray 3 oz (Tester) Fragrances,3.0 oz / 90 ml - Tester,$39.97,$118.00,https://www.jomashop.com/coach-ladies-floral-edp-spray-3-oz-tester-fragrances-3386460095372.html
COACH,Floral / EDP Spray 3.0 oz (90 ml) (w),3.0 oz / 90 ml,$49.99,$118.00,https://www.jomashop.com/floral-coach-edp-spray-3-0-oz-90-ml-w-frles3-3386460095341.html
COACH,Floral 3pc Gift Set Fragrances For Ladies 3386460138703,,,,https://www.jomashop.com/coach-3pc-floral-gift-set-fragrances-for-ladies-3386460138703.html
XERJOFF,Ladies Casamorati Dama Bianca EDP 1.0 oz Fragrances,1.0 oz / 30 ml,$94.99,$125.00,https://www.jomashop.com/xerjoff-ladies-casamorati-1888-dama-bianca-edp-1-0-oz-fragrances-8033488154523.html
XERJOFF,Ladies Casamorati Dama Bianca EDP Spray 3.4 oz (Tester) Fragrances,3.4 oz / 100 ml - Tester,$124.99,$305.00,https://www.jomashop.com/xerjoff-ladies-dama-bianca-edp-spray-3-4-oz-tester-fragrances-8033488152222.html
XERJOFF,Ladies Casamorati 1888 Dama Bianca EDP 3.4 oz (100 ml),3.4 oz / 100 ml,$174.99,$305.00,https://www.jomashop.com/xerjoff-ladies-casamorati-1888-dama-bianca-edp-3-4-oz-fragrances-8033488151652.html
DIOR,Men's Homme EDT Spray 1.7 oz Fragrances,,$94.99,$105.00,https://www.jomashop.com/ch-dior-diomts17.html
DIOR,Men's Homme EDT Spray 3.4 oz Fragrances,3.4 oz,$104.99,$120.00,https://www.jomashop.com/christian-dior-perfume-dommts34.html
DIOR,Men's Homme EDT Spray 5.0 oz Fragrances,5.0 oz / 150 ml,$129.99,$155.00,https://www.jomashop.com/christian-dior-mens-dior-homme-edt-spray-5-oz-fragrances-3348901544092.html
DIOR,Homme 2020 / Christian After Shave Balm 3.4 oz (100 ml) (m),Aftershave,$74.99,,https://www.jomashop.com/dior-homme-christian-dior-after-shave-balm-3-4-oz-100-ml-m-diomab34b-3348901484879.html
TIZIANA TERENZI,Unisex Extrait de Parfum Ursa EDP Spray 3.4 oz (Tester) Fragrances,3.4 oz / 100 ml - Tester,$108.99,$375.00,https://www.jomashop.com/tiziana-terenzi-unisex-extrait-de-parfum-ursa-edp-spray-3-4-oz-tester-fragrances-8016741902437.html
TIZIANA TERENZI,Unisex Ursa Extrait de Parfum Spray 3.4 oz Fragrances,3.4 oz,$114.99,$375.00,https://www.jomashop.com/tiziana-terenzi-unisex-ursa-edp-spray-3-4-oz-fragrances-8016741652431.html
TIZIANA TERENZI,Unisex Ursa Extrait de Parfum Spray 3.3 oz (Tester) Fragrances 000950030134,,,,https://www.jomashop.com/tiziana-terenzi-unisex-ursa-extrait-de-parfum-spray-3-3-oz-tester-fragrances-000-950030134-000950030134.html
FRAGRANCE WORLD,Men's Azzure Aoud EDP Spray 3.4 oz Fragrances,,$39.99,$75.00,https://www.jomashop.com/fragrance-world-mens-azzure-aoud-edp-spray-3-4-oz-fragrances-6290360375687.html
SOSPIRO,Unisex Erba Pura Magica EDP 3.4 oz Fragrances,,$179.99,$295.00,https://www.jomashop.com/sospiro-unisex-erba-pura-magica-edp-3-4-oz-fragrances-3700583501419.html
GUCCI,Men's Guilty pour Homme EDT Spray 1.6 oz (50 ml),1.6 oz / 50 ml,$47.99,$99.00,https://www.jomashop.com/gucci-mens-gucci-guilty-pour-homme-edt-spray-1-6-oz-fragrances-737052339207-ggymts16-a.html
GUCCI,Guilty Pour Homme / EDT Spray 3.0 oz (m),3.0 oz / 90 ml,$61.99,$138.00,https://www.jomashop.com/gucci-ggymts3.html
GUCCI,Men's Guilty EDT Spray 3 oz (Tester) Fragrances,3.0 oz / 90 ml - Tester,$64.99,$120.00,https://www.jomashop.com/gucci-mens-guilty-edt-spray-3-oz-tester-fragrances-737052339054.html
GUCCI,Guilty Pour Homme / EDT Spray 5.0 oz (150 ml) (m),5.0 oz / 150 ml,$82.99,$167.00,https://www.jomashop.com/gucci-perfume-ggymts5-a.html
GUCCI,Men's Guilty Pour Homme Gift Set Fragrances,Gift Set,$69.99,$145.00,https://www.jomashop.com/gucci-mens-gucci-guilty-pour-homme-gift-set-fragrances-3616304104367.html
GUCCI,Guilty / Beauty Wishes Set (M),Gift Set,$69.99,$100.00,https://www.jomashop.com/gucci-guilty-gucci-beauty-wishes-set-m-3616303459598.html
MIND GAMES,Unisex Castling Extrait de Parfum Spray 3.4 oz Fragrances,,$309.99,$395.00,https://www.jomashop.com/mind-games-unisex-castling-extrait-de-parfum-spray-3-4-oz-fragrances-850034671154.html
CREED,Bois Du Portugal / EDP Spray 1.7 oz (50 ml) (m),1.7 oz / 50 ml,$184.99,$340.00,https://www.jomashop.com/creed-perfume-cbpmes17.html
CREED,Bois Du Portugal EDP Spray 3.4 oz (Tester) Fragrances,3.4 oz / 100 ml - Tester,$209.99,$450.00,https://www.jomashop.com/creed-creed-bois-du-portugal-edp-spray-3-4-oz-tester-fragrances-3508440561008.html
CREED,Bois Du Portugal / EDP Spray 3.3 oz (100 ml) (m),3.3 oz / 100 ml,$249.99,$470.00,https://www.jomashop.com/creed-perfume-cbpmes33.html
KAJAL,Unisex III EDP 3.3 oz Fragrances,,$149.99,$230.00,https://www.jomashop.com/kajal-unisex-kajal-iii-edp-3-3-oz-fragrances-3760310291235.html
PACO RABANNE,Men's One Million Royal Parfum 0.34 oz Fragrances,0.34 oz,$19.99,$40.00,https://www.jomashop.com/paco-rabanne-mens-one-million-royal-parfum-0-34-oz-fragrances-3349668618194.html
PACO RABANNE,Men's 1 Million Royal Parfum 3.4 oz (Tester) Fragrances,3.4 oz / 100 ml - Tester,$79.99,$140.00,https://www.jomashop.com/paco-rabanne-mens-1-million-royal-edp-3-4-oz-tester-fragrances-3349668617081.html
PACO RABANNE,Men's 1 Million Royal EDP Spray 6.7 oz Fragrances,6.7 oz / 200 ml,$119.99,$175.00,https://www.jomashop.com/paco-rabanne-mens-1-million-royal-edp-spray-6-7-oz-fragrances-3349668617067.html
CREED,Men's Viking Cologne EDP 1.7 oz Fragrances,1.7 oz / 50 ml,$179.99,$365.00,https://www.jomashop.com/creed-mens-viking-cologne-edp-1-7-oz-fragrances-3508441001367.html
CREED,Men's Viking Cologne EDP Spray 3.4 oz (Tester) Fragrances,3.4 oz / 100 ml - Tester,$187.99,$495.00,https://www.jomashop.com/creed-fragrances-3508441001374-3-4oz.html
CREED,Men's Viking EDP Spray 3.3 oz (Tester) Fragrances,3.3 oz,$209.99,$495.00,https://www.jomashop.com/creed-mens-viking-edp-spray-3-4-oz-tester-fragrances-3508440561169.html
CALVIN KLEIN,Unisex Ck One EDT Spray 0.04 oz Fragrances 0,0.04 oz,$7.99,,https://www.jomashop.com/calvin-klein-unisex-ck-one-edt-spray-0-04-oz-fragrances-0-31655872612-031655872612.html
CALVIN KLEIN,Ck One / EDT Splash 0.5 oz (15 ml) (u),0.5 oz,$9.49,$30.00,https://www.jomashop.com/calvin-klein-perfume-onet05b.html
CALVIN KLEIN,CK One by 1.7 oz. EDT Spray,1.7 oz / 50 ml,$19.99,$59.00,https://www.jomashop.com/frg-ck-one-1-7-oz.html
CALVIN KLEIN,Ck One / EDT Spray Unboxed With Security Tag 0.68 oz (U),0.68 oz,$19.99,$30.00,https://www.jomashop.com/ck-one-calvin-klein-edt-spray-unboxed-with-security-tag-0-68-oz-u-3607342297142.html
SALVATORE FERRAGAMO,Men's Uomo Signature EDP Spray 3.4 oz (Tester) Fragrances,3.4 oz / 100 ml - Tester,$32.99,$103.00,https://www.jomashop.com/salvatore-ferragamo-mens-uomo-signature-edp-spray-3-4-oz-tester-fragrances-8056860211195.html
SALVATORE FERRAGAMO,Men's UOMO Signature EDP 3.4 oz (100ml),3.4 oz / 100 ml,$39.97,$103.00,https://www.jomashop.com/salvatore-ferragamo-mens-uomo-edp-3-4-oz-100ml-8052086374843.html
SALVATORE FERRAGAMO,Men's Uomo Signature EDP Spray 3.4 oz Fragrances,3.4 oz / 100 ml,$54.99,$102.00,https://www.jomashop.com/salvatore-ferragamo-mens-uomo-signature-edp-spray-3-4-oz-fragrances-052086374843.html
SALVATORE FERRAGAMO,Men's Uomo AfterShave Balm 3.4 oz Skin Care 8052086377998,,,,https://www.jomashop.com/salvatore-ferragamo-mens-uomo-aftershave-balm-3-4-oz-skin-care-8052086377998.html
DIPTYQUE,Ladies Eau Rose EDT Spray 1.7 oz Fragrances,1.7 oz / 50 ml,$109.99,$130.00,https://www.jomashop.com/diptyque-ladies-eau-rose-edt-spray-1-7-oz-fragrances-3700431425652.html
DIPTYQUE,Eau Rose by for Women - 3.4 oz EDT Spray,3.4 oz / 100 ml,$132.99,$175.00,https://www.jomashop.com/eau-rose-by-diptyque-for-women-3-4-oz-edt-spray-3700431405531.html
GUCCI,Ladies Guilty Elixir de Parfum ExDP Spray 2.03 oz Fragrances,,$98.95,$175.00,https://www.jomashop.com/gucci-ladies-guilty-elixir-edp-spray-2-03-oz-fragrances-3616304175916.html
BOND NO.9,Unisex New York Gardenia EDP Spray 3.4 oz (Tester) Fragrances,3.4 oz / 100 ml - Tester,$162.99,$460.00,https://www.jomashop.com/bond-no-9-unisex-new-york-gardenia-edp-spray-3-4-oz-tester-fragrances-t888874008380.html
BOND NO.9,Unisex New York Gardenia EDP Spray 3.4 oz Fragrances,3.4 oz / 100 ml,$219.99,$529.00,https://www.jomashop.com/bond-no-9-unisex-new-york-gardenia-edp-spray-3-4-oz-fragrances-888874008380.html
LATTAFA,Unisex Ana Abiyedh Rouge EDP Spray 2.03 oz Fragrances,,$15.49,$50.00,https://www.jomashop.com/lattafa-unisex-ana-abiyedh-rouge-edp-spray-2-03-oz-fragrances-6291107454412.html
ELECTIMUSS FRAGRANCES,Unisex Mercurial Cashmere Parfum 3.4 oz Fragrances,,$154.99,$310.00,https://www.jomashop.com/electimuss-fragrances-unisex-mercurial-cashmere-edp-3-4-oz-fragrances-5060485382577.html
FRAGRANCE WORLD,Unisex Royal Blend Nero Extrait de Parfum Spray 3.4 oz Fragrances,,$29.99,$60.00,https://www.jomashop.com/fragrance-world-unisex-royal-blend-nero-extrait-de-parfum-spray-3-4-oz-fragrances-6290360375601.html
VALENTINO GARAVANI,- Valentino Donna Born In Roma Yellow Dream Eau De Parfum Spray 50ml/1.7oz,1.7 oz / 50 ml,$74.99,$135.00,https://www.jomashop.com/valentino-valentino-donna-born-in-roma-yellow-dream-eau-de-parfum-spray-50ml-1-7oz-3614273261357.html
VALENTINO GARAVANI,- Valentino Donna Born In Roma Yellow Dream Eau De Parfum Spray 100ml/3.4oz,3.4 oz / 100 ml,$95.48,$180.00,https://www.jomashop.com/valentino-valentino-donna-born-in-roma-yellow-dream-eau-de-parfum-spray-100ml-3-4oz-3614273261401.html
TIZIANA TERENZI,Unisex Gumin Extrait de Parfum Spray 3.38 oz (Tester) Fragrances 8016741082719,,,,https://www.jomashop.com/tiziana-terenzi-unisex-gumin-extrait-de-parfum-spray-3-38-oz-tester-fragrances-8016741082719.html
TIZIANA TERENZI,Unisex Gumin Extrait de Parfum Spray 100 ml/ 3.4 oz,3.4 oz,$194.99,$500.00,https://www.jomashop.com/tiziana-terenzi-unisex-gumin-extrait-de-parfum-spray-100-ml-3-4-oz-8016741602559.html
JO MILANO,Unisex Game Of Spade King Parfum 3.4 oz Fragrances,,$55.00,$220.00,https://www.jomashop.com/jo-milano-unisex-game-of-spade-king-edp-3-4-oz-fragrances-860009248601.html
BYREDO,Unisex De Los Santos EDP Spray 1.7 oz Fragrances 7340032862645,,,,https://www.jomashop.com/byredo-unisex-de-los-santos-edp-spray-1-7-oz-fragrances-7340032862645.html
BYREDO,Unisex De Los Santos EDP Spray 3.4 oz Fragrances,3.4 oz / 100 ml,$184.99,$326.00,https://www.jomashop.com/byredo-unisex-de-los-santos-edp-spray-3-4-oz-fragrances-7340032862621.html
TOM FORD,Unisex Ombre Leather Parfum Spray 1.7 oz Fragrances,1.7 oz / 50 ml,$121.99,$195.00,https://www.jomashop.com/tom-ford-unisex-ombre-leather-edp-spray-1-7-oz-fragrances-888066117685.html
TOM FORD,Men's Private Blend Fucking Fabulous EDP Spray 1 oz Fragrances,1.0 oz / 30 ml,$159.99,$250.00,https://www.jomashop.com/tom-ford-mens-private-blend-fucking-fabulous-edp-spray-1-oz-fragrances-888066094177.html
TOM FORD,- F*cking Fabulous Eau De Parfum Spray 50ml/1.7oz Private Blend,1.7 oz / 50 ml,$236.99,$395.00,https://www.jomashop.com/tom-ford-private-blend-fabulous-eau-de-parfum-spray-50ml-1-7oz-888066083379.html
TOM FORD,Unisex Fucking Fabulous EDP Spray 3.38 oz (Tester) Fragrances 0,3.38 oz / 100 ml - Tester,$324.99,$595.00,https://www.jomashop.com/tom-ford-unisex-fucking-fabulous-edp-spray-3-38-oz-tester-fragrances-0-880457301269-0880457301269.html
TOM FORD,Fucking Fabulous 3.4 oz Unisex Eau de Parfum (Censored Packaging) Private Blend,3.4 oz / 100 ml,$349.99,$595.00,https://www.jomashop.com/tom-ford-fucking-fabulous-3-4-oz-unisex-eau-de-parfum-888066094160.html
TOM FORD,Men's Private Blend Fucking Fabulous EDP Spray 3.4 oz (100 ml),3.4 oz,$354.99,$570.00,https://www.jomashop.com/tom-ford-mens-private-blend-fucking-fabulous-edp-spray-3-4-oz-fragrances-888066094153.html
MARC JACOBS,Ladies Daisy Wild EDP Spray 0.33 oz Fragrances,0.33 oz / 10 ml,$24.99,,https://www.jomashop.com/marc-jacobs-ladies-daisy-wild-edp-spray-0-33-oz-fragrances-3616305168788.html
MARC JACOBS,Ladies Daisy Wild EDP 1.0 oz Fragrances 3616304254871,,,,https://www.jomashop.com/marc-jacobs-ladies-daisy-wild-edp-1-0-oz-fragrances-3616304254871.html
MARC JACOBS,Ladies Daisy Wild EDP 1.7 oz Fragrances,1.7 oz / 50 ml,$69.99,$125.00,https://www.jomashop.com/marc-jacobs-ladies-daisy-wild-edp-1-7-oz-fragrances-3616304254888.html
MARC JACOBS,Ladies Daisy Wild EDP Spray 3.38 oz (Tester) Fragrances 0,3.38 oz / 100 ml - Tester,$69.99,$160.00,https://www.jomashop.com/marc-jacobs-ladies-daisy-wild-edp-spray-3-38-oz-tester-fragrances-0-604523015875-0604523015875.html
MARC JACOBS,Ladies Daisy Wild EDP Spray 3.4 oz Fragrances,3.4 oz / 100 ml,$94.99,$160.00,https://www.jomashop.com/marc-jacobs-ladies-daisy-wild-edp-spray-3-4-oz-fragrances-3616303466060.html
VERSACE,Eros by EDP Spray 1.7 oz (50 ml) (w),1.7 oz / 50 ml,$42.99,$92.00,https://www.jomashop.com/versace-perfume-vrees17.html
VERSACE,Ladies Eros pour Femme EDP Spray 3.4 oz (100 ml) (Tester),3.4 oz / 100 ml - Tester,$49.99,$130.00,https://www.jomashop.com/versace-ladies-eros-pour-femme-edp-spray-3-4-oz-tester-fragrances-8011003823581.html
VERSACE,Eros by EDP Spray 3.4 oz (100 ml) (w),3.4 oz,$59.99,$130.00,https://www.jomashop.com/versace-perfume-vrees34.html
PARFUMS DE MARLY,Percival Percival Eau de Parfum 2.5 oz (75 ml),,,,https://www.jomashop.com/parfums-de-marly-percival-percival-eau-de-parfum-75-ml-2-5-oz-3700578523037.html
PARFUMS DE MARLY,Men's Percival EDP Spray 4.2 oz (125 ml),,,,https://www.jomashop.com/parfums-de-marly-mens-percival-edp-spray-4-2-oz-fragrances-3700578523006.html
PARFUMS DE MARLY,Men's Percival EDP 6.7 oz Fragrances 3700578503152,,,,https://www.jomashop.com/parfums-de-marly-mens-percival-edp-6-7-oz-fragrances-3700578503152.html
PARFUMS DE MARLY,Men's Percival Gel 1.7 oz Bath & Body 3700578502612,,,,https://www.jomashop.com/parfums-de-marly-mens-percival-gel-1-7-oz-bath-body-3700578502612.html
PARFUMS DE MARLY,Men's Percival Shower Gel Gel 6.8 Oz Fragrances 3700578502575,,,,https://www.jomashop.com/parfums-de-marly-mens-percival-shower-gel-gel-6-8-oz-fragrances-3700578502575.html
JEAN PAUL GAULTIER,Ladies Divine EDP Spray 3.4 oz (100 ml),,,,https://www.jomashop.com/jean-paul-gaultier-ladies-divine-edp-spray-3-4-oz-fragrances-8435415076838.html
BOND NO.9,Coney Island / EDP Spray 1.7 oz (u),,,,https://www.jomashop.com/bond-no-9-fragrances-9coies17b-1-7oz.html
TOM FORD,Unisex Oud Minerale 2023 EDP Spray 3.4 oz Fragrances 888066144254,,,,https://www.jomashop.com/tom-ford-unisex-oud-minerale-2023-edp-spray-3-4-oz-fragrances-888066144254.html
CLINIQUE,Happy For Men/ Cologne EDT Spray 3.4 Oz (M),,,,https://www.jomashop.com/clinique-hapmcs34.html
UNIQUE'E LUXURY,Unisex Ocean The Rive Extrait de Parfum Spray 3.4 oz Fragrances 8684777360035,,,,https://www.jomashop.com/uniquee-luxury-unisex-ocean-the-rive-extrait-de-parfum-3-4-oz-fragrances-8684777360035.html
CAROLINA HERRERA,Men's Bad Boy Elixir EDP Spray 3.4 oz Fragrances 8411061106297,,,,https://www.jomashop.com/carolina-herrera-mens-bad-boy-elixir-edp-spray-3-4-oz-fragrances-8411061106297.html
GRITTI,Unisex Super Nova Extrait de Parfum Spray 3.4 oz Fragrances 8052204136865,,,,https://www.jomashop.com/gritti-unisex-super-nova-extrait-de-parfum-spray-3-4-oz-fragrances-8052204136865.html
ESCENTRIC MOLECULES,Men's Escentric 01 EDT Spray 3.4 oz (100 ml),,,,https://www.jomashop.com/escentric-molecules-mens-escentric-01-edt-spray-3-4-oz-fragrances-5060103310012.html
THE HARMONIST,Unisex Moon Glory Parfum 1.7 oz Fragrances 3760284781039,,,,https://www.jomashop.com/the-harmonist-unisex-moon-glory-parfum-1-7-oz-fragrances-3760284781039.html
ARABIAN OUD,Men's Al Fareed EDP Spray 3.4 oz Fragrances 6281101825462,,,,https://www.jomashop.com/arabian-oud-mens-al-fareed-edp-spray-3-38-oz-fragrances-6281101825462.html
TOM FORD,Cherry Smoke EDP Spray 1.7 oz Private Blend 888066143189,,,,https://www.jomashop.com/tom-ford-cherry-smoke-edp-spray-1-7-oz-fragrances-888066143189.html
CREED,Ladies Carmina EDP Spray 1.0 oz Fragrances 3508440251428,,,,https://www.jomashop.com/creed-ladies-carmina-edp-spray-1-0-oz-fragrances-3508440251428.html
YVES SAINT LAURENT,Ladies Black Opium Le Parfum 3 oz (Tester) Fragrances 3614273913393,,,,https://www.jomashop.com/yves-saint-laurent-ladies-black-opium-le-parfum-3-oz-tester-fragrances-3614273913393.html
THOMAS KOSMALA,Unisex No. 5 Frenesie EDP 3.4 oz Fragrances 5060412110242,,,,https://www.jomashop.com/thomas-kosmala-unisex-no-5-frenesie-edp-3-4-oz-fragrances-5060412110242.html
CALVIN KLEIN,Eternity Men / EDT Spray 6.7 oz (m) (200 ml),,,,https://www.jomashop.com/calvin-klein-perfume-etemts67.html
ARMAF,Men's Tres Nuit EDP 3.4 oz Fragrances 6085010094663,,,,https://www.jomashop.com/armaf-mens-tres-nuit-edt-3-4-oz-fragrances-6085010094663.html
CREED,Men's Erolfa EDP Spray 3.4 oz (Tester) Fragrances 3508440561015,,,,https://www.jomashop.com/creed-mens-erolfa-edp-spray-3-4-oz-tester-fragrances-3508440561015.html
VIKTOR & ROLF,Ladies Flowerbomb Tiger Lily EDP Spray 3.4 oz Fragrances 3614274081183,,,,https://www.jomashop.com/viktor-rolf-ladies-flowerbomb-tiger-lily-edp-spray-3-4-oz-fragrances-3614274081183.html
BENTLEY,For Men Intense by Fragrances EDP Spray 3.4 oz (100 ml) (m),,,,https://www.jomashop.com/bentley-for-men-intense-by-bentley-fragrances-edp-spray-3-4-oz-100-ml-m-7640111497547.html
JEAN PAUL GAULTIER,Ladies La Belle Le Parfum EDP Spray 1.7 oz Fragrances 8435415049405,,,,https://www.jomashop.com/jean-paul-gaultier-ladies-la-belle-le-parfum-edp-spray-1-7-oz-fragrances-8435415049405.html
BDK PARFUMS,Unisex Citrus Riviera EDP 3.4 oz Fragrances 3760035450450,,,,https://www.jomashop.com/bdk-parfums-unisex-citrus-riviera-edp-3-4-oz-fragrances-3760035450450.html
ROJA PARFUMS,Unisex Amber Aoud Parfum 3.4 oz Fragrances 5060270291015,,,,https://www.jomashop.com/roja-parfums-unisex-amber-aoud-edp-spray-3-4-oz-fragrances-5060270291015.html
PENHALIGON'S,Men's The Omniscient Mr Thompson EDP Spray 2.5 oz Fragrances 5056245019975,,,,https://www.jomashop.com/penhaligons-mens-mr-thompson-edp-spray-2-5-oz-fragrances-5056245019975.html
ZIMAYA,Unisex Inekas Luna EDP Spray 3.4 oz Fragrances 6290171074793,,,,https://www.jomashop.com/zimaya-unisex-inekas-luna-edp-spray-3-4-oz-fragrances-6290171074793.html
LATTAFA,Pride Art Of Arabia I EDP 3.4 oz Fragrances 6290360591988,,,,https://www.jomashop.com/lattafa-pride-art-of-arabia-i-edp-3-4-oz-fragrances-6290360591988.html
MIND GAMES,Unisex Rose Absolute Prodigy Patchouli Extrait de Parfum Spray 3.4 oz Fragrances 850054846457,,,,https://www.jomashop.com/mind-games-unisex-rose-absolute-patchouli-extrait-de-parfum-spray-3-4-oz-fragrances-850054846457.html
GIORGIO ARMANI,Men's Acqua di Gio EDP Spray 6.7 oz Fragrances 3614273954297,,,,https://www.jomashop.com/giorgio-armani-mens-acqua-di-gio-edp-spray-6-7-oz-fragrances-3614273954297.html
NISHANE,Safran Cologniese 3.4 oz EDP Spray,,,,https://www.jomashop.com/nishane-safran-cologniese-3-4-oz-edp-spray-8681008055203.html
JO MILANO,Mini Set Gift Set Fragrances 850051043330,,,,https://www.jomashop.com/jo-milano-mini-set-gift-set-fragrances-850051043330.html
PACO RABANNE,Men's Invictus Platinum EDP Spray 1.7 oz Fragrances 3349668599080,,,,https://www.jomashop.com/paco-rabanne-ladies-invictus-platinum-edp-spray-1-7-oz-fragrances-3349668599080.html
MANCERA,Unisex Hindu Kush EDP Spray 4.0 oz Fragrances 3760265192076,,,,https://www.jomashop.com/mancera-mens-hindu-kush-edp-spray-4-oz-fragrances-3760265192076.html
CARTIER,Men's Pasha De Parfum 3.4 oz Fragrances 3432240504197,,,,https://www.jomashop.com/cartier-mens-pasha-parfum-3-4-oz-fragrances-3432240504197.html
VERSACE,Ladies Pour Femme Dylan Purple EDP 3.4 oz (Tester) Fragrances 8011003876327,,,,https://www.jomashop.com/versace-ladies-pour-femme-dylan-purple-edp-3-4-oz-tester-fragrances-8011003876327.html
NISHANE,Fan Your Flames X Extrait de Parfum 3.4 oz Fragrance 8683608071027,,,,https://www.jomashop.com/nishane-fan-your-flames-x-extrait-de-parfum-3-4-oz-fragrance-8683608071027.html
MAISON MARGIELA,Unisex Replica Afternoon Delight EDT Spray 3.4 oz Fragrances 3614274226454,,,,https://www.jomashop.com/maison-margiela-unisex-replica-afternoon-delight-edt-spray-3-4-oz-fragrances-3614274226454.html
MANCERA,Unisex Fig Me Up EDP Spray 4.0 oz Fragrances 3760265195008,,,,https://www.jomashop.com/mancera-unisex-fig-me-up-edp-spray-4-0-oz-fragrances-3760265195008.html
LATTAFA,Unisex Petra EDP Spray 3.4 oz Fragrances 6290360598796,,,,https://www.jomashop.com/lattafa-unisex-petra-edp-spray-3-4-oz-fragrances-6290360598796.html
BOADICEA THE VICTORIOUS,Unisex Complex 2020 Extrait de Parfum Spray 3.4 oz Fragrances 5060475232387,,,,https://www.jomashop.com/boadicea-the-victorious-unisex-complex-edp-spray-3-4-oz-fragrances-5060475232387.html
YVES SAINT LAURENT,Men's La Nuit L'Homme Gift Set Fragrances 3660732601493,,,,https://www.jomashop.com/yves-saint-laurent-mens-la-nuit-lhomme-gift-set-fragrances-3660732601493.html
NARCISO RODRIGUEZ,Ladies For Her EDP Spray 3.4 oz (Tester) Fragrances 3423478901285,,,,https://www.jomashop.com/narciso-rodriguez-ladies-for-her-edp-spray-3-4-oz-tester-fragrances-3423478901285.html
BVLGARI,Men's Man Wood Essence Gift Set Fragrances 783320418693,,,,https://www.jomashop.com/bvlgari-mens-man-wood-essence-gift-set-fragrances-783320418693.html
EMPER,Unisex Stallion 53 EDP Spray 3.4 oz Fragrances 6291108524893,,,,https://www.jomashop.com/emper-unisex-stallion-53-edp-spray-3-4-oz-fragrances-6291108524893.html
ARMAF,Men's Checkmate King EDP Spray 3.4 oz Fragrances 6294015188134,,,,https://www.jomashop.com/armaf-mens-checkmate-king-edp-spray-3-4-oz-fragrances-6294015188134.html
AMOUAGE,Ladies Imitation EDP Spray 3.4 oz (100 ml),,,,https://www.jomashop.com/giorgio-armani-ladies-imitation-edp-spray-3-4-oz-fragrances-701666320128.html
AMOUAGE,Men's Gold EDP Spray 3.4 oz Fragrances 701666410171,,,,https://www.jomashop.com/amouage-mens-gold-edp-spray-3-4-oz-fragrances-701666410171.html
THIERRY MUGLER,(MUGLER) - Angel Nova Eau De Parfum Refillable Spray 100ml/3.4oz,,,,https://www.jomashop.com/thierry-mugler-mugler-angel-nova-eau-de-parfum-refillable-spray-100ml-3-4oz-3439600049862.html
DIOR,Men's Homme EDT Spray 5.0 oz Fragrances 3348901544092,,,,https://www.jomashop.com/christian-dior-mens-dior-homme-edt-spray-5-oz-fragrances-3348901544092.html
BOND NO.9,So New York / EDP Spray 3.3 oz (100 ml) (w),,,,https://www.jomashop.com/bond-no-9-perfume-9snyes33b.html
BURBERRY,Ladies Goddess EDP Spray 3.4 oz (Tester) Fragrances 3616302020683,,,,https://www.jomashop.com/burberry-ladies-goddess-edp-spray-3-4-oz-tester-fragrances-3616302020683-71164.html
FRENCH AVENUE X AROMATIX,Unisex Royal Taboo EDP Spray 3.3 oz Fragrances 6290360379227,,,,https://www.jomashop.com/french-avenue-unisex-royal-taboo-aromatix-edp-spray-3-3-oz-fragrances-6290360379227.html
BURBERRY,Ladies Goddess EDP 1.7 oz Fragrances 3616302020676,,,,https://www.jomashop.com/burberry-ladies-goddess-edp-1-7-oz-fragrances-3616302020676.html
DAVIDOFF,Men's Cool Water EDT Spray 4.2 oz Fragrances 3414202000572,,,,https://www.jomashop.com/coolwater-men-davidoff-edt-spray-4-2-oz-m-3414202000572.html
